ID,Phase,Year,Sex_Male,Age,Is_Married,Has_Child,Income,Income_Missing,Job_Employed,Job_Homemaker,Job_Student,Job_Unemployed,Job_Other,Activity,Exercise,Healthy_Diet,Healthy_Sleep,Interaction_Offline,Interaction_Online,Altruistic,Frustration,Optimism,Covid_Anxiety,Covid_Sleepless,Deterioration_Economy,Deterioration_Interact,Difficulty_Living,Difficulty_Work,Socially_Isolated
1,1,2020,1,53,1,1,4,0,1,0,0,0,0,4,1,6,4,5,5,5,5,4,5,5,4,5,5,5,1
2,1,2020,0,66,1,1,5,0,0,1,0,0,0,6,7,6,7,7,6,7,4,4,5,1,2,1,1,4,0
3,1,2020,1,48,0,0,3,0,1,0,0,0,0,3,5,5,7,1,1,5,1,4,2,1,1,1,5,2,1
4,1,2020,1,62,1,1,5,0,1,0,0,0,0,5,6,6,6,2,2,6,2,4,2,2,2,2,2,2,1
5,1,2020,1,59,1,1,5,0,1,0,0,0,0,1,1,3,3,3,3,3,3,3,3,3,3,3,3,3,0
6,1,2020,1,58,0,1,3,0,1,0,0,0,0,4,1,4,4,4,4,4,4,4,4,4,5,4,4,4,1
7,1,2020,1,65,1,1,2,0,1,0,0,0,0,6,7,6,6,6,6,6,6,5,5,6,6,6,5,5,1
8,1,2020,1,49,0,0,0,1,1,0,0,0,0,4,3,3,4,1,1,7,4,2,4,4,6,4,6,6,1
9,1,2020,1,42,0,0,4,0,0,0,0,0,1,4,4,4,5,7,1,6,4,3,6,2,1,1,3,6,1
10,1,2020,1,51,0,0,4,0,1,0,0,0,0,3,4,5,7,1,1,7,4,7,7,1,4,1,7,7,1
11,1,2020,1,66,1,1,3,0,1,0,0,0,0,2,5,4,4,2,4,6,6,4,4,2,5,4,5,6,1
12,1,2020,1,65,0,1,1,0,0,0,0,1,0,6,6,3,5,1,5,5,5,4,2,1,1,1,3,5,1
13,1,2020,1,62,0,0,4,0,1,0,0,0,0,5,1,1,5,1,1,4,1,4,1,1,4,4,1,1,1
14,1,2020,1,55,1,1,5,0,1,0,0,0,0,3,7,6,6,5,1,7,1,4,3,1,1,1,3,2,0
15,1,2020,1,51,0,0,2,0,1,0,0,0,0,5,5,2,5,1,1,1,1,1,1,1,4,1,1,1,1
16,1,2020,1,64,1,0,5,0,0,1,0,0,0,1,7,7,1,1,1,1,1,1,1,1,1,1,1,1,1
17,1,2020,1,61,1,1,0,1,1,0,0,0,0,4,4,4,4,4,4,4,4,4,3,4,4,5,4,4,0
18,1,2020,1,68,1,1,0,1,0,0,0,1,0,6,6,5,7,5,5,5,1,4,4,1,2,1,3,1,0
19,1,2020,0,48,0,0,3,0,1,0,0,0,0,5,4,5,4,4,4,4,4,4,4,4,4,4,4,4,0
20,1,2020,1,72,0,0,2,0,0,0,0,1,0,7,7,6,7,5,6,7,1,4,5,1,4,1,1,1,0
21,1,2020,0,71,0,1,1,0,0,0,0,0,1,5,4,6,7,1,6,7,1,4,3,2,5,1,5,1,1
22,1,2020,0,50,1,1,4,0,1,0,0,0,0,7,5,3,7,2,1,7,5,3,6,4,5,2,7,4,1
23,1,2020,0,45,1,1,5,0,1,0,0,0,0,7,7,7,7,7,1,7,6,5,7,1,3,2,6,6,0
24,1,2020,1,72,1,1,2,0,0,0,0,1,0,2,2,2,5,2,2,2,4,2,3,3,3,4,5,2,1
25,1,2020,1,63,1,1,5,0,1,0,0,0,0,4,5,2,5,4,4,7,2,4,2,1,4,1,1,1,0
26,1,2020,1,68,1,0,1,0,0,0,0,1,0,5,5,3,2,6,1,7,4,4,2,1,7,1,4,5,1
27,1,2020,1,61,1,1,5,0,0,1,0,0,0,5,2,5,4,5,4,6,3,5,5,5,3,2,5,4,1
28,1,2020,1,50,1,1,5,0,1,0,0,0,0,4,6,7,6,6,2,6,1,6,2,1,1,1,1,1,0
29,1,2020,1,70,1,1,3,0,0,0,0,1,0,4,5,4,5,3,3,5,4,3,5,3,4,4,4,4,0
30,1,2020,0,48,1,1,0,1,0,1,0,0,0,3,5,4,6,6,2,7,1,4,6,4,4,1,5,4,1
31,1,2020,0,54,1,1,5,0,1,0,0,0,0,5,6,4,6,7,4,7,5,5,5,1,2,4,2,6,0
32,1,2020,0,59,0,0,2,0,1,0,0,0,0,4,3,5,5,3,3,3,4,3,5,3,3,3,4,4,1
33,1,2020,0,56,0,1,3,0,1,0,0,0,0,7,1,5,7,1,5,6,5,6,6,1,7,1,5,7,1
34,1,2020,1,40,1,1,3,0,1,0,0,0,0,4,4,4,4,4,4,4,4,4,4,4,4,4,4,4,1
35,1,2020,0,48,1,0,5,0,0,1,0,0,0,5,1,4,6,1,1,7,5,3,7,2,2,1,6,1,1
36,1,2020,0,74,1,1,3,0,0,1,0,0,0,5,6,5,7,2,6,7,1,4,5,1,2,1,5,1,0
37,1,2020,1,58,1,1,3,0,1,0,0,0,0,5,1,4,6,5,1,5,1,5,4,1,5,1,5,2,0
38,1,2020,0,63,1,1,5,0,0,1,0,0,0,1,1,1,1,1,1,1,7,1,7,7,7,7,7,7,1
39,1,2020,1,56,1,1,2,0,1,0,0,0,0,1,1,6,1,1,1,1,2,1,2,2,5,1,2,4,1
40,1,2020,1,58,1,1,4,0,1,0,0,0,0,3,4,4,4,4,4,4,5,4,5,5,6,6,5,5,0
41,1,2020,0,66,1,1,2,0,0,1,0,0,0,6,7,7,7,1,1,7,5,4,5,4,1,1,2,1,1
42,1,2020,1,67,1,1,2,0,1,0,0,0,0,3,3,4,5,4,3,3,2,4,4,2,4,2,2,2,1
43,1,2020,0,55,0,1,2,0,1,0,0,0,0,6,2,1,1,1,1,1,2,1,5,1,4,1,1,4,1
44,1,2020,1,64,1,1,5,0,1,0,0,0,0,5,5,5,5,5,5,5,4,5,5,3,5,5,5,5,0
45,1,2020,0,52,1,1,4,0,0,1,0,0,0,4,4,6,5,4,1,5,4,4,2,1,4,4,4,4,0
46,1,2020,1,65,0,0,1,0,0,0,0,0,1,1,5,4,6,1,1,7,1,4,4,1,3,1,7,1,1
47,1,2020,1,61,1,1,5,0,0,0,0,1,0,5,7,5,7,5,4,3,1,5,1,1,1,1,1,1,0
48,1,2020,1,71,1,1,5,0,0,0,0,1,0,4,4,5,7,7,5,6,5,5,6,3,1,4,3,4,0
49,1,2020,0,46,1,1,0,1,1,0,0,0,0,3,3,3,7,5,2,4,4,4,1,1,4,5,5,5,0
50,1,2020,1,51,1,1,5,0,1,0,0,0,0,6,6,7,5,6,1,7,2,5,5,3,2,1,2,1,0
51,1,2020,1,58,1,1,3,0,1,0,0,0,0,3,2,1,1,1,1,2,1,1,1,1,5,1,1,6,1
52,1,2020,1,78,1,1,4,0,0,0,0,1,0,4,4,4,4,4,4,4,4,4,4,4,4,4,4,4,0
53,1,2020,1,56,0,0,4,0,1,0,0,0,0,1,1,2,6,2,1,3,1,1,2,1,2,1,5,4,1
54,1,2020,0,52,1,1,3,0,0,1,0,0,0,1,1,4,6,1,1,6,4,3,5,1,4,1,5,4,1
55,1,2020,0,60,1,1,4,0,0,1,0,0,0,4,5,6,7,2,2,7,5,4,5,2,2,4,4,2,0
56,1,2020,1,71,1,1,3,0,0,0,0,1,0,3,5,5,6,1,1,6,1,4,3,1,4,1,1,1,1
57,1,2020,1,64,0,0,1,0,0,0,0,1,0,6,1,1,2,1,1,5,1,1,1,1,1,1,1,1,1
58,1,2020,1,52,0,0,3,0,1,0,0,0,0,4,4,4,4,4,4,4,4,4,4,4,4,4,4,4,0
59,1,2020,1,56,1,0,0,1,1,0,0,0,0,5,4,4,2,1,1,6,4,4,5,1,5,2,2,5,1
60,1,2020,1,69,0,0,1,0,1,0,0,0,0,4,5,2,7,1,1,7,1,4,1,1,5,4,1,7,1
61,1,2020,1,58,1,0,4,0,1,0,0,0,0,5,1,2,6,1,1,6,6,2,3,2,5,1,5,5,1
62,1,2020,1,61,1,1,5,0,1,0,0,0,0,2,6,5,7,2,2,6,4,4,5,2,4,2,4,2,1
63,1,2020,1,65,0,0,1,0,0,0,0,1,0,3,2,3,5,3,3,3,3,4,3,3,4,3,3,3,1
64,1,2020,1,55,1,1,2,0,1,0,0,0,0,5,1,1,6,3,1,7,5,2,4,1,4,6,6,6,1
65,1,2020,1,79,1,1,2,0,0,0,0,0,1,6,6,6,6,6,6,6,1,6,5,3,3,1,5,4,0
66,1,2020,0,45,0,0,4,0,1,0,0,0,0,3,5,3,7,5,1,7,1,4,3,1,1,1,4,2,1
67,1,2020,1,59,0,0,3,0,1,0,0,0,0,2,2,2,5,1,1,7,2,5,4,3,1,2,2,2,1
68,1,2020,1,71,1,1,5,0,1,0,0,0,0,3,5,4,4,4,5,4,3,3,4,5,5,4,4,3,0
69,1,2020,0,58,1,1,2,0,0,1,0,0,0,5,7,5,6,3,3,7,1,5,2,1,4,2,1,1,1
70,1,2020,1,45,1,0,4,0,1,0,0,0,0,6,1,6,5,1,1,7,1,5,6,1,4,4,1,1,1
71,1,2020,0,54,1,1,0,1,0,0,0,0,1,7,6,6,7,1,5,7,3,4,5,4,1,1,5,5,1
72,1,2020,1,55,1,0,0,1,1,0,0,0,0,5,5,4,4,4,4,5,3,5,4,4,3,3,4,3,0
73,1,2020,1,63,1,1,5,0,1,0,0,0,0,5,5,6,7,6,2,7,1,6,2,1,1,1,5,1,0
74,1,2020,1,45,1,0,4,0,1,0,0,0,0,3,4,4,4,5,3,6,5,4,6,6,5,4,6,4,1
75,1,2020,0,53,1,1,4,0,1,0,0,0,0,1,5,5,6,1,1,5,3,2,2,1,4,1,1,4,1
76,1,2020,1,72,1,1,2,0,1,0,0,0,0,5,1,5,6,2,5,6,1,4,5,1,4,1,2,2,0
77,1,2020,0,46,0,0,2,0,1,0,0,0,0,5,5,5,4,5,5,6,3,5,5,4,5,3,6,5,0
78,1,2020,0,68,1,1,2,0,0,1,0,0,0,6,5,6,6,3,3,7,3,4,7,5,5,1,3,3,0
79,1,2020,1,56,1,0,2,0,1,0,0,0,0,5,4,5,5,5,5,5,4,5,2,2,5,5,2,5,1
80,1,2020,0,58,0,1,4,0,1,0,0,0,0,4,3,4,6,4,4,4,4,3,4,4,5,4,4,4,1
81,1,2020,1,74,1,1,2,0,1,0,0,0,0,6,6,4,6,4,5,6,2,6,2,2,3,3,2,2,0
82,1,2020,1,63,0,0,1,0,0,0,0,0,1,1,1,1,5,1,1,1,1,1,5,1,4,1,1,4,1
83,1,2020,1,78,0,1,2,0,0,0,0,0,1,5,6,6,3,1,1,6,3,4,3,1,4,1,1,1,1
84,1,2020,1,50,1,1,5,0,1,0,0,0,0,5,5,6,7,2,2,7,2,5,5,1,6,2,3,4,1
85,1,2020,1,56,1,1,4,0,1,0,0,0,0,5,6,6,5,5,5,5,3,5,4,1,5,5,6,4,1
86,1,2020,1,50,1,1,5,0,1,0,0,0,0,5,5,5,7,7,1,7,3,6,5,1,1,1,1,5,0
87,1,2020,0,48,0,0,1,0,1,0,0,0,0,2,1,1,5,5,1,5,4,4,4,4,5,3,4,4,1
88,1,2020,1,44,1,1,5,0,1,0,0,0,0,3,6,4,6,4,4,5,2,3,4,1,4,1,1,2,1
89,1,2020,1,58,1,1,5,0,1,0,0,0,0,4,4,4,4,4,4,4,4,4,4,4,4,4,4,4,0
90,1,2020,0,51,1,0,5,0,0,1,0,0,0,5,5,5,2,2,5,6,1,4,3,1,3,3,1,4,0
91,1,2020,1,57,1,0,5,0,1,0,0,0,0,4,6,3,6,2,1,7,1,5,3,1,6,1,3,5,0
92,1,2020,1,64,1,1,5,0,1,0,0,0,0,4,7,6,7,5,4,6,2,5,5,4,2,2,4,4,0
93,1,2020,1,61,1,1,2,0,1,0,0,0,0,4,4,4,4,4,4,4,4,4,4,4,4,4,5,5,1
94,1,2020,1,54,0,0,3,0,1,0,0,0,0,7,1,5,6,1,1,7,1,1,3,1,2,1,1,5,1
95,1,2020,0,41,1,1,4,0,1,0,0,0,0,1,1,1,1,1,1,1,1,1,1,1,1,1,1,1,1
96,1,2020,1,69,1,1,2,0,0,0,0,1,0,6,4,3,7,6,1,7,1,4,1,1,1,1,4,1,1
97,1,2020,1,70,0,0,2,0,0,0,0,1,0,1,1,5,6,1,1,1,1,2,1,1,1,1,1,4,1
98,1,2020,1,62,1,1,2,0,1,0,0,0,0,4,2,2,5,4,2,5,2,4,3,1,5,2,4,5,0
99,1,2020,1,49,0,0,4,0,1,0,0,0,0,6,6,5,6,6,1,6,1,4,4,1,4,1,1,1,1
100,1,2020,0,50,0,0,5,0,1,0,0,0,0,4,4,4,4,4,4,4,4,4,4,4,4,4,4,4,1
101,1,2020,0,55,1,1,3,0,1,0,0,0,0,1,1,1,1,1,1,1,1,1,1,3,1,1,5,5,1
102,1,2020,0,71,1,0,2,0,0,1,0,0,0,6,2,6,5,1,4,7,5,4,5,4,4,4,3,1,1
103,1,2020,1,55,1,1,5,0,1,0,0,0,0,3,3,3,4,4,4,4,4,4,4,4,4,4,3,4,1
104,1,2020,1,67,1,1,3,0,0,0,0,1,0,5,5,6,5,2,2,6,2,6,3,1,2,1,2,1,1
105,1,2020,1,70,1,1,4,0,0,0,0,1,0,2,6,5,7,1,4,7,4,3,5,4,1,1,3,6,0
106,1,2020,0,60,1,1,5,0,0,1,0,0,0,1,2,7,7,7,1,7,1,5,5,1,1,1,1,1,0
107,1,2020,0,58,1,1,5,0,0,1,0,0,0,5,5,5,5,5,7,7,5,7,5,5,5,5,5,5,0
108,1,2020,0,70,1,1,5,0,1,0,0,0,0,5,6,4,7,2,1,7,1,5,2,2,1,1,1,2,1
109,1,2020,1,55,1,1,5,0,1,0,0,0,0,2,3,2,1,2,1,1,1,1,1,1,1,1,1,1,0
110,1,2020,1,68,1,1,3,0,1,0,0,0,0,5,6,5,6,4,2,6,2,4,4,1,4,2,3,2,1
111,1,2020,1,49,0,0,3,0,1,0,0,0,0,4,5,3,6,1,1,6,5,4,5,1,4,2,3,4,1
112,1,2020,0,65,1,1,3,0,1,0,0,0,0,5,6,7,7,5,7,7,1,6,5,1,5,1,1,1,1
113,1,2020,1,51,1,1,4,0,1,0,0,0,0,1,1,1,1,1,1,1,5,1,3,1,1,1,1,1,1
114,1,2020,1,68,1,1,3,0,0,0,0,1,0,6,7,7,6,1,7,7,5,5,5,1,1,1,3,1,0
115,1,2020,1,50,0,0,4,0,1,0,0,0,0,3,3,5,6,2,2,6,4,4,3,1,4,1,4,2,1
116,1,2020,1,77,1,1,3,0,0,0,0,1,0,4,5,5,6,4,3,3,2,5,2,1,2,2,1,1,0
117,1,2020,1,64,0,1,2,0,0,0,0,1,0,5,6,5,4,1,1,7,2,2,5,1,4,1,2,1,0
118,1,2020,1,53,1,1,5,0,1,0,0,0,0,4,4,5,4,4,4,4,4,5,4,4,3,4,4,4,0
119,1,2020,1,68,1,1,4,0,1,0,0,0,0,1,1,2,4,4,4,4,4,4,4,4,4,4,4,4,1
120,1,2020,0,69,1,1,2,0,0,1,0,0,0,7,3,5,6,1,5,5,2,7,5,3,2,5,2,1,1
121,1,2020,1,58,1,1,5,0,1,0,0,0,0,5,5,6,5,4,1,7,1,4,3,1,2,1,2,6,1
122,1,2020,1,59,1,1,5,0,1,0,0,0,0,4,4,4,3,3,4,4,4,3,4,3,3,4,4,3,1
123,1,2020,1,49,1,1,3,0,1,0,0,0,0,2,6,4,3,4,5,7,2,1,2,1,2,7,5,7,0
124,1,2020,1,43,0,0,5,0,1,0,0,0,0,2,2,1,5,1,2,7,2,1,6,1,7,1,4,6,1
125,1,2020,1,59,1,1,5,0,1,0,0,0,0,5,5,4,6,2,5,6,1,4,5,1,4,1,2,7,0
126,1,2020,0,74,0,1,5,0,1,0,0,0,0,1,5,4,7,4,1,7,4,5,5,4,1,1,1,1,1
127,1,2020,0,51,0,0,2,0,1,0,0,0,0,5,5,5,5,5,5,5,4,5,4,4,4,4,4,4,1
128,1,2020,1,61,0,0,4,0,0,0,0,1,0,6,5,5,7,2,1,7,1,4,2,1,4,1,1,1,1
129,1,2020,1,70,1,1,5,0,1,0,0,0,0,3,5,6,4,3,3,6,2,5,2,1,2,2,2,3,1
130,1,2020,1,55,1,1,5,0,1,0,0,0,0,2,3,5,6,6,1,6,1,3,1,1,2,1,3,5,0
131,1,2020,1,53,0,0,2,0,0,0,0,0,1,4,7,5,2,1,1,7,2,1,4,1,7,1,7,6,1
132,1,2020,1,60,1,1,5,0,1,0,0,0,0,4,5,4,3,7,3,6,1,3,2,1,1,1,1,1,1
133,1,2020,1,49,1,1,4,0,1,0,0,0,0,5,1,4,7,5,1,7,7,1,7,7,7,1,7,7,1
134,1,2020,0,57,1,0,4,0,1,0,0,0,0,3,4,4,5,2,2,4,4,4,3,3,4,4,3,3,1
135,1,2020,1,57,0,0,3,0,1,0,0,0,0,1,1,1,1,1,1,1,1,1,1,1,7,1,1,1,1
136,1,2020,1,49,1,1,3,0,1,0,0,0,0,6,4,5,7,5,1,7,2,5,2,2,2,4,2,2,1
137,1,2020,1,52,1,1,5,0,1,0,0,0,0,4,7,4,5,2,5,6,4,6,4,1,2,4,5,4,1
138,1,2020,1,71,1,1,0,1,1,0,0,0,0,6,7,5,7,7,1,7,2,6,6,5,2,1,5,2,0
139,1,2020,0,65,1,1,3,0,0,1,0,0,0,6,2,6,6,2,5,6,1,6,3,1,2,1,3,2,0
140,1,2020,1,68,1,1,2,0,1,0,0,0,0,2,2,2,2,2,2,2,2,2,2,2,2,2,2,2,1
141,1,2020,1,53,0,0,4,0,1,0,0,0,0,4,6,5,4,4,4,4,4,4,4,4,4,4,4,4,1
142,1,2020,0,45,1,1,3,0,1,0,0,0,0,5,7,5,6,3,3,7,5,5,5,1,4,1,4,6,0
143,1,2020,1,52,1,1,5,0,1,0,0,0,0,6,1,1,6,2,5,5,2,4,2,2,1,1,2,2,0
144,1,2020,0,75,0,1,1,0,0,1,0,0,0,6,7,7,4,2,2,7,2,5,5,1,7,1,2,2,0
145,1,2020,1,50,0,1,2,0,1,0,0,0,0,2,1,5,6,5,1,2,1,5,3,1,2,1,3,1,0
146,1,2020,1,49,1,1,3,0,1,0,0,0,0,2,6,4,7,7,1,7,1,6,5,1,4,1,2,3,1
147,1,2020,1,53,1,1,5,0,0,0,0,0,1,6,6,4,6,7,1,7,1,6,4,1,2,1,1,5,1
148,1,2020,1,52,0,1,1,0,0,0,0,1,0,4,1,1,1,1,1,1,1,1,1,1,7,1,1,1,1
149,1,2020,0,61,1,1,5,0,0,1,0,0,0,3,4,4,4,3,3,5,3,4,4,2,1,1,2,2,1
150,1,2020,1,65,1,0,3,0,1,0,0,0,0,5,5,4,4,2,1,5,4,4,4,3,5,4,4,5,1
151,1,2020,1,59,0,0,2,0,0,0,0,1,0,2,4,3,5,4,1,7,5,2,6,2,5,2,5,2,1
152,1,2020,1,60,1,1,0,1,1,0,0,0,0,1,4,2,3,1,1,7,5,2,5,2,7,1,4,2,1
153,1,2020,1,56,1,1,5,0,1,0,0,0,0,2,6,3,3,7,1,6,1,3,2,1,2,2,1,5,1
154,1,2020,1,77,1,1,3,0,0,0,0,0,1,6,6,7,6,4,1,7,2,6,2,1,1,2,1,1,1
155,1,2020,0,68,1,0,3,0,0,1,0,0,0,4,2,4,5,2,2,7,2,4,1,1,4,1,1,1,1
156,1,2020,1,56,0,0,1,0,0,0,0,0,1,2,2,3,1,1,1,7,5,1,7,6,6,4,7,6,1
157,1,2020,1,58,1,1,3,0,1,0,0,0,0,4,4,3,4,4,4,4,3,4,3,4,4,4,3,3,1
158,1,2020,1,55,0,0,0,1,1,0,0,0,0,5,1,5,7,5,1,5,3,4,3,1,5,1,2,6,0
159,1,2020,1,48,0,0,1,0,1,0,0,0,0,6,6,6,3,1,5,6,1,1,1,1,7,1,1,5,1
160,1,2020,1,62,1,1,5,0,1,0,0,0,0,3,5,4,7,2,3,6,1,5,2,1,2,2,5,6,0
161,1,2020,1,57,0,0,5,0,1,0,0,0,0,3,5,4,6,1,1,7,5,3,6,2,6,2,3,4,1
162,1,2020,1,45,1,1,5,0,1,0,0,0,0,3,5,5,5,3,3,6,5,3,6,4,2,5,3,3,1
163,1,2020,1,73,1,1,5,0,0,0,0,1,0,5,6,6,6,1,4,6,1,4,1,1,1,1,1,1,0
164,1,2020,1,65,1,1,2,0,1,0,0,0,0,5,5,4,2,2,1,5,5,2,6,3,4,4,4,4,1
165,1,2020,1,64,1,1,2,0,0,0,0,1,0,4,5,5,4,4,1,6,2,4,5,1,3,2,3,1,1
166,1,2020,1,58,1,0,4,0,1,0,0,0,0,5,6,6,7,3,6,7,4,4,5,1,3,1,7,6,1
167,1,2020,1,44,0,0,3,0,1,0,0,0,0,3,3,4,4,4,3,4,3,3,4,3,3,4,4,4,1
168,1,2020,0,52,1,0,5,0,1,0,0,0,0,3,5,6,5,5,6,5,2,5,5,1,4,2,4,4,1
169,1,2020,1,62,0,0,2,0,1,0,0,0,0,1,1,1,1,1,1,1,1,1,1,1,1,1,1,1,1
170,1,2020,1,78,0,0,2,0,0,0,0,1,0,6,5,4,2,4,6,7,1,4,2,1,4,2,3,1,0
171,1,2020,0,77,0,1,3,0,0,0,0,1,0,6,6,6,7,6,2,7,3,4,4,2,3,1,5,1,1
172,1,2020,1,56,1,1,5,0,1,0,0,0,0,5,3,5,5,5,5,5,1,5,1,1,3,2,4,1,1
173,1,2020,1,54,0,0,2,0,1,0,0,0,0,1,1,7,7,1,1,1,4,7,1,1,4,1,1,7,1
174,1,2020,0,45,1,1,4,0,1,0,0,0,0,5,4,4,4,4,2,7,4,4,5,4,4,4,4,5,1
175,1,2020,0,67,1,1,2,0,1,0,0,0,0,4,4,4,4,4,4,4,4,4,4,4,4,2,4,4,0
176,1,2020,1,61,1,0,5,0,1,0,0,0,0,1,1,1,1,1,1,1,1,1,1,1,1,1,1,2,1
177,1,2020,1,60,0,1,5,0,1,0,0,0,0,4,1,3,5,2,2,6,1,4,4,1,2,1,5,6,1
178,1,2020,1,59,0,0,2,0,1,0,0,0,0,2,5,5,6,1,1,3,1,4,1,1,4,1,1,1,1
179,1,2020,1,57,1,1,3,0,0,0,0,0,1,1,6,4,1,4,4,4,1,1,1,1,4,1,1,1,1
180,1,2020,0,62,1,1,3,0,0,1,0,0,0,5,5,5,7,3,1,7,1,4,5,2,4,1,3,1,1
181,1,2020,1,74,1,1,2,0,0,0,0,0,1,4,6,5,5,4,1,1,4,4,2,1,4,1,1,1,1
182,1,2020,1,63,1,1,2,0,1,0,0,0,0,3,7,6,1,2,1,6,2,2,7,1,3,2,5,1,1
183,1,2020,1,68,1,1,5,0,0,0,0,1,0,4,6,5,6,4,6,6,2,4,2,2,2,2,6,2,1
184,1,2020,1,45,1,1,5,0,1,0,0,0,0,1,7,5,7,1,1,7,5,2,5,1,1,1,4,7,1
185,1,2020,1,58,1,1,5,0,1,0,0,0,0,3,5,4,5,2,1,6,2,4,4,2,4,2,2,3,0
186,1,2020,1,53,1,0,2,0,1,0,0,0,0,1,7,1,1,1,1,7,7,1,4,1,7,1,6,7,1
187,1,2020,1,66,1,0,5,0,1,0,0,0,0,2,2,2,1,2,1,2,2,2,2,2,2,2,2,2,1
188,1,2020,1,48,0,0,3,0,1,0,0,0,0,3,5,2,5,2,1,7,1,5,5,2,2,1,5,2,1
189,1,2020,0,50,0,1,5,0,1,0,0,0,0,5,1,1,6,1,5,1,1,1,1,1,4,5,1,1,0
190,1,2020,0,58,0,0,3,0,1,0,0,0,0,4,4,6,5,3,4,6,3,3,5,2,4,2,2,4,1
191,1,2020,1,48,0,0,1,0,0,0,0,0,1,4,1,1,2,1,4,4,4,4,7,1,6,1,1,7,1
192,1,2020,1,61,1,1,5,0,1,0,0,0,0,5,7,7,5,5,5,7,1,5,4,2,1,1,1,7,1
193,1,2020,1,74,1,1,2,0,1,0,0,0,0,5,7,4,6,4,1,7,1,5,2,1,1,1,1,1,1
194,1,2020,1,59,0,0,5,0,1,0,0,0,0,5,4,4,5,1,1,6,4,5,6,4,7,4,5,7,1
195,1,2020,1,58,1,1,4,0,1,0,0,0,0,5,5,4,4,4,4,4,4,4,4,4,4,4,4,4,1
196,1,2020,0,70,0,1,2,0,1,0,0,0,0,6,5,5,5,5,5,5,1,5,1,1,5,5,1,1,1
197,1,2020,1,72,1,1,2,0,1,0,0,0,0,6,6,4,4,5,1,4,4,4,4,1,4,4,1,1,1
198,1,2020,1,53,1,1,3,0,1,0,0,0,0,4,4,4,4,4,4,4,4,4,4,4,4,4,4,4,1
199,1,2020,1,57,1,0,3,0,1,0,0,0,0,4,1,4,2,4,4,3,5,2,5,4,2,2,4,4,1
200,1,2020,1,60,1,1,5,0,1,0,0,0,0,1,2,2,1,1,1,1,1,1,1,1,1,1,1,1,0
201,1,2020,0,35,0,0,2,0,1,0,0,0,0,3,6,5,2,5,5,6,5,3,5,3,3,5,3,5,1
202,1,2020,1,60,1,1,5,0,1,0,0,0,0,5,1,3,6,2,1,7,1,5,1,1,1,3,1,5,0
203,1,2020,0,68,1,1,0,1,0,1,0,0,0,5,5,5,6,3,5,6,2,5,4,1,4,1,3,1,1
204,1,2020,0,44,1,1,3,0,0,1,0,0,0,4,5,5,5,5,4,5,5,5,5,2,7,2,6,5,1
205,1,2020,1,63,1,1,4,0,1,0,0,0,0,4,5,5,5,5,1,7,5,5,5,1,4,3,1,3,0
206,1,2020,1,47,1,1,3,0,1,0,0,0,0,7,6,6,7,4,4,7,1,6,1,1,3,1,1,2,0
207,1,2020,1,54,1,1,3,0,1,0,0,0,0,4,4,4,6,4,4,5,4,5,4,4,4,4,4,4,1
208,1,2020,0,61,1,0,0,1,0,1,0,0,0,5,5,5,6,2,4,6,4,3,6,4,3,1,3,1,1
209,1,2020,0,43,1,1,3,0,0,1,0,0,0,3,5,5,3,4,2,6,5,3,5,1,3,3,5,2,0
210,1,2020,1,53,0,0,1,0,1,0,0,0,0,5,5,5,5,5,5,5,5,5,4,4,5,1,4,5,1
211,1,2020,1,61,1,1,2,0,1,0,0,0,0,4,4,4,7,6,1,5,2,4,2,2,2,2,2,2,1
212,1,2020,1,30,0,0,3,0,1,0,0,0,0,4,4,4,3,1,5,5,4,4,5,4,1,1,5,5,1
213,1,2020,0,54,1,1,2,0,1,0,0,0,0,3,5,4,5,2,5,5,4,5,5,1,7,1,2,5,1
214,1,2020,0,47,1,1,4,0,0,1,0,0,0,4,4,5,5,4,1,6,3,4,4,2,4,3,4,4,0
215,1,2020,1,61,1,0,3,0,1,0,0,0,0,4,2,3,4,2,2,7,4,3,5,2,1,3,3,5,1
216,1,2020,1,56,1,1,4,0,1,0,0,0,0,2,2,2,6,2,1,5,1,2,1,1,1,1,1,1,1
217,1,2020,1,63,0,0,3,0,0,0,0,0,1,4,5,4,4,4,4,4,4,4,4,4,4,4,4,4,1
218,1,2020,1,58,1,1,5,0,1,0,0,0,0,7,7,7,7,1,7,7,1,7,1,1,7,1,1,1,0
219,1,2020,1,57,1,1,5,0,1,0,0,0,0,4,7,6,6,3,6,7,1,6,5,1,4,1,3,5,0
220,1,2020,1,43,0,0,0,1,1,0,0,0,0,4,4,4,4,4,4,4,4,4,4,4,4,4,4,4,1
221,1,2020,1,43,1,1,5,0,1,0,0,0,0,1,5,7,7,2,7,7,1,7,5,1,2,1,6,7,1
222,1,2020,1,58,1,0,5,0,1,0,0,0,0,3,4,5,6,3,5,5,1,4,1,1,5,1,1,4,0
223,1,2020,1,50,1,0,2,0,1,0,0,0,0,1,1,1,1,1,1,1,1,1,1,1,1,1,7,7,1
224,1,2020,0,75,1,1,3,0,0,1,0,0,0,5,5,5,7,2,2,6,1,6,5,1,2,1,1,1,0
225,1,2020,0,82,1,1,3,0,0,1,0,0,0,6,6,7,6,1,7,7,1,6,1,1,4,1,2,1,0
226,1,2020,0,39,0,0,3,0,1,0,0,0,0,5,6,5,5,1,1,7,5,5,5,3,2,4,5,5,1
227,1,2020,1,55,1,1,5,0,1,0,0,0,0,3,5,5,3,4,1,6,4,3,1,2,2,1,2,2,1
228,1,2020,1,48,1,1,5,0,1,0,0,0,0,7,7,4,4,4,4,4,4,4,4,4,4,4,4,4,0
229,1,2020,1,58,0,0,1,0,1,0,0,0,0,7,4,5,2,5,2,6,1,4,2,1,6,2,3,5,1
230,1,2020,1,63,1,1,2,0,1,0,0,0,0,5,5,5,5,3,3,5,3,4,5,3,5,3,5,5,1
231,1,2020,1,48,0,0,3,0,1,0,0,0,0,5,5,1,5,1,5,6,4,4,4,1,3,1,2,5,1
232,1,2020,1,39,1,1,5,0,1,0,0,0,0,6,6,6,5,4,4,5,5,4,4,4,3,4,4,4,0
233,1,2020,1,65,1,0,3,0,1,0,0,0,0,4,5,4,5,1,1,7,3,4,5,1,4,2,3,3,0
234,1,2020,0,48,0,0,5,0,1,0,0,0,0,3,1,4,4,2,1,6,5,3,4,1,4,4,4,4,1
235,1,2020,0,48,1,1,3,0,1,0,0,0,0,4,5,5,4,4,4,7,6,4,6,6,5,4,6,6,1
236,1,2020,1,43,0,0,3,0,1,0,0,0,0,4,5,4,6,4,3,5,1,5,1,1,1,1,1,1,1
237,1,2020,0,47,0,0,4,0,1,0,0,0,0,5,5,5,5,5,5,5,4,5,5,4,4,3,4,5,0
238,1,2020,1,69,1,1,2,0,0,0,0,1,0,1,1,1,1,1,1,7,1,1,1,1,1,1,6,1,1
239,1,2020,0,66,1,1,5,0,0,1,0,0,0,5,2,5,7,1,2,7,4,4,5,1,4,2,1,1,1
240,1,2020,0,68,1,1,3,0,0,1,0,0,0,4,2,5,4,4,4,4,4,4,4,4,4,4,4,4,0
241,1,2020,1,71,1,1,4,0,1,0,0,0,0,4,2,6,3,4,6,7,2,5,2,2,6,2,3,7,0
242,1,2020,1,50,0,0,3,0,1,0,0,0,0,4,4,4,4,4,4,4,4,4,4,3,4,4,4,4,0
243,1,2020,0,32,1,1,5,0,1,0,0,0,0,5,7,4,5,3,5,5,5,3,2,1,4,1,5,1,0
244,1,2020,1,64,1,1,2,0,1,0,0,0,0,2,1,2,6,6,1,5,3,3,5,2,2,2,5,1,1
245,1,2020,1,66,1,0,3,0,0,0,0,1,0,4,4,3,4,5,4,5,4,4,4,3,2,4,4,4,1
246,1,2020,1,78,1,1,3,0,0,0,0,1,0,4,6,5,7,3,2,6,2,5,5,1,2,1,2,1,1
247,1,2020,0,67,1,0,3,0,1,0,0,0,0,4,1,5,7,5,1,7,1,5,3,1,1,1,1,1,0
248,1,2020,0,47,1,1,5,0,0,0,0,0,1,4,4,4,4,4,1,5,4,4,4,4,4,4,4,4,1
249,1,2020,0,70,1,1,4,0,0,1,0,0,0,3,3,3,6,5,3,6,6,2,3,2,2,2,2,1,0
250,1,2020,0,40,1,0,5,0,0,1,0,0,0,6,4,6,1,1,1,7,4,1,4,1,1,1,1,1,1
251,1,2020,1,63,1,1,2,0,1,0,0,0,0,4,4,5,4,4,4,4,4,4,4,4,4,4,4,4,0
252,1,2020,1,44,0,0,3,0,1,0,0,0,0,7,2,5,7,5,1,7,1,5,3,1,4,1,1,1,1
253,1,2020,1,66,1,1,4,0,1,0,0,0,0,4,2,4,4,4,4,4,4,4,4,4,4,4,4,4,1
254,1,2020,0,43,1,1,5,0,1,0,0,0,0,5,5,6,4,7,5,7,3,4,5,1,2,1,2,2,0
255,1,2020,0,62,0,0,1,0,1,0,0,0,0,4,1,2,4,1,2,6,6,2,7,6,7,4,6,7,0
256,1,2020,1,70,1,1,3,0,0,0,0,1,0,6,6,6,6,6,3,7,1,6,5,2,1,1,1,1,0
257,1,2020,1,56,1,1,3,0,1,0,0,0,0,5,5,3,2,2,1,7,5,4,3,1,2,2,2,1,1
258,1,2020,1,48,1,1,4,0,1,0,0,0,0,1,5,4,5,4,1,1,1,1,1,1,4,1,1,4,1
259,1,2020,0,54,1,0,5,0,0,1,0,0,0,4,6,7,5,1,1,7,1,4,2,1,2,4,2,2,1
260,1,2020,0,56,1,1,5,0,0,1,0,0,0,3,3,3,7,3,3,5,1,7,2,1,1,1,1,1,0
261,1,2020,1,56,1,0,0,1,1,0,0,0,0,4,2,4,4,4,4,4,5,4,5,4,5,4,6,4,1
262,1,2020,1,62,1,1,5,0,1,0,0,0,0,7,7,6,7,6,1,7,1,7,1,1,1,1,1,1,0
263,1,2020,1,74,0,0,1,0,0,0,0,1,0,4,1,4,4,4,1,7,5,1,7,1,4,4,7,4,1
264,1,2020,1,80,1,1,2,0,0,1,0,0,0,4,7,7,7,2,1,7,1,5,4,1,1,1,1,1,0
265,1,2020,0,45,1,0,4,0,1,0,0,0,0,5,3,5,5,2,2,5,2,1,6,3,7,1,5,6,1
266,1,2020,0,41,1,0,4,0,1,0,0,0,0,5,2,4,4,3,2,6,5,3,5,5,5,4,5,5,1
267,1,2020,1,61,1,0,3,0,1,0,0,0,0,4,2,4,6,3,1,5,3,4,2,1,3,2,5,2,1
268,1,2020,1,74,0,1,2,0,1,0,0,0,0,6,6,5,7,1,5,6,1,6,3,1,4,1,1,1,1
269,1,2020,1,72,1,1,3,0,0,0,0,1,0,5,6,5,6,4,5,6,3,4,5,2,2,2,2,2,0
270,1,2020,0,65,1,1,0,1,0,1,0,0,0,2,3,2,7,1,1,7,1,4,6,3,1,1,5,1,1
271,1,2020,1,51,0,0,2,0,0,0,0,0,1,7,7,7,7,1,1,4,1,1,1,1,1,1,1,4,1
272,1,2020,0,45,1,1,0,1,0,1,0,0,0,5,3,3,3,2,1,7,2,4,4,1,2,2,4,2,1
273,1,2020,0,51,1,1,2,0,0,1,0,0,0,2,2,2,7,4,1,1,2,1,1,1,1,1,2,1,1
274,1,2020,1,58,0,0,2,0,1,0,0,0,0,3,2,4,6,2,2,5,2,1,3,2,5,4,2,2,1
275,1,2020,1,80,1,1,5,0,0,0,0,1,0,6,3,5,7,4,4,6,1,5,2,1,2,2,1,1,0
276,1,2020,0,58,0,1,2,0,1,0,0,0,0,4,4,4,4,3,4,4,4,3,3,3,4,5,4,3,1
277,1,2020,1,49,1,0,4,0,1,0,0,0,0,5,4,5,3,3,4,5,5,4,4,3,4,3,3,4,1
278,1,2020,0,56,1,1,2,0,0,1,0,0,0,4,5,7,6,4,1,7,4,1,5,2,6,4,5,1,1
279,1,2020,1,62,1,1,4,0,0,0,0,1,0,4,6,6,6,6,1,6,2,4,4,2,4,2,2,2,1
280,1,2020,1,59,1,1,4,0,1,0,0,0,0,4,4,5,7,4,4,4,5,4,5,4,4,4,4,4,1
281,1,2020,1,65,1,1,1,0,0,0,0,1,0,2,2,6,6,2,6,7,1,5,5,2,4,1,5,1,1
282,1,2020,1,47,0,0,4,0,1,0,0,0,0,4,7,4,4,4,4,4,1,4,1,1,1,1,1,1,0
283,1,2020,1,43,0,0,2,0,1,0,0,0,0,2,2,2,2,2,2,2,2,2,2,3,2,2,2,2,1
284,1,2020,1,40,1,1,4,0,1,0,0,0,0,4,4,4,1,4,1,4,4,4,4,4,4,4,5,5,0
285,1,2020,0,53,0,0,0,1,0,0,0,0,1,7,1,7,1,1,5,7,3,2,7,3,5,3,3,7,1
286,1,2020,0,64,1,1,2,0,1,0,0,0,0,4,3,3,5,4,5,7,3,5,6,3,5,4,2,5,0
287,1,2020,1,50,1,1,5,0,1,0,0,0,0,1,6,5,6,1,2,7,5,3,5,2,4,1,5,3,0
288,1,2020,0,67,1,0,0,1,1,0,0,0,0,2,3,6,3,2,2,6,4,4,3,2,6,3,5,5,1
289,1,2020,1,48,1,1,5,0,1,0,0,0,0,4,6,5,7,2,2,5,5,4,5,2,1,2,6,5,0
290,1,2020,1,46,1,1,5,0,1,0,0,0,0,2,1,1,6,3,2,5,1,4,1,1,3,1,7,5,1
291,1,2020,1,45,1,1,5,0,1,0,0,0,0,5,5,1,6,1,5,7,1,4,5,1,1,1,1,1,0
292,1,2020,1,44,1,1,2,0,1,0,0,0,0,4,4,4,5,4,4,4,5,4,4,4,4,4,4,4,1
293,1,2020,0,67,0,1,2,0,1,0,0,0,0,3,4,5,4,2,5,7,3,4,3,3,4,2,3,2,1
294,1,2020,1,53,0,0,2,0,1,0,0,0,0,7,5,4,4,4,1,4,2,4,2,2,4,2,2,2,1
295,1,2020,1,56,0,0,0,1,1,0,0,0,0,5,4,6,4,3,1,5,3,4,6,1,3,1,2,2,1
296,1,2020,1,44,1,0,4,0,1,0,0,0,0,4,4,4,4,4,3,4,4,4,4,3,4,4,4,4,1
297,1,2020,0,46,1,1,4,0,1,0,0,0,0,5,1,3,3,5,1,7,7,1,7,3,7,7,7,7,1
298,1,2020,1,38,0,0,5,0,1,0,0,0,0,3,3,5,7,5,3,7,2,5,6,1,2,2,6,5,0
299,1,2020,1,41,0,0,3,0,1,0,0,0,0,4,4,4,4,4,4,4,4,4,5,4,4,4,4,4,1
300,1,2020,1,59,1,1,5,0,1,0,0,0,0,3,4,4,3,4,4,5,4,3,3,3,4,4,4,4,0
301,1,2020,1,74,1,0,1,0,0,0,0,0,1,4,4,4,4,4,4,4,4,4,5,4,4,4,4,4,0
302,1,2020,0,69,1,0,3,0,0,1,0,0,0,7,7,5,7,4,1,7,1,5,1,1,1,1,1,1,0
303,1,2020,0,50,1,1,5,0,0,1,0,0,0,4,4,5,3,3,4,4,3,3,3,3,3,4,3,3,1
304,1,2020,0,53,1,1,5,0,1,0,0,0,0,5,5,6,7,4,1,7,1,4,5,1,1,1,5,1,1
305,1,2020,1,61,0,0,3,0,1,0,0,0,0,2,2,2,2,2,2,2,2,2,2,2,1,2,2,2,0
306,1,2020,1,59,1,1,4,0,1,0,0,0,0,4,2,4,2,3,1,7,6,2,6,2,5,6,6,6,1
307,1,2020,0,62,0,1,2,0,1,0,0,0,0,7,7,7,7,2,2,7,5,7,5,1,4,3,7,2,1
308,1,2020,1,51,0,0,2,0,0,0,0,1,0,2,1,2,4,4,1,6,4,2,6,3,5,1,5,1,1
309,1,2020,1,49,0,0,1,0,1,0,0,0,0,1,1,1,1,1,1,5,7,1,1,1,7,1,1,4,1
310,1,2020,1,59,1,1,3,0,1,0,0,0,0,4,3,5,4,4,4,4,3,4,4,4,4,4,4,4,0
311,1,2020,0,71,1,1,4,0,0,1,0,0,0,7,5,6,7,2,6,7,2,5,5,3,1,1,3,1,0
312,1,2020,0,47,0,0,2,0,1,0,0,0,0,3,3,3,3,3,3,3,5,3,5,5,5,4,5,5,1
313,1,2020,1,48,0,0,5,0,1,0,0,0,0,1,1,1,1,1,1,1,4,1,4,2,7,7,4,4,1
314,1,2020,1,60,1,1,5,0,1,0,0,0,0,5,6,5,7,2,6,7,4,5,5,2,2,1,4,4,0
315,1,2020,0,48,1,0,4,0,1,0,0,0,0,3,6,6,6,6,1,5,2,1,2,2,7,1,2,5,1
316,1,2020,1,79,1,0,3,0,0,0,0,1,0,4,6,5,3,2,1,5,5,3,5,2,4,4,7,4,1
317,1,2020,1,55,1,1,5,0,1,0,0,0,0,1,1,1,1,1,1,1,1,1,5,1,5,1,1,3,1
318,1,2020,1,76,1,1,3,0,0,0,0,1,0,3,1,6,7,3,1,3,4,2,4,1,3,3,3,1,1
319,1,2020,1,73,0,1,3,0,1,0,0,0,0,5,5,5,5,1,2,2,1,4,2,1,2,1,1,1,0
320,1,2020,1,72,0,1,2,0,0,0,0,1,0,1,1,1,1,1,1,1,1,1,1,1,1,1,1,1,1
321,1,2020,0,67,1,1,4,0,0,1,0,0,0,4,6,6,5,5,3,6,3,5,4,1,2,1,1,1,0
322,1,2020,0,73,1,1,3,0,0,1,0,0,0,5,6,5,5,4,3,5,4,4,3,4,5,3,3,4,1
323,1,2020,0,59,1,1,2,0,1,0,0,0,0,5,2,1,7,6,1,6,1,7,1,1,1,1,1,1,1
324,1,2020,0,56,1,1,5,0,1,0,0,0,0,2,4,6,4,4,4,4,2,5,6,2,1,1,4,4,1
325,1,2020,1,75,1,1,3,0,0,0,0,0,1,6,4,6,4,3,1,6,1,6,2,2,1,1,1,1,0
326,1,2020,0,68,1,1,5,0,1,0,0,0,0,3,6,3,7,5,1,7,1,4,1,1,5,1,5,2,0
327,1,2020,1,68,0,1,4,0,1,0,0,0,0,3,6,3,7,6,7,7,1,7,4,1,1,1,3,5,0
328,1,2020,1,73,1,1,3,0,0,0,0,1,0,6,4,5,5,3,3,3,3,4,4,4,2,1,4,4,0
329,1,2020,1,58,0,0,1,0,1,0,0,0,0,4,2,5,2,3,1,3,2,3,3,1,3,1,4,3,1
330,1,2020,1,51,1,1,1,0,1,0,0,0,0,1,4,4,4,4,4,4,4,4,4,4,4,4,4,4,0
331,1,2020,1,60,0,0,1,0,1,0,0,0,0,6,1,1,1,1,7,1,1,1,3,1,5,1,6,2,1
332,1,2020,1,50,0,0,2,0,1,0,0,0,0,1,7,1,7,1,1,1,5,1,1,1,3,1,1,1,1
333,1,2020,0,56,1,1,4,0,1,0,0,0,0,4,5,4,4,1,5,7,3,4,5,2,3,2,4,3,1
334,1,2020,1,36,0,0,2,0,1,0,0,0,0,2,2,3,4,2,2,2,5,5,6,5,3,4,5,6,1
335,1,2020,1,51,1,1,5,0,1,0,0,0,0,5,5,4,5,5,4,4,4,4,4,3,4,4,3,5,0
336,1,2020,1,61,1,0,3,0,1,0,0,0,0,2,2,3,4,5,4,4,2,5,2,2,5,2,5,5,0
337,1,2020,1,68,0,1,2,0,1,0,0,0,0,6,6,5,5,2,1,2,1,4,3,1,4,1,1,1,1
338,1,2020,1,74,1,1,0,1,0,0,0,1,0,5,6,4,5,5,1,6,4,4,5,2,5,3,5,4,1
339,1,2020,1,83,1,1,5,0,1,0,0,0,0,3,4,5,2,2,1,7,2,5,4,2,4,1,1,3,0
340,1,2020,0,53,0,1,3,0,0,0,0,0,1,4,4,4,4,4,4,4,4,4,4,4,4,4,4,4,1
341,1,2020,1,72,1,1,5,0,1,0,0,0,0,5,5,5,5,5,5,6,1,2,2,2,6,1,1,5,0
342,1,2020,0,42,1,1,3,0,1,0,0,0,0,1,7,5,7,1,1,7,7,7,7,3,1,1,3,7,1
343,1,2020,0,70,1,0,4,0,0,1,0,0,0,4,4,5,6,5,4,6,3,5,4,3,3,3,3,4,0
344,1,2020,0,47,1,1,5,0,0,1,0,0,0,4,5,6,1,1,1,7,7,2,7,7,6,6,6,6,1
345,1,2020,0,52,0,0,4,0,1,0,0,0,0,6,5,5,5,6,1,7,5,2,6,4,7,1,2,5,0
346,1,2020,0,61,1,1,2,0,0,1,0,0,0,4,3,6,5,3,1,6,1,4,2,1,3,1,2,1,1
347,1,2020,1,47,0,1,1,0,0,0,0,1,0,6,5,6,5,1,1,7,1,3,1,1,1,1,1,1,1
348,1,2020,0,59,1,1,5,0,0,1,0,0,0,3,7,7,7,1,5,7,4,2,7,1,5,1,5,5,1
349,1,2020,1,67,1,1,3,0,0,0,0,0,1,1,1,7,7,1,1,7,1,1,1,1,1,1,1,1,1
350,1,2020,0,33,1,0,5,0,0,1,0,0,0,5,3,6,1,7,6,5,1,3,5,3,3,1,4,1,1
351,1,2020,0,56,1,1,5,0,0,1,0,0,0,5,4,5,7,4,4,6,4,5,3,1,4,1,4,3,0
352,1,2020,0,72,0,1,0,1,0,1,0,0,0,5,7,4,7,5,4,7,1,4,5,2,3,1,1,1,0
353,1,2020,1,68,1,1,5,0,1,0,0,0,0,5,5,5,5,5,5,5,2,5,5,3,4,2,5,3,0
354,1,2020,0,74,0,1,3,0,0,0,0,1,0,5,6,6,6,6,6,6,2,6,2,2,2,2,2,2,1
355,1,2020,0,54,1,1,5,0,1,0,0,0,0,5,6,6,3,4,4,6,5,5,4,3,4,1,2,6,0
356,1,2020,0,60,1,0,2,0,1,0,0,0,0,4,4,5,4,4,4,4,4,4,4,4,4,4,4,4,1
357,1,2020,1,51,1,1,4,0,1,0,0,0,0,4,4,4,4,3,4,4,4,4,4,4,4,4,3,4,1
358,1,2020,1,60,1,1,4,0,1,0,0,0,0,5,5,5,4,3,3,5,4,4,4,4,4,4,4,4,1
359,1,2020,0,64,0,1,2,0,0,0,0,1,0,4,1,5,5,3,3,6,4,4,6,4,5,1,5,5,1
360,1,2020,1,43,0,0,5,0,1,0,0,0,0,4,6,3,6,3,3,7,1,4,5,2,1,1,1,1,0
361,1,2020,1,60,0,0,1,0,1,0,0,0,0,3,5,5,6,3,2,5,4,4,4,4,5,3,4,4,1
362,1,2020,1,53,1,1,3,0,1,0,0,0,0,6,1,6,6,6,1,7,1,6,1,1,5,1,1,1,0
363,1,2020,1,68,1,1,3,0,0,0,0,1,0,1,1,1,1,1,1,1,1,1,2,1,1,1,1,1,1
364,1,2020,1,69,1,1,2,0,0,0,0,1,0,5,5,5,6,4,2,5,4,4,2,2,3,2,2,1,1
365,1,2020,1,45,1,1,0,1,1,0,0,0,0,4,2,3,4,3,4,4,4,4,4,4,3,4,4,4,1
366,1,2020,1,41,0,0,3,0,1,0,0,0,0,5,1,2,2,2,2,3,2,2,3,2,6,3,3,3,0
367,1,2020,1,49,1,0,5,0,1,0,0,0,0,5,5,4,5,3,5,4,4,3,3,3,4,5,2,4,1
368,1,2020,1,49,1,1,5,0,1,0,0,0,0,3,7,6,6,2,3,7,5,4,5,1,5,3,2,6,1
369,1,2020,1,48,1,1,5,0,1,0,0,0,0,5,5,5,6,5,5,5,1,5,2,1,1,1,2,2,1
370,1,2020,0,44,1,1,0,1,0,1,0,0,0,6,7,5,6,1,5,7,5,3,6,3,1,1,7,2,0
371,1,2020,0,55,1,0,4,0,0,1,0,0,0,3,5,5,5,6,5,7,4,5,7,5,5,3,7,5,1
372,1,2020,0,33,1,0,0,1,1,0,0,0,0,4,5,3,5,6,3,6,2,3,3,1,7,1,5,7,0
373,1,2020,1,72,1,1,0,1,1,0,0,0,0,5,5,5,7,4,4,5,4,4,4,4,5,4,1,1,1
374,1,2020,1,58,0,0,0,1,0,0,0,0,1,4,4,4,4,4,4,4,4,4,4,4,6,4,4,4,1
375,1,2020,1,64,1,1,4,0,1,0,0,0,0,4,5,6,6,4,3,5,1,4,1,1,2,2,1,1,0
376,1,2020,0,54,0,0,3,0,1,0,0,0,0,4,6,6,4,4,4,4,4,4,4,4,4,4,4,4,1
377,1,2020,1,57,1,1,5,0,1,0,0,0,0,3,3,5,7,4,1,7,6,3,7,4,7,5,7,4,1
378,1,2020,0,42,0,0,2,0,1,0,0,0,0,2,7,1,5,1,1,7,5,3,4,1,4,4,3,5,0
379,1,2020,1,47,1,1,4,0,1,0,0,0,0,5,5,2,7,7,3,6,2,5,3,1,6,1,5,7,0
380,1,2020,1,42,1,1,4,0,1,0,0,0,0,1,1,5,4,5,1,5,4,3,1,1,3,4,5,4,1
381,1,2020,0,51,1,1,5,0,1,0,0,0,0,6,7,7,7,1,1,7,7,1,7,7,5,7,7,7,1
382,1,2020,0,58,0,0,2,0,1,0,0,0,0,3,2,4,6,2,2,2,3,2,2,2,4,4,3,2,1
383,1,2020,1,60,0,1,0,1,0,0,0,0,1,5,4,4,4,5,4,5,4,4,5,5,4,4,5,4,0
384,1,2020,1,61,1,1,5,0,1,0,0,0,0,2,2,2,2,2,2,2,3,2,3,3,2,2,3,3,1
385,1,2020,0,46,0,0,0,1,1,0,0,0,0,1,2,3,2,1,1,7,2,3,6,2,4,4,7,4,1
386,1,2020,1,58,1,1,5,0,0,0,0,0,1,1,1,1,6,5,1,5,4,2,5,2,2,2,4,2,1
387,1,2020,0,45,1,0,3,0,1,0,0,0,0,4,5,5,6,5,5,6,1,4,1,1,1,1,5,5,0
388,1,2020,1,54,1,1,4,0,1,0,0,0,0,5,5,5,3,5,3,7,2,3,5,2,5,1,5,7,0
389,1,2020,1,84,1,1,3,0,0,0,0,0,1,2,4,2,4,4,5,6,1,5,3,2,2,1,2,1,1
390,1,2020,1,53,0,0,0,1,1,0,0,0,0,4,4,4,4,4,4,4,1,4,1,1,4,1,1,1,1
391,1,2020,1,56,1,1,5,0,1,0,0,0,0,6,6,6,6,7,5,7,1,4,7,1,1,1,5,6,0
392,1,2020,0,71,1,1,5,0,1,0,0,0,0,3,5,6,7,5,1,6,5,4,6,5,5,1,7,6,1
393,1,2020,0,56,0,0,3,0,1,0,0,0,0,4,6,5,7,1,7,7,2,4,5,2,4,1,4,7,0
394,1,2020,0,60,0,1,4,0,1,0,0,0,0,4,5,4,4,4,4,4,4,4,4,4,4,4,4,4,0
395,1,2020,1,65,1,1,5,0,1,0,0,0,0,3,2,1,3,2,4,7,3,4,4,1,2,1,4,7,0
396,1,2020,1,44,0,0,1,0,1,0,0,0,0,5,2,3,4,4,5,7,1,5,5,1,3,1,1,1,0
397,1,2020,1,61,1,1,3,0,1,0,0,0,0,3,3,3,5,3,1,4,2,3,5,1,4,2,4,5,1
398,1,2020,1,72,1,1,2,0,1,0,0,0,0,1,3,4,5,1,1,6,5,4,5,2,4,2,2,2,1
399,1,2020,0,50,1,0,4,0,0,1,0,0,0,5,5,7,6,5,1,7,2,4,5,1,2,1,1,1,0
400,1,2020,0,48,0,0,0,1,0,0,0,1,0,5,1,4,5,4,1,7,3,3,3,2,6,4,5,3,1
401,1,2020,0,50,1,0,2,0,1,0,0,0,0,4,4,4,4,4,4,4,4,4,4,4,4,4,4,4,0
402,1,2020,0,43,1,0,0,1,0,1,0,0,0,1,1,5,3,1,1,5,3,1,4,2,6,1,2,1,1
403,1,2020,1,48,0,0,0,1,0,0,1,0,0,5,5,4,4,2,6,6,1,5,6,1,4,3,7,6,0
404,1,2020,1,46,0,0,0,1,0,0,0,0,1,1,1,1,5,5,1,7,1,7,7,1,5,1,1,5,0
405,1,2020,1,51,0,0,3,0,1,0,0,0,0,4,4,4,4,4,4,4,4,4,4,4,4,4,3,4,1
406,1,2020,1,49,1,1,5,0,1,0,0,0,0,4,5,5,5,5,1,6,1,5,5,1,1,1,5,5,1
407,1,2020,0,47,1,0,4,0,0,1,0,0,0,1,1,4,4,4,1,5,5,2,5,2,3,3,6,5,1
408,1,2020,0,59,1,1,0,1,1,0,0,0,0,3,4,3,4,3,3,4,4,4,5,5,4,5,4,4,1
409,1,2020,0,40,0,0,2,0,1,0,0,0,0,4,5,4,4,1,5,6,4,4,4,3,4,1,2,4,1
410,1,2020,1,48,0,0,5,0,1,0,0,0,0,5,7,5,7,5,6,5,1,7,1,1,1,1,1,1,1
411,1,2020,1,51,0,0,3,0,1,0,0,0,0,4,4,4,4,4,4,4,1,4,2,1,4,4,1,1,1
412,1,2020,1,50,1,1,5,0,1,0,0,0,0,5,4,3,3,4,3,3,4,4,5,4,3,4,5,4,1
413,1,2020,1,43,1,1,4,0,1,0,0,0,0,3,3,4,5,4,1,6,4,4,3,1,6,1,2,6,1
414,1,2020,1,51,1,1,4,0,1,0,0,0,0,4,5,4,4,4,4,4,4,4,4,4,4,4,4,4,0
415,1,2020,0,70,1,1,2,0,1,0,0,0,0,5,7,7,6,1,5,7,1,7,3,1,6,1,2,7,0
416,1,2020,1,80,1,1,3,0,0,0,0,1,0,4,6,5,6,5,4,5,2,5,1,1,5,2,1,1,1
417,1,2020,1,63,0,1,0,1,1,0,0,0,0,7,1,1,1,2,1,7,1,5,5,1,7,1,4,1,1
418,1,2020,1,51,1,1,3,0,1,0,0,0,0,1,5,4,6,5,1,7,1,5,5,1,1,1,1,5,1
419,1,2020,0,42,1,1,3,0,1,0,0,0,0,1,1,1,4,1,1,7,5,1,6,2,4,4,6,5,1
420,1,2020,1,56,0,0,2,0,1,0,0,0,0,3,4,3,3,3,4,3,3,2,4,2,3,2,3,3,1
421,1,2020,1,44,0,0,2,0,1,0,0,0,0,3,4,4,4,4,3,4,4,4,4,4,4,4,4,4,1
422,1,2020,1,68,0,1,0,1,1,0,0,0,0,7,7,7,7,7,7,7,1,7,1,1,4,1,1,1,1
423,1,2020,1,62,1,1,5,0,1,0,0,0,0,4,4,4,5,4,4,4,4,3,5,3,5,4,4,4,0
424,1,2020,0,52,0,0,0,1,0,0,0,0,1,5,5,4,5,5,1,5,1,4,5,4,4,1,4,2,1
425,1,2020,1,70,0,0,2,0,0,0,0,1,0,5,4,4,6,6,1,7,1,6,2,1,5,1,5,1,1
426,1,2020,1,66,1,1,3,0,1,0,0,0,0,7,2,7,6,1,1,7,2,4,7,2,5,1,7,7,1
427,1,2020,0,67,0,1,0,1,0,1,0,0,0,7,7,7,7,2,7,7,1,7,5,1,3,1,1,5,0
428,1,2020,1,62,1,1,5,0,1,0,0,0,0,4,5,6,7,1,1,6,1,6,1,1,2,1,1,1,1
429,1,2020,1,58,1,0,2,0,0,0,0,1,0,5,6,5,5,3,4,5,1,4,2,1,5,1,1,1,1
430,1,2020,1,72,0,0,1,0,0,0,0,1,0,2,3,5,7,1,1,1,1,3,5,2,2,1,1,1,1
431,1,2020,1,70,1,0,2,0,0,0,0,1,0,1,1,1,1,1,1,1,1,1,1,1,1,1,1,2,1
432,1,2020,1,65,1,1,4,0,1,0,0,0,0,3,3,3,3,4,3,4,3,3,4,4,3,3,3,3,0
433,1,2020,1,80,1,1,5,0,0,0,0,1,0,7,7,4,7,7,7,7,7,7,7,7,4,7,7,7,0
434,1,2020,0,69,0,0,2,0,0,0,0,1,0,4,4,4,4,5,4,4,4,4,4,4,4,4,4,3,1
435,1,2020,1,42,1,1,4,0,1,0,0,0,0,5,5,1,1,7,1,7,1,6,2,1,3,1,1,3,1
436,1,2020,1,56,0,0,1,0,0,0,0,1,0,1,1,1,1,1,1,1,1,1,1,1,1,7,1,1,1
437,1,2020,1,44,0,0,3,0,1,0,0,0,0,5,5,4,5,4,4,7,6,6,5,3,7,4,6,5,1
438,1,2020,1,45,1,1,4,0,1,0,0,0,0,5,4,6,4,4,4,4,4,4,4,4,4,4,4,4,0
439,1,2020,1,56,1,0,3,0,1,0,0,0,0,4,5,5,3,4,2,6,1,4,5,1,6,1,5,3,1
440,1,2020,1,54,0,0,2,0,0,0,0,0,1,4,1,4,4,1,1,4,4,4,4,1,4,4,4,4,1
441,1,2020,1,70,1,1,5,0,1,0,0,0,0,2,6,4,6,4,1,7,1,4,5,1,2,1,5,7,1
442,1,2020,0,60,1,0,2,0,0,1,0,0,0,4,3,7,7,4,1,7,1,4,5,1,1,1,2,1,1
443,1,2020,1,66,0,0,1,0,0,0,0,1,0,1,4,1,5,1,1,1,1,1,4,1,7,1,6,4,1
444,1,2020,0,47,1,1,5,0,1,0,0,0,0,3,5,6,6,4,4,7,3,5,3,1,4,1,3,3,0
445,1,2020,0,41,0,1,2,0,1,0,0,0,0,3,1,3,5,1,1,5,1,4,1,1,4,1,1,1,1
446,1,2020,1,56,1,1,4,0,1,0,0,0,0,4,5,5,6,5,1,6,2,4,5,5,4,2,4,4,0
447,1,2020,0,46,1,0,2,0,1,0,0,0,0,5,4,4,1,1,1,7,7,4,7,1,4,4,1,7,1
448,1,2020,1,53,1,1,5,0,1,0,0,0,0,7,7,7,7,7,1,5,1,7,1,1,1,1,1,1,0
449,1,2020,1,46,1,1,4,0,1,0,0,0,0,3,2,4,7,2,2,6,1,4,4,1,5,1,1,3,1
450,1,2020,1,47,1,1,5,0,1,0,0,0,0,6,5,5,6,7,6,7,1,5,5,2,3,1,1,5,0
451,1,2020,1,50,0,0,5,0,1,0,0,0,0,4,5,2,3,3,3,3,5,3,4,4,4,4,4,4,1
452,1,2020,1,72,1,1,3,0,1,0,0,0,0,4,4,4,4,4,4,4,4,4,4,4,4,4,4,3,1
453,1,2020,1,46,0,0,3,0,0,0,0,1,0,4,2,3,7,4,1,6,1,4,2,2,4,1,2,4,1
454,1,2020,1,63,0,0,0,1,1,0,0,0,0,4,6,6,5,5,3,6,1,6,1,1,1,1,1,1,0
455,1,2020,1,41,1,1,4,0,1,0,0,0,0,5,4,1,4,4,4,4,2,4,2,2,4,2,2,2,0
456,1,2020,1,47,1,1,2,0,1,0,0,0,0,5,5,4,6,7,1,7,1,4,1,1,3,1,7,1,1
457,1,2020,1,57,1,1,4,0,1,0,0,0,0,4,6,6,6,5,4,5,3,5,5,4,2,2,4,4,0
458,1,2020,1,50,1,0,3,0,1,0,0,0,0,5,1,1,4,4,4,4,4,4,4,4,5,3,4,4,1
459,1,2020,1,62,1,1,4,0,1,0,0,0,0,5,5,4,4,4,4,4,4,4,4,4,3,4,4,2,1
460,1,2020,1,55,1,1,5,0,1,0,0,0,0,7,7,7,1,1,1,1,1,1,1,1,1,1,1,4,0
461,1,2020,1,68,1,1,3,0,1,0,0,0,0,3,3,3,5,3,2,5,3,4,5,4,4,4,5,4,1
462,1,2020,0,46,1,1,3,0,1,0,0,0,0,5,6,6,3,7,5,7,5,3,6,7,5,5,5,7,0
463,1,2020,0,53,1,0,3,0,1,0,0,0,0,2,3,3,3,2,2,2,3,2,3,3,2,2,4,2,1
464,1,2020,1,60,1,1,5,0,1,0,0,0,0,4,4,3,4,4,4,3,4,4,4,4,4,4,4,4,1
465,1,2020,0,68,1,1,2,0,0,1,0,0,0,7,7,7,6,2,7,7,1,7,5,4,1,1,1,1,0
466,1,2020,1,57,1,1,3,0,1,0,0,0,0,5,5,6,6,5,1,7,1,6,3,1,6,1,1,7,1
467,1,2020,1,66,1,1,3,0,1,0,0,0,0,4,4,5,4,4,4,4,5,4,5,4,4,4,4,4,1
468,1,2020,0,41,1,1,5,0,0,1,0,0,0,6,6,5,6,7,6,7,5,6,6,5,4,4,5,5,0
469,1,2020,0,48,1,1,3,0,0,1,0,0,0,4,3,5,3,3,1,7,4,4,6,4,4,4,4,4,1
470,1,2020,1,57,1,1,5,0,1,0,0,0,0,1,1,1,7,5,1,5,1,4,1,1,2,2,5,1,1
471,1,2020,1,50,0,0,1,0,1,0,0,0,0,7,1,1,1,2,1,2,2,1,1,1,7,2,1,1,1
472,1,2020,1,58,1,0,5,0,1,0,0,0,0,3,3,3,6,2,1,7,1,6,2,1,2,1,2,7,1
473,1,2020,1,56,1,1,4,0,1,0,0,0,0,3,2,3,4,3,3,3,3,2,3,3,2,2,3,3,1
474,1,2020,0,44,1,1,5,0,1,0,0,0,0,4,5,5,6,6,5,6,3,6,3,1,2,1,3,7,0
475,1,2020,0,55,1,0,3,0,1,0,0,0,0,3,5,4,3,4,1,7,6,3,6,5,5,1,7,3,1
476,1,2020,1,58,1,1,5,0,1,0,0,0,0,5,5,5,5,5,5,4,5,5,1,1,2,2,5,5,1
477,1,2020,0,46,0,0,4,0,1,0,0,0,0,5,6,6,7,6,5,7,2,7,2,2,2,1,2,2,0
478,1,2020,0,48,0,0,2,0,1,0,0,0,0,5,6,6,7,1,1,7,2,3,1,2,6,2,2,3,1
479,1,2020,0,53,0,0,1,0,1,0,0,0,0,4,4,3,3,3,4,4,3,3,2,2,3,3,2,2,0
480,1,2020,0,35,1,1,5,0,1,0,0,0,0,5,6,5,6,6,6,6,5,6,6,4,4,2,4,6,0
481,1,2020,1,47,1,1,5,0,0,0,0,0,1,4,5,5,3,5,5,5,4,5,5,4,4,2,5,5,0
482,1,2020,0,46,1,1,5,0,1,0,0,0,0,2,3,6,5,5,1,6,2,2,3,1,2,1,5,5,1
483,1,2020,0,36,0,0,2,0,1,0,0,0,0,3,2,3,5,2,2,2,5,3,5,5,5,5,5,5,1
484,1,2020,0,57,1,1,5,0,0,1,0,0,0,7,6,7,7,7,1,7,1,4,1,1,7,1,2,1,0
485,1,2020,0,51,1,1,3,0,1,0,0,0,0,5,4,5,5,5,4,5,4,5,4,4,5,1,5,5,0
486,1,2020,0,32,1,0,0,1,1,0,0,0,0,3,4,4,5,2,6,2,3,4,5,2,3,1,4,3,0
487,1,2020,0,46,1,1,0,1,0,1,0,0,0,4,3,5,5,2,1,7,5,3,5,5,5,1,5,5,1
488,1,2020,1,72,1,1,5,0,0,0,0,1,0,4,4,4,5,2,5,7,3,4,4,4,4,4,5,4,1
489,1,2020,1,65,0,0,1,0,0,0,0,1,0,5,1,6,6,1,1,5,1,4,5,1,1,1,1,1,1
490,1,2020,0,42,1,0,0,1,1,0,0,0,0,4,4,4,4,4,4,4,4,4,4,4,4,4,4,1,1
491,1,2020,0,56,0,0,4,0,1,0,0,0,0,3,4,4,5,4,4,7,5,2,5,2,6,3,5,4,1
492,1,2020,0,67,1,1,3,0,0,0,0,0,1,6,5,5,5,4,6,6,3,5,3,2,4,4,3,5,1
493,1,2020,1,50,0,0,1,0,0,0,0,1,0,7,1,1,1,1,1,7,1,1,1,1,7,1,7,1,1
494,1,2020,1,69,1,1,2,0,0,0,0,1,0,3,6,3,5,5,2,7,4,4,5,4,4,2,5,3,1
495,1,2020,1,53,1,1,5,0,1,0,0,0,0,4,5,4,4,4,4,4,4,4,4,4,4,4,4,4,1
496,1,2020,1,57,1,1,3,0,1,0,0,0,0,4,4,4,4,4,4,4,4,4,4,4,4,4,4,4,1
497,1,2020,1,70,1,1,2,0,0,0,0,1,0,5,5,5,6,1,1,6,1,5,1,1,1,1,1,1,0
498,1,2020,1,53,1,1,4,0,1,0,0,0,0,4,4,5,7,5,3,7,1,6,6,2,3,1,5,3,1
499,1,2020,0,69,1,1,3,0,0,1,0,0,0,5,5,4,6,5,5,6,3,5,3,3,5,2,5,4,0
500,1,2020,1,62,1,1,5,0,1,0,0,0,0,4,7,6,7,1,6,7,2,4,5,1,4,2,2,1,0
501,1,2020,0,59,1,1,3,0,1,0,0,0,0,6,7,7,7,3,1,7,1,6,5,1,1,1,5,2,0
502,1,2020,1,58,1,0,0,1,1,0,0,0,0,2,2,4,6,1,1,6,3,4,2,1,4,4,2,4,1
503,1,2020,1,70,1,0,3,0,1,0,0,0,0,3,2,6,2,2,2,4,2,4,2,1,5,2,3,2,0
504,1,2020,1,75,1,1,0,1,0,0,0,0,1,4,1,1,6,1,1,1,1,1,1,1,1,1,1,1,1
505,1,2020,1,62,1,0,5,0,1,0,0,0,0,4,4,4,3,4,1,7,1,5,1,1,1,1,5,5,1
506,1,2020,0,57,1,0,3,0,0,1,0,0,0,2,2,6,7,1,1,7,5,3,5,1,5,1,2,1,1
507,1,2020,1,67,1,1,3,0,1,0,0,0,0,6,3,5,6,6,2,6,2,6,7,1,2,2,2,1,0
508,1,2020,0,58,0,0,4,0,1,0,0,0,0,4,4,4,4,4,4,4,4,4,4,4,4,4,4,4,1
509,1,2020,1,53,1,0,4,0,1,0,0,0,0,1,1,1,1,1,1,1,1,1,1,1,1,1,1,1,1
510,1,2020,0,43,1,1,4,0,0,1,0,0,0,5,3,5,5,5,5,5,5,5,5,5,5,5,5,5,0
511,1,2020,1,54,0,0,4,0,1,0,0,0,0,4,3,4,4,4,4,4,4,4,4,4,4,4,4,4,1
512,1,2020,1,43,0,0,3,0,1,0,0,0,0,4,4,4,6,1,1,7,1,4,4,1,5,1,3,1,1
513,1,2020,1,60,1,0,5,0,1,0,0,0,0,7,7,7,7,7,1,7,1,7,1,1,1,1,1,1,1
514,1,2020,0,41,1,1,3,0,0,1,0,0,0,4,5,4,5,4,3,6,4,4,5,3,4,4,6,5,1
515,1,2020,0,61,1,1,1,0,0,1,0,0,0,5,2,5,5,5,2,5,2,4,2,2,2,2,5,3,1
516,1,2020,1,50,1,1,5,0,1,0,0,0,0,5,5,5,3,4,3,3,3,4,3,3,3,3,3,3,0
517,1,2020,0,46,1,0,5,0,1,0,0,0,0,2,5,5,5,2,2,7,6,2,5,1,7,5,6,7,1
518,1,2020,1,62,1,1,5,0,1,0,0,0,0,6,7,6,6,6,4,7,1,6,4,1,7,1,5,7,0
519,1,2020,0,78,0,1,0,1,0,1,0,0,0,4,6,7,7,2,6,6,2,5,3,2,1,2,1,2,0
520,1,2020,0,70,1,1,5,0,0,1,0,0,0,5,3,5,3,4,3,7,2,5,4,4,4,1,4,1,0
521,1,2020,1,50,1,1,5,0,1,0,0,0,0,6,3,5,7,7,1,7,1,5,1,1,4,1,1,1,0
522,1,2020,1,69,1,1,5,0,1,0,0,0,0,4,7,4,7,6,6,7,1,5,2,1,2,2,1,2,0
523,1,2020,1,43,1,1,0,1,1,0,0,0,0,3,2,2,6,2,1,7,5,3,5,2,3,1,5,5,1
524,1,2020,0,54,1,1,4,0,0,1,0,0,0,5,5,5,6,5,6,6,7,3,7,1,6,4,5,7,1
525,1,2020,0,54,0,0,1,0,0,0,0,1,0,4,2,3,6,4,5,6,1,3,2,1,4,1,1,4,0
526,1,2020,1,71,1,1,4,0,0,0,0,1,0,5,6,5,7,6,6,7,5,5,5,3,1,1,5,1,0
527,1,2020,1,53,1,1,3,0,1,0,0,0,0,4,4,4,7,7,1,3,1,4,1,1,3,1,1,1,0
528,1,2020,1,49,0,0,5,0,1,0,0,0,0,4,5,4,4,4,4,4,4,4,4,4,4,4,4,5,1
529,1,2020,1,71,1,1,2,0,0,0,0,1,0,5,6,6,6,1,1,6,1,4,1,1,1,1,1,1,1
530,1,2020,1,56,0,0,2,0,1,0,0,0,0,4,4,4,4,4,4,4,5,4,5,5,5,5,5,5,1
531,1,2020,1,51,0,0,3,0,1,0,0,0,0,5,5,3,6,3,5,5,2,5,1,1,4,1,3,2,1
532,1,2020,0,68,1,1,0,1,0,1,0,0,0,2,5,5,5,1,1,7,5,4,6,3,7,2,1,1,1
533,1,2020,0,59,1,1,2,0,0,0,0,1,0,5,7,5,6,5,1,7,5,1,3,1,7,3,6,1,1
534,1,2020,1,67,1,1,2,0,1,0,0,0,0,3,7,5,2,4,2,7,1,4,1,1,1,1,1,1,1
535,1,2020,0,57,0,1,1,0,1,0,0,0,0,3,1,1,7,1,1,7,5,3,5,1,6,1,6,1,1
536,1,2020,0,63,1,1,0,1,0,1,0,0,0,5,1,5,6,4,4,7,4,4,5,3,3,1,5,4,0
537,1,2020,0,47,0,0,2,0,1,0,0,0,0,4,5,5,2,5,5,6,2,3,4,1,4,1,3,5,1
538,1,2020,0,34,1,1,3,0,1,0,0,0,0,5,1,6,5,6,1,7,3,5,5,4,1,1,4,5,0
539,1,2020,0,66,1,1,3,0,0,1,0,0,0,4,5,4,7,6,1,7,2,4,5,2,1,1,2,1,1
540,1,2020,1,68,1,0,2,0,1,0,0,0,0,4,2,4,7,2,1,6,2,5,6,1,1,1,4,1,1
541,1,2020,1,40,0,0,3,0,1,0,0,0,0,4,4,3,2,4,4,4,4,4,6,3,4,4,6,4,1
542,1,2020,1,55,1,1,5,0,1,0,0,0,0,4,4,4,4,4,4,4,4,4,4,4,4,4,4,4,0
543,1,2020,1,53,1,1,5,0,1,0,0,0,0,5,6,5,4,6,1,6,2,3,5,1,3,1,2,1,1
544,1,2020,1,43,1,0,3,0,1,0,0,0,0,1,1,5,3,5,5,7,6,7,4,1,5,4,5,7,1
545,1,2020,1,72,0,1,2,0,0,0,0,1,0,5,6,3,6,2,2,2,6,3,5,2,7,5,2,2,1
546,1,2020,1,38,0,0,0,1,1,0,0,0,0,6,5,5,3,5,4,6,3,4,5,2,2,1,3,2,0
547,1,2020,1,62,1,1,0,1,1,0,0,0,0,2,2,2,2,2,2,2,6,2,2,2,2,2,2,2,1
548,1,2020,1,58,0,0,0,1,0,0,0,1,0,4,4,5,4,4,4,4,4,4,4,4,4,4,4,4,0
549,1,2020,1,68,1,1,5,0,1,0,0,0,0,5,6,6,6,5,4,6,3,6,4,4,6,3,4,6,0
550,1,2020,1,48,0,0,3,0,1,0,0,0,0,1,2,1,5,1,3,7,5,2,5,4,5,2,6,6,1
551,1,2020,1,45,1,1,4,0,1,0,0,0,0,2,2,3,3,6,1,7,4,2,5,1,6,2,3,2,1
552,1,2020,1,59,1,1,5,0,1,0,0,0,0,5,7,5,5,5,5,5,5,5,5,5,5,5,5,5,0
553,1,2020,1,70,1,1,4,0,0,0,0,1,0,6,6,6,7,6,1,5,2,2,2,1,1,4,1,1,1
554,1,2020,0,57,0,0,2,0,1,0,0,0,0,4,5,4,5,4,4,5,4,4,3,4,4,3,5,4,1
555,1,2020,0,53,0,0,0,1,0,0,0,1,0,2,1,5,2,4,1,3,5,1,4,3,5,4,5,4,1
556,1,2020,1,57,0,0,1,0,1,0,0,0,0,2,5,5,7,1,1,6,2,4,5,1,1,1,1,1,1
557,1,2020,1,61,1,1,5,0,1,0,0,0,0,4,6,6,7,4,1,6,1,5,1,1,1,1,1,1,1
558,1,2020,1,42,0,0,3,0,1,0,0,0,0,1,1,1,1,1,5,7,6,1,5,1,1,1,5,1,1
559,1,2020,1,75,1,1,4,0,0,0,0,1,0,2,2,6,7,5,6,7,2,2,3,2,4,1,3,1,0
560,1,2020,1,65,1,1,1,0,0,0,0,1,0,4,5,4,6,5,1,6,4,5,5,3,4,2,4,4,0
561,1,2020,1,49,1,1,5,0,1,0,0,0,0,4,4,4,4,4,4,4,4,4,4,4,4,4,4,4,1
562,1,2020,0,48,1,1,5,0,0,1,0,0,0,4,1,2,4,4,4,4,5,4,5,5,4,4,5,5,1
563,1,2020,1,71,1,1,4,0,0,0,0,1,0,4,7,5,5,5,5,5,2,5,2,2,2,1,2,2,0
564,1,2020,0,36,0,0,3,0,1,0,0,0,0,1,3,3,2,2,1,5,4,1,5,4,4,4,3,4,1
565,1,2020,1,52,0,0,4,0,1,0,0,0,0,1,2,2,6,2,2,2,1,2,1,1,2,1,1,1,1
566,1,2020,1,58,0,0,4,0,1,0,0,0,0,4,4,4,4,4,3,4,4,4,4,4,4,4,4,4,1
567,1,2020,0,50,0,0,0,1,1,0,0,0,0,1,1,3,3,1,1,1,1,1,2,1,1,1,5,6,1
568,1,2020,0,60,0,0,3,0,1,0,0,0,0,4,3,4,6,5,2,6,2,4,5,3,3,2,5,5,1
569,1,2020,1,43,0,0,4,0,1,0,0,0,0,5,6,4,5,2,2,5,2,5,2,2,2,2,5,5,0
570,1,2020,0,57,1,1,5,0,1,0,0,0,0,6,6,6,7,1,1,7,1,4,6,2,1,1,5,2,0
571,1,2020,1,72,1,1,2,0,0,0,0,1,0,5,6,6,6,6,2,5,1,5,5,1,1,1,1,5,1
572,1,2020,0,69,1,1,2,0,0,1,0,0,0,5,5,6,6,2,2,7,1,6,1,1,4,1,4,1,1
573,1,2020,1,62,1,1,5,0,1,0,0,0,0,4,4,4,4,4,4,4,4,4,4,4,4,4,5,4,1
574,1,2020,1,78,1,1,2,0,0,0,0,1,0,5,5,5,6,4,4,4,3,5,3,1,4,3,3,1,1
575,1,2020,1,60,1,1,4,0,1,0,0,0,0,4,4,4,4,3,1,6,4,3,4,2,4,5,4,4,1
576,1,2020,1,69,1,1,5,0,1,0,0,0,0,4,5,4,4,3,5,5,4,5,3,1,1,1,2,2,0
577,1,2020,1,75,0,0,5,0,0,0,0,1,0,4,5,5,7,2,1,6,2,4,2,1,2,2,2,1,1
578,1,2020,0,47,0,0,2,0,1,0,0,0,0,5,5,5,5,2,1,4,4,3,5,5,4,4,4,4,1
579,1,2020,0,53,1,1,3,0,1,0,0,0,0,1,5,4,6,4,1,7,2,4,5,2,4,1,5,1,1
580,1,2020,1,44,0,0,5,0,1,0,0,0,0,5,6,6,3,3,5,7,3,3,6,1,5,6,6,5,0
581,1,2020,0,51,0,0,3,0,1,0,0,0,0,6,2,4,3,1,6,7,1,4,2,1,4,1,5,2,1
582,1,2020,0,35,1,1,2,0,1,0,0,0,0,3,5,4,3,3,4,5,4,3,6,6,3,3,3,5,1
583,1,2020,1,71,1,1,5,0,1,0,0,0,0,7,2,6,6,6,1,7,1,7,1,1,6,1,5,5,1
584,1,2020,1,54,1,1,5,0,1,0,0,0,0,1,1,3,3,3,1,5,1,4,1,1,5,2,6,4,1
585,1,2020,1,53,1,1,4,0,1,0,0,0,0,2,2,4,4,4,3,5,4,3,4,3,5,3,5,5,1
586,1,2020,1,66,1,1,2,0,1,0,0,0,0,2,6,5,5,5,1,7,4,5,5,3,6,1,2,7,1
587,1,2020,1,37,0,0,2,0,1,0,0,0,0,1,1,1,2,1,1,1,7,2,7,7,2,1,5,5,1
588,1,2020,1,49,1,1,5,0,1,0,0,0,0,6,4,5,6,4,2,6,6,5,5,2,1,1,4,1,1
589,1,2020,1,57,0,0,2,0,1,0,0,0,0,3,2,2,3,3,2,3,2,2,2,1,5,2,2,2,1
590,1,2020,1,58,1,1,3,0,1,0,0,0,0,2,5,3,1,1,1,1,3,1,5,4,1,1,5,7,1
591,1,2020,1,47,1,1,3,0,1,0,0,0,0,5,4,5,5,5,4,4,5,5,6,5,6,3,6,6,0
592,1,2020,1,64,0,0,2,0,1,0,0,0,0,3,3,3,2,3,2,4,3,3,4,3,3,4,5,3,1
593,1,2020,1,55,1,0,5,0,1,0,0,0,0,4,5,6,5,5,1,7,1,4,5,4,1,1,3,5,1
594,1,2020,0,49,1,0,5,0,0,1,0,0,0,5,5,6,5,3,3,6,5,4,5,4,2,2,3,3,0
595,1,2020,1,66,1,1,3,0,0,0,0,1,0,5,3,1,6,5,1,7,1,4,1,1,3,1,1,1,0
596,1,2020,1,48,0,0,3,0,0,0,0,1,0,5,2,4,4,3,3,7,5,3,5,2,6,4,5,6,1
597,1,2020,1,48,1,1,3,0,1,0,0,0,0,4,1,4,2,5,1,3,5,4,6,3,4,5,5,4,1
598,1,2020,0,37,1,1,4,0,1,0,0,0,0,4,6,6,6,5,6,6,5,6,5,1,4,4,2,3,0
599,1,2020,0,72,1,1,2,0,0,1,0,0,0,4,7,6,7,4,6,7,1,7,2,1,1,1,2,1,0
600,1,2020,0,40,1,1,2,0,0,1,0,0,0,4,3,3,3,1,1,5,1,4,5,1,4,1,5,7,0
601,1,2020,1,37,1,1,5,0,1,0,0,0,0,3,5,3,1,3,1,7,5,4,3,1,3,3,3,5,1
602,1,2020,1,56,1,1,5,0,1,0,0,0,0,4,4,4,4,4,4,4,4,4,4,4,4,2,4,4,0
603,1,2020,0,61,1,1,0,1,0,1,0,0,0,5,5,5,5,1,4,7,1,5,6,2,5,1,5,1,1
604,1,2020,1,40,0,0,0,1,0,0,0,1,0,1,1,1,1,1,1,1,1,1,1,1,1,1,1,1,1
605,1,2020,1,56,0,0,3,0,1,0,0,0,0,4,6,4,4,4,5,6,3,4,3,3,3,3,3,3,1
606,1,2020,1,43,1,1,4,0,1,0,0,0,0,5,6,4,4,4,4,5,4,4,4,4,4,4,4,4,0
607,1,2020,1,53,1,1,4,0,1,0,0,0,0,2,4,2,5,5,4,7,3,4,6,2,4,1,4,7,1
608,1,2020,1,57,1,1,5,0,1,0,0,0,0,4,5,4,5,6,2,7,2,4,4,1,1,2,2,2,1
609,1,2020,0,72,1,1,4,0,0,1,0,0,0,6,6,6,7,6,6,7,1,7,5,1,1,1,2,1,0
610,1,2020,1,57,1,0,5,0,1,0,0,0,0,5,4,5,5,5,5,7,1,5,5,2,2,1,3,3,1
611,1,2020,0,45,1,1,5,0,1,0,0,0,0,3,4,3,3,6,4,2,3,4,5,3,3,3,3,4,1
612,1,2020,1,56,1,1,2,0,1,0,0,0,0,4,4,4,4,4,4,4,4,4,4,4,4,4,4,1,1
613,1,2020,0,69,1,1,1,0,0,1,0,0,0,7,7,7,7,6,1,7,1,5,5,1,1,1,1,1,1
614,1,2020,1,52,1,1,5,0,1,0,0,0,0,5,7,5,7,5,5,7,2,6,1,1,2,2,1,3,0
615,1,2020,1,33,0,0,1,0,0,0,0,0,1,5,1,1,5,1,1,1,1,1,5,1,5,1,1,1,1
616,1,2020,0,63,1,1,5,0,0,1,0,0,0,6,6,6,6,6,6,6,1,6,1,1,1,1,1,1,0
617,1,2020,0,46,0,0,3,0,1,0,0,0,0,3,3,2,6,3,1,5,2,2,5,1,4,1,3,2,1
618,1,2020,0,51,1,1,5,0,1,0,0,0,0,1,1,1,1,1,1,1,1,1,1,1,1,1,1,1,1
619,1,2020,1,57,1,1,3,0,1,0,0,0,0,2,1,2,7,2,1,6,1,4,1,1,5,1,1,1,1
620,1,2020,1,62,0,0,2,0,0,0,0,1,0,4,4,4,4,4,4,4,4,5,4,4,4,4,4,4,1
621,1,2020,1,60,1,1,5,0,1,0,0,0,0,4,1,4,7,2,5,7,1,4,1,1,5,2,1,1,1
622,1,2020,0,48,0,0,1,0,0,0,0,0,1,2,2,2,4,1,1,4,4,1,5,4,7,4,4,7,1
623,1,2020,1,67,1,0,2,0,1,0,0,0,0,1,1,1,1,1,1,1,1,1,1,1,1,1,1,1,1
624,1,2020,0,51,1,1,3,0,0,1,0,0,0,3,1,6,6,1,1,7,5,4,4,2,5,1,4,1,0
625,1,2020,1,44,0,0,4,0,1,0,0,0,0,5,2,2,3,1,2,5,2,5,2,1,3,1,1,2,1
626,1,2020,0,46,1,1,3,0,0,1,0,0,0,5,3,3,5,4,1,5,1,4,2,1,4,1,4,5,1
627,1,2020,0,54,1,1,0,1,0,1,0,0,0,4,5,5,5,5,3,7,1,5,5,1,2,2,4,2,1
628,1,2020,1,54,0,0,4,0,1,0,0,0,0,5,2,2,2,2,2,2,2,3,2,2,3,2,3,5,1
629,1,2020,1,65,1,1,2,0,0,0,0,1,0,5,5,5,7,5,1,5,3,7,5,1,3,3,1,1,1
630,1,2020,1,47,0,0,5,0,1,0,0,0,0,5,6,6,5,1,1,5,5,5,2,1,3,4,5,5,1
631,1,2020,0,52,0,0,0,1,1,0,0,0,0,1,1,1,1,1,1,1,4,1,3,3,1,1,2,2,1
632,1,2020,1,40,0,0,3,0,0,0,0,0,1,3,5,4,5,2,1,5,3,1,3,1,2,1,5,2,1
633,1,2020,1,60,1,1,5,0,1,0,0,0,0,2,6,2,2,2,2,2,1,2,1,1,1,2,1,1,0
634,1,2020,0,53,0,0,0,1,1,0,0,0,0,2,5,2,6,1,5,7,6,4,5,1,1,1,1,5,1
635,1,2020,1,63,0,0,2,0,0,0,0,1,0,5,5,5,6,3,1,6,2,4,4,4,1,1,3,1,1
636,1,2020,0,40,0,0,3,0,1,0,0,0,0,1,1,1,2,1,1,7,6,1,6,6,2,4,5,4,1
637,1,2020,1,62,1,1,2,0,1,0,0,0,0,4,5,4,7,4,2,7,4,5,5,1,7,4,3,7,1
638,1,2020,1,43,1,1,0,1,1,0,0,0,0,4,5,6,5,1,1,7,5,5,3,4,7,1,4,5,1
639,1,2020,1,56,1,1,4,0,1,0,0,0,0,4,4,4,4,4,4,4,4,4,4,4,4,4,4,5,0
640,1,2020,0,65,0,0,2,0,0,0,0,1,0,7,4,7,7,1,7,7,1,7,4,1,3,1,1,1,0
641,1,2020,1,53,0,0,5,0,1,0,0,0,0,6,4,4,6,4,5,6,5,5,4,4,3,4,4,5,0
642,1,2020,1,75,1,1,5,0,0,0,0,1,0,3,3,3,3,3,4,4,4,3,4,4,3,3,4,4,1
643,1,2020,1,54,1,1,5,0,1,0,0,0,0,6,7,5,6,5,1,7,1,4,6,1,2,1,1,1,0
644,1,2020,0,62,1,1,5,0,0,1,0,0,0,4,3,5,7,3,5,7,1,4,1,1,1,1,1,1,1
645,1,2020,1,45,0,0,3,0,1,0,0,0,0,3,2,5,5,1,1,6,2,3,5,1,3,1,4,3,1
646,1,2020,1,57,0,0,1,0,1,0,0,0,0,2,2,2,6,2,2,6,3,3,6,2,2,5,7,2,1
647,1,2020,0,41,1,1,5,0,1,0,0,0,0,1,6,6,7,7,5,7,5,6,5,1,4,3,1,7,1
648,1,2020,0,73,1,1,2,0,0,1,0,0,0,6,6,6,6,6,6,6,1,6,5,4,1,1,4,1,0
649,1,2020,1,72,0,0,1,0,0,0,0,0,1,4,6,2,7,1,1,1,1,4,3,1,1,1,1,1,1
650,1,2020,1,60,0,0,5,0,1,0,0,0,0,5,5,3,4,1,2,5,1,4,3,1,1,1,5,5,0
651,1,2020,1,51,1,1,5,0,1,0,0,0,0,4,4,4,4,4,4,4,4,4,4,4,4,4,4,4,0
652,1,2020,0,51,0,0,4,0,1,0,0,0,0,5,2,5,6,1,5,7,2,4,3,1,1,1,2,1,1
653,1,2020,1,71,1,1,4,0,1,0,0,0,0,6,7,7,7,7,7,7,1,7,2,1,1,1,5,4,1
654,1,2020,0,34,1,0,0,1,1,0,0,0,0,3,5,4,4,2,2,6,3,3,4,2,4,1,6,5,0
655,1,2020,1,49,0,1,2,0,1,0,0,0,0,5,7,7,6,1,1,6,2,5,3,2,3,1,2,3,1
656,1,2020,0,72,1,1,5,0,1,0,0,0,0,5,5,5,5,5,1,5,2,5,5,3,4,2,3,2,0
657,1,2020,1,64,1,1,4,0,1,0,0,0,0,5,4,5,5,3,5,6,3,4,5,4,4,4,5,5,0
658,1,2020,1,43,0,0,3,0,1,0,0,0,0,7,7,4,1,1,1,1,1,7,1,1,5,1,1,1,1
659,1,2020,1,52,0,0,2,0,1,0,0,0,0,3,6,5,1,3,1,1,4,1,4,4,4,1,3,3,1
660,1,2020,1,54,1,0,2,0,1,0,0,0,0,2,1,1,1,1,1,1,1,1,1,1,1,1,1,1,1
661,1,2020,0,52,1,0,5,0,0,1,0,0,0,7,5,5,7,1,5,7,2,5,2,2,2,1,2,1,1
662,1,2020,1,71,1,1,0,1,1,0,0,0,0,4,3,6,6,2,1,7,1,4,2,1,5,1,2,5,0
663,1,2020,1,54,1,1,4,0,1,0,0,0,0,2,2,2,2,2,2,3,2,3,2,2,2,2,2,2,1
664,1,2020,1,58,0,0,2,0,1,0,0,0,0,4,2,4,7,4,5,7,2,4,2,1,7,1,4,5,1
665,1,2020,1,56,1,1,5,0,0,0,0,1,0,5,5,5,2,1,5,6,4,4,5,1,7,2,6,7,0
666,1,2020,0,49,0,0,2,0,0,0,0,1,0,3,3,3,4,1,1,7,6,2,5,4,6,5,5,4,1
667,1,2020,1,54,1,1,4,0,1,0,0,0,0,6,7,4,5,1,2,7,7,7,7,6,7,7,4,7,1
668,1,2020,0,55,1,1,0,1,1,0,0,0,0,4,2,3,6,4,5,5,2,4,2,1,5,1,3,3,1
669,1,2020,0,73,1,1,3,0,0,1,0,0,0,3,5,6,6,5,5,6,5,5,5,3,4,1,5,3,1
670,1,2020,1,66,1,1,1,0,0,0,0,1,0,4,5,4,6,4,1,5,2,4,1,1,4,4,2,1,1
671,1,2020,1,62,1,1,5,0,1,0,0,0,0,5,4,2,6,5,5,5,3,5,2,2,4,2,2,2,0
672,1,2020,0,68,1,1,5,0,0,1,0,0,0,4,6,6,7,6,1,7,5,2,6,3,2,1,2,1,1
673,1,2020,1,49,1,0,5,0,1,0,0,0,0,2,2,2,4,2,2,6,1,4,1,1,4,4,1,1,1
674,1,2020,1,38,1,1,5,0,1,0,0,0,0,1,1,1,5,1,5,7,5,4,5,1,2,2,1,1,1
675,1,2020,0,65,1,1,3,0,0,1,0,0,0,3,2,5,6,2,2,7,2,4,5,5,4,2,3,4,0
676,1,2020,1,40,1,1,5,0,1,0,0,0,0,5,5,3,5,4,4,7,2,5,4,1,1,1,2,6,0
677,1,2020,0,61,0,1,2,0,1,0,0,0,0,5,6,5,4,1,6,7,1,5,5,1,4,1,1,7,1
678,1,2020,0,43,1,1,3,0,1,0,0,0,0,6,7,6,5,1,5,5,6,3,5,1,5,1,3,5,0
679,1,2020,1,51,1,1,4,0,1,0,0,0,0,2,5,3,2,2,2,2,2,2,2,2,2,2,2,2,1
680,1,2020,0,39,1,1,3,0,0,1,0,0,0,2,2,3,2,2,1,6,5,2,2,1,6,2,5,6,0
681,1,2020,1,36,0,0,1,0,1,0,0,0,0,6,5,4,1,4,1,4,4,2,6,3,5,1,1,3,1
682,1,2020,0,40,1,0,0,1,1,0,0,0,0,4,4,5,6,3,1,7,3,3,5,2,7,1,6,4,1
683,1,2020,1,75,1,1,2,0,0,0,0,1,0,4,3,4,4,4,4,4,4,4,3,4,4,4,4,4,1
684,1,2020,1,45,0,0,1,0,1,0,0,0,0,3,3,2,5,3,1,5,4,4,3,4,4,4,4,4,1
685,1,2020,1,56,0,0,1,0,0,0,0,1,0,4,5,4,6,1,1,3,4,4,4,2,5,1,4,1,1
686,1,2020,1,49,0,0,2,0,1,0,0,0,0,2,1,2,7,5,1,5,1,4,5,1,1,1,5,1,0
687,1,2020,0,56,1,1,5,0,0,1,0,0,0,4,4,4,4,4,4,6,5,4,5,5,4,4,5,5,1
688,1,2020,1,72,1,1,2,0,0,0,0,1,0,7,5,5,7,4,5,5,4,6,5,1,2,2,2,2,0
689,1,2020,1,38,0,0,1,0,0,0,0,1,0,4,4,4,4,4,4,4,4,4,4,4,4,4,4,4,1
690,1,2020,1,48,1,0,5,0,1,0,0,0,0,4,4,4,4,4,4,4,4,4,4,4,4,4,4,4,0
691,1,2020,1,59,1,1,0,1,1,0,0,0,0,5,5,4,5,5,3,6,2,5,4,2,3,2,4,4,1
692,1,2020,1,56,1,1,4,0,1,0,0,0,0,1,1,1,2,5,5,5,5,2,6,6,4,4,5,4,1
693,1,2020,1,56,1,1,4,0,1,0,0,0,0,1,6,6,2,1,1,7,1,4,4,1,2,1,6,4,1
694,1,2020,1,73,1,1,2,0,1,0,0,0,0,2,2,2,5,2,1,7,1,5,1,1,3,1,1,1,0
695,1,2020,1,43,1,1,5,0,1,0,0,0,0,5,5,5,7,5,6,7,3,4,1,1,5,1,2,6,0
696,1,2020,0,57,0,1,4,0,0,0,0,1,0,5,3,3,7,7,1,7,1,5,2,1,4,1,3,1,1
697,1,2020,1,62,1,1,4,0,1,0,0,0,0,6,7,5,7,6,2,5,2,7,3,1,5,1,1,5,1
698,1,2020,0,32,1,0,3,0,1,0,0,0,0,5,7,5,2,4,5,7,6,4,5,2,7,1,5,7,0
699,1,2020,0,47,0,0,4,0,1,0,0,0,0,4,4,5,4,4,4,4,5,4,5,4,4,4,4,4,0
700,1,2020,1,55,0,0,2,0,1,0,0,0,0,1,1,1,6,1,1,7,4,1,1,1,4,1,5,1,1
701,1,2020,1,57,0,0,5,0,1,0,0,0,0,1,6,7,7,1,1,7,7,1,4,1,1,4,1,4,1
702,1,2020,0,72,1,1,2,0,0,1,0,0,0,6,5,6,6,6,6,5,2,5,5,2,6,1,2,2,0
703,1,2020,1,40,0,0,4,0,1,0,0,0,0,2,2,2,2,2,2,2,2,2,2,2,2,2,2,2,1
704,1,2020,1,35,1,0,4,0,1,0,0,0,0,4,2,1,5,5,1,1,1,2,2,1,1,1,1,1,0
705,1,2020,1,46,1,0,4,0,1,0,0,0,0,6,6,6,4,6,2,7,2,6,2,1,2,1,1,2,1
706,1,2020,1,54,1,1,3,0,1,0,0,0,0,2,5,5,4,7,2,7,2,4,2,2,3,2,2,3,0
707,1,2020,1,35,0,0,4,0,1,0,0,0,0,3,4,3,2,3,1,4,5,4,5,4,4,4,4,4,0
708,1,2020,0,42,1,1,4,0,1,0,0,0,0,3,4,5,5,5,5,5,5,4,5,4,4,3,5,5,0
709,1,2020,1,77,1,1,4,0,0,0,0,1,0,5,6,7,7,4,7,6,1,6,3,2,2,1,1,1,1
710,1,2020,1,70,1,1,3,0,0,0,0,1,0,2,5,4,6,5,5,7,4,4,5,4,5,3,4,4,1
711,1,2020,0,38,1,1,5,0,0,1,0,0,0,5,1,6,7,3,2,7,2,7,5,3,1,1,1,1,1
712,1,2020,1,49,1,0,5,0,1,0,0,0,0,1,3,3,4,3,3,6,3,3,3,3,3,2,3,3,0
713,1,2020,1,38,0,0,5,0,1,0,0,0,0,4,4,4,7,2,5,7,1,4,5,1,5,1,1,5,0
714,1,2020,1,56,1,1,5,0,1,0,0,0,0,5,5,5,3,4,1,7,4,6,3,1,5,2,3,5,1
715,1,2020,0,70,0,1,2,0,1,0,0,0,0,6,5,5,6,1,1,1,3,4,5,4,6,1,4,1,1
716,1,2020,1,61,1,1,2,0,1,0,0,0,0,5,6,5,3,1,1,7,4,5,5,5,4,1,3,4,1
717,1,2020,1,62,0,0,3,0,1,0,0,0,0,2,4,3,2,2,2,7,5,3,6,5,6,4,4,6,1
718,1,2020,1,64,1,1,0,1,1,0,0,0,0,4,5,4,5,5,4,5,4,5,5,4,4,4,4,4,1
719,1,2020,0,61,1,1,0,1,0,1,0,0,0,5,6,5,5,4,4,7,1,4,5,3,2,1,3,1,0
720,1,2020,1,71,0,0,1,0,0,0,0,1,0,4,4,4,4,5,3,4,4,4,3,4,4,4,5,4,1
721,1,2020,1,39,0,0,0,1,1,0,0,0,0,1,1,1,7,4,1,7,2,1,1,1,4,1,1,1,1
722,1,2020,0,45,0,0,0,1,1,0,0,0,0,5,1,4,3,5,1,5,1,5,2,1,6,1,1,4,0
723,1,2020,1,60,0,0,4,0,1,0,0,0,0,4,4,4,4,4,4,4,4,4,4,4,4,4,4,4,1
724,1,2020,0,44,1,1,4,0,1,0,0,0,0,5,3,5,5,1,1,6,6,4,2,2,3,6,2,2,1
725,1,2020,0,45,1,1,5,0,0,1,0,0,0,4,4,5,7,4,1,5,6,3,5,5,5,1,5,7,0
726,1,2020,1,69,1,1,3,0,1,0,0,0,0,5,5,5,5,2,5,5,5,3,6,4,7,4,6,6,1
727,1,2020,1,52,1,1,3,0,1,0,0,0,0,6,6,4,5,7,7,7,5,6,7,2,7,4,6,7,0
728,1,2020,0,71,1,1,2,0,0,1,0,0,0,6,6,6,6,2,1,6,1,2,5,1,4,2,1,1,1
729,1,2020,0,32,0,0,0,1,1,0,0,0,0,2,5,5,3,3,1,5,5,4,3,1,3,1,2,5,0
730,1,2020,0,53,1,0,4,0,0,1,0,0,0,3,5,5,5,1,5,7,5,4,6,2,1,1,3,1,1
731,1,2020,0,38,0,0,3,0,1,0,0,0,0,1,5,5,5,1,5,5,2,1,5,2,5,1,5,5,1
732,1,2020,1,40,0,0,3,0,1,0,0,0,0,4,4,5,4,4,4,4,4,4,4,4,4,4,4,4,1
733,1,2020,0,43,0,0,0,1,0,0,0,1,0,1,1,1,1,1,1,1,3,1,1,1,1,1,1,5,1
734,1,2020,0,49,1,0,2,0,1,0,0,0,0,5,5,5,6,1,1,6,4,6,5,2,4,4,1,1,1
735,1,2020,0,52,1,0,3,0,1,0,0,0,0,2,5,1,7,1,3,7,2,2,5,1,5,1,5,7,0
736,1,2020,0,51,0,0,2,0,1,0,0,0,0,1,1,1,1,1,1,1,7,1,7,7,7,1,7,7,1
737,1,2020,1,59,1,1,1,0,0,0,0,0,1,3,1,4,4,4,4,4,4,4,6,4,4,4,4,1,1
738,1,2020,0,45,1,1,3,0,0,1,0,0,0,4,4,4,4,4,4,4,4,4,4,4,4,4,4,4,0
739,1,2020,1,48,0,0,4,0,1,0,0,0,0,3,4,4,4,3,4,4,3,4,4,3,4,4,3,3,0
740,1,2020,0,48,0,0,3,0,0,0,0,1,0,5,3,5,5,7,2,6,2,5,5,1,3,2,3,3,1
741,1,2020,0,53,1,0,3,0,0,1,0,0,0,4,3,4,7,3,1,5,4,4,4,4,4,4,4,4,1
742,1,2020,1,62,1,1,2,0,1,0,0,0,0,1,1,1,1,1,1,1,1,1,1,1,1,1,1,1,1
743,1,2020,1,55,1,1,5,0,1,0,0,0,0,2,1,2,2,1,1,1,1,1,2,2,2,1,2,1,0
744,1,2020,0,54,1,0,0,1,0,0,0,1,0,5,4,6,7,1,1,6,1,4,5,1,4,1,1,4,1
745,1,2020,0,61,1,1,3,0,1,0,0,0,0,1,1,5,5,2,1,5,1,3,5,3,4,2,4,4,0
746,1,2020,0,45,0,0,2,0,1,0,0,0,0,2,6,4,2,5,1,7,2,5,6,6,2,2,5,3,1
747,1,2020,1,49,1,1,5,0,1,0,0,0,0,3,5,4,5,5,5,5,2,4,2,2,4,2,3,5,0
748,1,2020,0,52,1,0,5,0,1,0,0,0,0,3,3,3,3,3,3,3,3,3,3,3,3,3,3,3,1
749,1,2020,0,50,1,1,0,1,1,0,0,0,0,2,3,2,2,2,1,5,6,2,6,1,2,1,5,3,1
750,1,2020,0,56,0,0,1,0,1,0,0,0,0,4,4,4,4,4,4,4,4,6,4,4,4,6,4,7,1
751,1,2020,1,65,1,1,5,0,1,0,0,0,0,6,6,6,6,6,6,3,2,7,1,1,1,1,1,1,0
752,1,2020,1,55,0,0,3,0,1,0,0,0,0,1,5,5,4,4,4,4,6,4,4,4,4,4,4,4,0
753,1,2020,0,48,1,1,5,0,0,0,0,0,1,4,4,5,7,6,3,6,4,4,5,1,4,2,1,5,0
754,1,2020,1,48,0,0,5,0,1,0,0,0,0,5,5,5,5,2,2,5,2,5,4,4,1,2,5,5,1
755,1,2020,0,59,0,0,1,0,0,0,0,0,1,3,2,4,5,3,5,6,2,4,5,1,2,2,2,1,1
756,1,2020,1,56,1,0,5,0,1,0,0,0,0,4,4,4,5,4,5,6,4,5,4,4,4,4,5,5,0
757,1,2020,1,45,1,0,5,0,1,0,0,0,0,3,3,5,5,5,5,5,5,3,5,3,5,2,5,5,1
758,1,2020,1,52,1,0,3,0,1,0,0,0,0,4,6,5,6,6,2,6,4,4,6,3,4,2,5,5,1
759,1,2020,1,54,1,0,5,0,1,0,0,0,0,2,4,3,4,1,1,7,2,2,4,1,2,1,4,3,1
760,1,2020,0,39,1,1,5,0,1,0,0,0,0,5,1,5,3,6,3,4,5,4,6,2,4,4,6,6,0
761,1,2020,0,48,1,1,3,0,1,0,0,0,0,1,1,1,1,1,1,7,4,1,7,4,1,1,7,7,1
762,1,2020,1,58,1,0,3,0,1,0,0,0,0,6,5,6,5,6,1,6,2,4,3,1,3,1,1,2,1
763,1,2020,1,49,1,1,5,0,1,0,0,0,0,4,4,4,4,4,4,4,4,4,5,4,5,4,4,4,0
764,1,2020,0,52,1,1,3,0,0,1,0,0,0,6,6,7,5,7,7,7,3,2,7,6,5,1,7,7,0
765,1,2020,0,37,1,1,2,0,0,1,0,0,0,4,3,5,5,5,2,4,4,5,3,4,5,4,3,5,0
766,1,2020,1,47,1,1,3,0,1,0,0,0,0,2,3,3,3,3,4,3,3,2,3,4,4,3,3,3,1
767,1,2020,1,64,1,1,2,0,0,0,0,1,0,3,5,1,5,5,2,6,4,4,3,1,1,1,1,1,1
768,1,2020,1,48,1,1,0,1,1,0,0,0,0,1,1,2,6,1,1,6,6,3,2,1,6,1,5,1,1
769,1,2020,0,69,1,1,3,0,1,0,0,0,0,3,6,6,5,4,3,7,5,4,5,4,4,1,4,7,0
770,1,2020,1,57,0,0,4,0,1,0,0,0,0,4,4,4,5,4,4,4,1,4,2,1,5,1,1,7,1
771,1,2020,0,68,1,1,2,0,0,1,0,0,0,3,3,3,3,3,3,3,3,3,3,3,3,3,3,3,1
772,1,2020,1,78,1,1,2,0,0,0,0,1,0,7,7,5,5,1,5,2,5,5,4,1,4,4,1,1,1
773,1,2020,1,51,0,0,5,0,1,0,0,0,0,4,4,6,3,2,4,2,6,2,4,5,6,4,3,5,0
774,1,2020,1,50,1,1,5,0,1,0,0,0,0,1,2,2,2,1,1,2,1,2,1,2,2,2,2,2,0
775,1,2020,0,55,1,1,0,1,0,1,0,0,0,1,1,1,1,1,1,7,5,4,5,1,4,1,7,4,0
776,1,2020,0,55,1,1,4,0,0,1,0,0,0,5,6,6,6,6,6,5,5,6,6,6,5,4,5,6,0
777,1,2020,1,44,1,1,5,0,1,0,0,0,0,4,5,5,5,5,3,4,3,4,4,4,4,4,4,4,0
778,1,2020,1,53,1,1,5,0,1,0,0,0,0,5,7,7,6,2,3,6,5,5,5,3,5,4,5,4,1
779,1,2020,0,43,1,1,5,0,0,1,0,0,0,7,1,6,6,1,6,6,6,6,1,1,5,1,1,1,1
780,1,2020,1,32,0,0,4,0,1,0,0,0,0,6,6,6,7,2,7,7,1,6,1,1,1,1,1,1,0
781,1,2020,0,48,1,1,4,0,0,1,0,0,0,6,6,6,6,4,3,6,1,6,5,1,4,1,1,5,0
782,1,2020,1,68,1,1,3,0,1,0,0,0,0,5,6,4,7,4,1,7,5,5,6,6,3,4,7,7,0
783,1,2020,1,34,1,0,0,1,1,0,0,0,0,3,5,5,5,4,1,5,1,3,3,1,2,2,3,5,0
784,1,2020,0,39,0,0,1,0,0,0,0,1,0,1,1,4,1,1,1,7,4,1,4,2,4,4,5,6,1
785,1,2020,0,43,0,0,3,0,1,0,0,0,0,3,5,5,5,5,3,5,3,3,5,3,1,1,5,5,1
786,1,2020,1,49,1,1,5,0,1,0,0,0,0,1,4,5,5,1,1,5,4,3,4,4,3,2,4,4,0
787,1,2020,1,55,0,0,3,0,1,0,0,0,0,4,5,5,5,4,1,7,4,4,4,1,7,1,1,7,0
788,1,2020,1,57,0,0,2,0,1,0,0,0,0,3,4,4,4,4,4,4,4,5,3,4,4,3,4,5,1
789,1,2020,1,68,1,1,5,0,0,0,0,1,0,5,5,4,4,4,2,6,1,7,1,1,1,1,5,1,0
790,1,2020,1,66,1,1,2,0,0,0,0,1,0,3,2,4,6,6,1,6,4,4,4,2,4,1,4,4,0
791,1,2020,1,44,0,0,4,0,1,0,0,0,0,1,1,1,1,1,1,1,1,1,1,1,1,1,1,1,0
792,1,2020,0,39,1,0,3,0,1,0,0,0,0,3,3,4,6,1,1,6,3,4,3,2,4,3,4,4,1
793,1,2020,0,48,1,0,5,0,0,1,0,0,0,5,6,5,4,4,3,4,5,4,4,4,4,4,5,4,1
794,1,2020,1,48,0,0,3,0,1,0,0,0,0,6,6,4,6,6,1,1,5,6,6,4,6,1,4,6,1
795,1,2020,1,46,0,0,3,0,1,0,0,0,0,4,5,5,4,4,4,6,1,5,1,1,4,1,1,1,0
796,1,2020,1,65,1,1,5,0,1,0,0,0,0,3,6,4,5,2,1,6,5,4,5,2,5,4,5,2,1
797,1,2020,1,46,0,0,3,0,1,0,0,0,0,3,2,4,5,2,1,5,2,2,2,2,2,2,2,2,1
798,1,2020,1,52,0,0,2,0,1,0,0,0,0,5,5,4,7,4,4,6,4,4,4,3,6,3,5,6,0
799,1,2020,0,38,1,0,1,0,1,0,0,0,0,1,1,1,5,1,1,5,1,1,5,1,1,1,5,1,1
800,1,2020,1,51,0,0,1,0,1,0,0,0,0,3,4,5,6,4,4,7,5,4,6,5,7,4,5,5,1
801,1,2020,1,60,1,0,5,0,1,0,0,0,0,1,1,7,6,1,1,6,1,5,1,1,1,1,4,1,1
802,1,2020,0,76,1,1,4,0,0,1,0,0,0,5,6,6,6,5,1,6,1,4,2,1,4,1,1,1,1
803,1,2020,0,67,1,1,0,1,1,0,0,0,0,5,5,5,7,5,4,7,4,7,5,4,4,1,4,5,1
804,1,2020,0,51,0,0,2,0,1,0,0,0,0,4,7,4,4,4,4,4,5,4,5,1,4,4,7,6,1
805,1,2020,1,65,0,0,2,0,1,0,0,0,0,3,5,5,5,1,1,6,3,3,5,2,5,1,3,5,0
806,1,2020,0,47,1,0,5,0,1,0,0,0,0,6,6,6,3,7,6,5,1,3,5,1,2,1,1,4,0
807,1,2020,1,61,1,0,1,0,0,0,0,0,1,4,4,4,4,4,4,4,3,4,4,4,4,4,4,4,1
808,1,2020,0,55,0,0,2,0,0,0,0,1,0,5,5,6,7,2,1,7,5,3,6,2,2,1,5,3,1
809,1,2020,0,70,1,1,5,0,0,1,0,0,0,5,6,5,5,5,3,6,2,4,4,2,3,1,5,3,1
810,1,2020,0,39,1,0,0,1,1,0,0,0,0,5,7,7,7,1,6,7,1,7,4,1,1,1,1,1,1
811,1,2020,1,67,1,1,5,0,1,0,0,0,0,2,2,4,5,5,2,6,1,5,3,1,3,2,5,2,1
812,1,2020,1,43,0,0,3,0,1,0,0,0,0,5,5,4,7,6,1,6,3,4,7,1,6,4,5,3,1
813,1,2020,0,37,1,1,4,0,0,1,0,0,0,4,5,6,6,5,5,7,4,5,5,1,2,1,1,2,0
814,1,2020,1,58,1,0,2,0,1,0,0,0,0,4,4,4,4,4,4,4,4,4,4,4,4,4,4,4,1
815,1,2020,0,43,1,1,3,0,0,1,0,0,0,7,6,6,7,4,1,7,5,5,5,3,5,1,7,7,1
816,1,2020,1,44,1,0,0,1,1,0,0,0,0,6,6,6,6,1,1,6,1,6,1,1,3,1,1,1,0
817,1,2020,1,55,0,0,2,0,1,0,0,0,0,5,5,6,7,2,1,7,2,5,2,1,2,1,1,1,1
818,1,2020,1,54,1,1,4,0,1,0,0,0,0,3,4,3,4,7,1,6,1,4,3,3,1,1,3,1,1
819,1,2020,1,63,1,1,2,0,1,0,0,0,0,5,4,5,7,5,5,7,2,5,3,4,5,1,3,5,0
820,1,2020,1,55,0,0,0,1,1,0,0,0,0,6,6,6,4,1,1,6,5,4,6,2,4,4,6,5,0
821,1,2020,1,47,0,0,2,0,1,0,0,0,0,1,1,1,1,1,1,1,1,1,1,1,1,1,1,1,1
822,1,2020,1,54,1,1,5,0,1,0,0,0,0,7,7,7,6,6,4,1,2,7,4,1,3,2,1,1,0
823,1,2020,1,70,0,0,2,0,0,0,0,1,0,1,4,4,5,1,1,6,1,5,5,1,1,1,4,1,1
824,1,2020,1,74,1,1,5,0,1,0,0,0,0,7,7,7,7,7,7,7,1,7,1,1,1,1,1,1,0
825,1,2020,1,67,1,1,0,1,0,0,0,1,0,6,5,5,5,5,3,5,3,4,5,4,4,4,4,4,0
826,1,2020,1,72,0,1,2,0,1,0,0,0,0,5,7,5,4,5,5,5,2,6,2,1,2,2,1,2,0
827,1,2020,1,53,1,0,2,0,1,0,0,0,0,2,2,2,5,4,4,3,5,2,5,2,7,2,5,4,1
828,1,2020,1,51,1,1,5,0,1,0,0,0,0,2,2,5,5,5,3,6,1,5,5,1,4,1,2,6,0
829,1,2020,1,58,0,0,0,1,1,0,0,0,0,4,4,4,5,4,4,4,4,5,4,4,4,4,4,4,0
830,1,2020,1,52,1,0,5,0,1,0,0,0,0,4,5,6,6,4,2,7,2,7,4,2,5,2,2,2,0
831,1,2020,1,55,0,0,0,1,1,0,0,0,0,4,4,4,4,4,4,4,4,4,4,4,4,4,4,4,1
832,1,2020,0,64,1,1,5,0,1,0,0,0,0,5,7,3,7,3,7,6,2,4,1,1,2,1,5,2,0
833,1,2020,1,41,1,0,5,0,1,0,0,0,0,4,5,5,3,1,6,1,1,4,5,1,1,1,1,4,1
834,1,2020,1,45,1,1,3,0,1,0,0,0,0,4,6,6,7,1,6,7,3,5,5,5,4,3,5,4,0
835,1,2020,1,74,1,0,2,0,0,0,0,1,0,5,5,6,5,3,1,5,2,5,5,1,2,1,1,1,1
836,1,2020,0,84,0,1,0,1,0,0,0,1,0,4,5,5,5,5,1,6,4,4,5,4,4,3,4,4,1
837,1,2020,0,51,1,1,5,0,1,0,0,0,0,3,3,4,3,4,4,4,4,4,4,4,3,4,4,4,0
838,1,2020,0,61,1,1,5,0,1,0,0,0,0,1,4,4,6,4,1,4,5,1,5,2,3,1,5,1,1
839,1,2020,1,44,1,1,2,0,1,0,0,0,0,4,4,4,4,4,4,4,4,4,3,4,4,4,4,4,1
840,1,2020,1,58,1,1,5,0,1,0,0,0,0,4,4,4,5,5,3,5,3,5,5,2,4,4,4,3,0
841,1,2020,1,72,1,1,2,0,0,0,0,1,0,5,6,5,6,6,5,6,2,6,2,2,4,2,2,2,1
842,1,2020,0,45,1,0,4,0,0,1,0,0,0,4,4,4,4,4,3,7,4,4,3,3,3,4,4,4,0
843,1,2020,1,44,1,0,5,0,1,0,0,0,0,6,7,6,4,5,5,5,4,4,5,5,5,3,4,6,0
844,1,2020,1,63,0,0,1,0,0,0,0,1,0,5,1,6,7,7,1,7,5,1,5,1,6,4,1,4,1
845,1,2020,0,50,0,0,0,1,1,0,0,0,0,6,2,2,6,1,1,7,5,6,5,1,4,1,5,3,0
846,1,2020,0,78,1,1,3,0,1,0,0,0,0,2,3,3,6,1,2,7,3,5,3,2,4,1,1,1,1
847,1,2020,0,44,0,0,1,0,1,0,0,0,0,3,1,4,1,1,1,7,4,1,5,4,7,4,5,7,1
848,1,2020,1,49,1,0,3,0,1,0,0,0,0,4,4,4,4,4,2,1,4,4,4,4,4,4,4,4,1
849,1,2020,0,70,1,1,3,0,0,1,0,0,0,6,6,7,5,5,3,7,4,6,7,3,3,1,4,1,0
850,1,2020,0,71,0,1,1,0,1,0,0,0,0,6,6,6,5,5,7,7,1,5,1,1,1,1,2,1,0
851,1,2020,0,45,0,0,1,0,1,0,0,0,0,4,5,5,4,2,2,6,4,4,3,4,5,1,5,6,1
852,1,2020,0,53,0,0,2,0,1,0,0,0,0,5,5,6,6,6,5,7,1,6,2,1,4,1,1,4,0
853,1,2020,0,46,1,1,0,1,0,1,0,0,0,5,5,4,5,6,3,5,5,3,2,2,5,4,2,6,0
854,1,2020,1,67,0,1,2,0,1,0,0,0,0,4,4,5,6,2,5,6,3,5,5,3,5,4,5,4,1
855,1,2020,1,55,0,1,1,0,0,0,0,1,0,4,4,4,4,4,4,4,4,4,4,4,4,4,4,4,1
856,1,2020,0,54,1,1,3,0,1,0,0,0,0,4,4,4,7,6,2,6,2,6,5,2,5,2,5,2,0
857,1,2020,1,58,1,0,5,0,1,0,0,0,0,3,5,5,3,3,3,6,5,4,5,4,4,4,4,5,1
858,1,2020,0,51,0,0,4,0,1,0,0,0,0,2,7,4,5,2,6,7,5,2,6,1,7,1,1,7,1
859,1,2020,1,77,1,1,2,0,0,0,0,0,1,7,7,4,7,4,4,7,1,7,1,1,1,1,1,1,1
860,1,2020,1,69,1,1,3,0,1,0,0,0,0,4,4,3,5,4,5,5,4,4,4,3,5,4,3,5,1
861,1,2020,0,35,1,1,3,0,0,1,0,0,0,4,4,6,4,4,4,4,4,4,4,4,4,4,4,4,0
862,1,2020,1,71,1,1,3,0,0,0,0,1,0,7,5,2,6,5,5,7,1,4,1,1,2,1,1,1,0
863,1,2020,1,60,0,0,2,0,1,0,0,0,0,4,4,4,4,4,4,4,1,4,1,1,4,4,2,2,1
864,1,2020,0,43,0,0,0,1,1,0,0,0,0,1,1,1,5,1,1,1,1,1,1,1,1,1,1,1,1
865,1,2020,0,40,1,1,5,0,1,0,0,0,0,5,4,6,7,3,4,7,4,4,2,1,4,1,6,7,0
866,1,2020,0,68,0,1,0,1,1,0,0,0,0,2,2,5,2,2,2,7,2,2,6,6,6,4,2,5,1
867,1,2020,1,55,0,0,2,0,1,0,0,0,0,4,4,4,4,4,4,4,1,4,1,1,4,3,1,1,0
868,1,2020,0,55,0,0,2,0,1,0,0,0,0,1,6,6,4,1,1,7,2,1,2,6,4,3,6,4,1
869,1,2020,1,67,1,1,3,0,1,0,0,0,0,5,3,3,6,6,5,6,2,4,2,1,2,1,2,2,0
870,1,2020,1,50,0,0,0,1,1,0,0,0,0,4,6,6,6,2,2,5,3,4,5,5,5,2,5,4,1
871,1,2020,1,55,0,0,4,0,1,0,0,0,0,2,2,2,4,2,3,4,4,4,4,4,3,3,4,2,1
872,1,2020,1,60,1,1,5,0,1,0,0,0,0,7,7,6,7,6,6,6,1,6,1,1,1,1,1,1,0
873,1,2020,1,61,1,0,4,0,1,0,0,0,0,3,4,4,4,4,4,4,4,4,4,5,4,4,4,5,1
874,1,2020,1,62,0,0,5,0,1,0,0,0,0,4,4,4,4,4,4,4,4,4,4,4,4,4,4,4,1
875,1,2020,1,35,0,0,2,0,1,0,0,0,0,4,4,4,6,4,4,4,5,1,5,5,4,1,6,5,1
876,1,2020,1,64,1,1,5,0,1,0,0,0,0,4,4,3,5,4,4,3,4,4,3,4,4,4,4,4,0
877,1,2020,1,46,0,1,1,0,0,0,0,1,0,2,1,4,1,2,2,4,4,1,5,4,7,5,5,5,1
878,1,2020,1,66,1,1,5,0,1,0,0,0,0,6,7,6,7,6,1,6,1,6,1,1,2,1,6,1,0
879,1,2020,0,49,0,0,2,0,1,0,0,0,0,6,1,3,6,4,1,7,2,4,5,1,1,1,6,1,0
880,1,2020,1,73,1,1,2,0,0,0,0,1,0,5,6,6,6,5,3,6,2,5,2,2,2,1,2,2,0
881,1,2020,1,66,1,1,5,0,1,0,0,0,0,5,5,5,4,5,5,6,2,5,2,2,2,2,2,2,0
882,1,2020,1,70,1,1,3,0,0,0,0,1,0,6,5,6,7,5,4,5,2,5,2,2,4,3,2,1,0
883,1,2020,1,38,1,1,3,0,1,0,0,0,0,2,2,2,1,2,1,1,1,1,1,1,1,1,2,1,1
884,1,2020,0,74,0,1,1,0,0,1,0,0,0,5,3,5,6,1,1,7,2,4,6,4,4,1,6,1,1
885,1,2020,0,70,1,1,2,0,0,1,0,0,0,6,6,6,7,2,1,7,1,4,5,1,1,1,1,1,0
886,1,2020,0,68,1,1,2,0,1,0,0,0,0,1,5,5,7,5,5,7,1,4,5,3,3,1,1,6,1
887,1,2020,0,47,0,0,2,0,0,0,0,0,1,4,5,6,5,5,1,7,6,3,6,2,5,1,4,6,1
888,1,2020,1,61,1,1,0,1,1,0,0,0,0,2,2,2,7,2,5,5,2,4,3,3,5,1,5,5,0
889,1,2020,0,63,0,0,1,0,0,0,0,1,0,4,6,6,2,2,5,7,1,6,2,1,1,1,1,1,1
890,1,2020,1,56,0,0,4,0,1,0,0,0,0,1,1,1,5,1,1,1,4,1,4,4,4,4,4,4,1
891,1,2020,1,80,1,1,0,1,1,0,0,0,0,6,6,6,6,1,1,6,1,6,1,1,1,1,1,1,0
892,1,2020,1,59,1,1,5,0,1,0,0,0,0,3,2,2,2,6,6,7,7,3,7,7,7,4,7,7,1
893,1,2020,0,56,1,0,3,0,0,1,0,0,0,6,6,6,7,6,1,6,4,4,5,1,6,1,6,1,1
894,1,2020,1,76,0,0,2,0,0,0,0,1,0,3,2,4,6,5,1,6,2,4,2,1,3,1,1,1,0
895,1,2020,1,59,1,0,2,0,1,0,0,0,0,4,4,4,7,4,1,7,4,4,4,1,4,1,4,4,1
896,1,2020,0,51,1,1,2,0,1,0,0,0,0,3,4,5,5,1,3,7,4,4,7,3,5,1,5,5,1
897,1,2020,1,36,0,0,5,0,1,0,0,0,0,5,3,3,3,5,1,6,3,4,3,1,3,2,1,5,1
898,1,2020,1,57,1,1,0,1,1,0,0,0,0,4,4,4,4,4,4,4,5,4,5,5,5,5,5,5,1
899,1,2020,0,45,0,0,4,0,1,0,0,0,0,2,1,1,1,1,1,1,7,1,1,1,3,5,1,1,1
900,1,2020,1,31,0,0,2,0,1,0,0,0,0,3,4,4,4,4,4,4,4,4,4,4,4,4,4,5,1
901,1,2020,1,72,0,1,1,0,0,0,0,0,1,4,4,4,4,4,4,4,4,4,4,4,4,4,4,4,1
902,1,2020,1,72,1,1,2,0,1,0,0,0,0,5,3,4,7,5,1,7,1,4,7,1,6,1,3,7,0
903,1,2020,1,60,1,0,5,0,1,0,0,0,0,4,5,5,4,3,1,6,3,4,3,3,6,4,4,4,1
904,1,2020,1,61,1,1,0,1,0,0,0,1,0,2,2,5,5,5,1,6,2,3,4,2,4,3,3,2,1
905,1,2020,1,45,1,1,4,0,1,0,0,0,0,3,3,5,7,4,4,7,4,4,5,5,5,3,6,6,1
906,1,2020,1,58,1,1,3,0,1,0,0,0,0,1,5,5,7,3,2,2,1,5,1,1,2,1,3,4,0
907,1,2020,1,62,0,0,5,0,1,0,0,0,0,2,3,2,2,2,2,2,2,2,2,1,2,2,1,1,1
908,1,2020,0,44,1,0,3,0,1,0,0,0,0,3,5,5,7,6,1,7,2,4,2,1,2,1,5,2,1
909,1,2020,0,76,1,0,2,0,0,0,0,1,0,4,7,7,7,2,2,7,1,7,5,3,2,1,6,1,0
910,1,2020,0,60,1,1,0,1,0,1,0,0,0,4,3,6,6,6,5,7,2,4,5,2,3,2,5,2,1
911,1,2020,0,50,0,0,2,0,1,0,0,0,0,2,5,7,7,7,1,7,7,1,5,5,4,1,1,1,1
912,1,2020,0,47,1,1,4,0,1,0,0,0,0,6,6,6,5,6,1,7,1,6,4,1,1,1,4,4,0
913,1,2020,1,74,1,1,5,0,0,0,0,1,0,1,4,4,7,1,1,7,1,4,1,1,1,1,1,1,1
914,1,2020,0,57,1,1,5,0,1,0,0,0,0,4,5,6,6,5,6,6,3,4,4,3,2,1,3,5,0
915,1,2020,0,56,1,0,2,0,1,0,0,0,0,5,6,5,5,2,5,7,2,4,5,1,4,1,1,5,1
916,1,2020,1,59,1,1,5,0,1,0,0,0,0,3,2,2,6,4,4,5,4,3,7,2,6,1,4,1,0
917,1,2020,0,73,1,1,0,1,0,1,0,0,0,5,5,5,6,3,5,5,1,5,1,1,1,3,1,6,0
918,1,2020,0,64,1,1,2,0,0,1,0,0,0,5,5,5,5,5,3,7,5,4,6,5,3,4,5,5,0
919,1,2020,1,63,1,1,5,0,1,0,0,0,0,5,5,5,4,4,4,4,4,4,4,4,4,4,4,4,0
920,1,2020,1,43,1,0,5,0,1,0,0,0,0,3,4,3,3,2,2,4,3,3,3,2,3,4,3,3,1
921,1,2020,1,65,1,1,5,0,0,0,0,1,0,5,4,5,7,3,1,7,1,4,3,1,1,1,2,1,1
922,1,2020,0,48,1,0,0,1,0,1,0,0,0,1,6,5,4,4,1,7,4,4,6,1,6,1,7,7,1
923,1,2020,1,41,0,0,5,0,1,0,0,0,0,5,5,5,6,5,1,4,1,5,1,1,1,1,1,1,1
924,1,2020,1,69,1,1,2,0,0,0,0,1,0,7,7,7,7,4,1,6,1,6,1,1,1,1,1,1,1
925,1,2020,0,39,0,0,5,0,1,0,0,0,0,2,2,6,3,2,2,7,5,4,5,3,4,1,4,5,0
926,1,2020,0,58,1,0,4,0,1,0,0,0,0,1,6,6,7,7,7,7,2,6,5,1,1,1,1,1,0
927,1,2020,1,77,1,1,3,0,0,0,0,1,0,5,6,6,7,5,1,5,1,4,4,2,1,1,1,1,0
928,1,2020,0,55,1,0,3,0,0,1,0,0,0,1,1,1,1,1,1,1,1,2,1,1,1,1,1,2,1
929,1,2020,1,54,0,0,0,1,1,0,0,0,0,4,6,6,4,1,1,6,3,4,5,2,4,4,4,4,1
930,1,2020,1,62,1,1,2,0,1,0,0,0,0,1,2,1,7,1,1,1,1,7,1,1,1,1,1,7,1
931,1,2020,0,71,0,1,1,0,0,0,0,1,0,4,5,6,6,5,5,7,1,3,5,1,2,1,2,1,0
932,1,2020,1,40,0,0,0,1,1,0,0,0,0,3,1,1,5,4,1,1,5,4,2,2,1,1,1,1,1
933,1,2020,0,58,1,1,3,0,1,0,0,0,0,4,2,5,5,4,4,6,2,5,2,3,5,2,3,2,0
934,1,2020,0,46,1,1,5,0,1,0,0,0,0,4,5,5,3,6,4,7,4,4,4,1,1,1,4,4,1
935,1,2020,1,59,1,1,4,0,1,0,0,0,0,4,4,4,7,1,1,5,1,4,2,1,5,1,1,5,1
936,1,2020,1,73,1,1,2,0,0,0,0,1,0,4,5,4,4,4,1,4,4,4,4,4,4,1,4,4,0
937,1,2020,1,53,1,1,5,0,1,0,0,0,0,3,5,5,6,5,4,5,6,2,6,6,6,3,6,6,1
938,1,2020,1,60,1,1,0,1,1,0,0,0,0,4,4,5,4,4,4,5,5,4,5,4,5,4,4,5,0
939,1,2020,0,44,1,1,5,0,0,1,0,0,0,2,2,2,5,2,2,2,4,2,2,2,2,2,2,2,1
940,1,2020,1,56,0,0,2,0,0,0,0,0,1,5,5,5,4,3,5,6,3,5,4,2,5,4,5,6,0
941,1,2020,1,59,1,1,5,0,1,0,0,0,0,5,5,5,5,5,4,3,4,3,4,4,5,4,3,3,1
942,1,2020,1,41,0,0,0,1,1,0,0,0,0,3,6,6,2,2,6,7,3,7,6,2,1,1,1,3,0
943,1,2020,1,72,1,1,4,0,1,0,0,0,0,4,6,6,6,4,3,5,4,5,4,3,6,3,3,5,0
944,1,2020,1,66,1,1,3,0,1,0,0,0,0,2,5,4,5,1,1,5,2,3,6,5,4,4,5,2,1
945,1,2020,1,56,1,0,4,0,1,0,0,0,0,4,4,4,4,4,4,4,5,3,4,4,4,4,4,4,1
946,1,2020,0,50,0,0,2,0,1,0,0,0,0,2,6,4,5,1,1,7,5,5,5,2,5,3,6,5,1
947,1,2020,1,42,0,0,0,1,1,0,0,0,0,4,5,5,4,1,2,6,5,4,5,3,2,3,3,5,1
948,1,2020,1,61,1,1,4,0,1,0,0,0,0,4,5,5,6,6,2,7,1,7,1,1,5,1,5,1,0
949,1,2020,1,66,0,0,1,0,0,0,0,1,0,4,4,2,4,2,1,2,1,4,1,1,4,4,2,1,1
950,1,2020,1,60,1,1,5,0,1,0,0,0,0,3,1,3,6,5,1,6,4,6,4,1,5,2,5,7,0
951,1,2020,1,73,1,1,2,0,0,0,0,1,0,5,1,6,6,6,5,6,1,4,4,1,4,1,1,1,1
952,1,2020,1,67,1,1,2,0,1,0,0,0,0,3,2,2,6,1,1,2,3,6,2,1,6,2,2,5,1
953,1,2020,1,62,1,1,5,0,1,0,0,0,0,5,6,5,5,3,5,5,5,5,5,2,1,5,3,3,1
954,1,2020,1,38,1,0,3,0,1,0,0,0,0,1,1,1,1,1,1,1,1,1,1,1,1,1,1,1,1
955,1,2020,1,69,1,0,1,0,0,0,0,1,0,4,4,4,3,4,2,3,3,3,3,3,3,3,3,3,1
956,1,2020,1,74,1,1,2,0,0,0,0,1,0,1,1,1,1,1,1,1,1,1,1,1,1,1,1,1,0
957,1,2020,1,53,0,0,3,0,1,0,0,0,0,3,4,4,5,4,1,5,3,3,3,2,4,3,2,3,1
958,1,2020,1,67,1,1,2,0,1,0,0,0,0,1,6,6,7,6,1,7,2,6,1,1,4,4,1,2,0
959,1,2020,0,78,1,1,2,0,0,1,0,0,0,1,1,1,1,1,1,1,1,1,1,1,1,1,1,1,1
960,1,2020,1,52,1,1,5,0,1,0,0,0,0,4,4,5,4,4,4,4,4,4,4,4,4,4,4,4,0
961,1,2020,1,63,1,0,5,0,0,0,0,0,1,6,6,5,6,6,1,6,2,4,1,1,2,1,1,6,1
962,1,2020,0,66,1,1,2,0,0,1,0,0,0,6,5,6,7,1,6,7,3,2,5,1,4,3,5,2,1
963,1,2020,1,72,0,1,2,0,1,0,0,0,0,4,5,5,5,3,3,3,3,5,5,3,4,3,2,4,0
964,1,2020,1,55,1,1,5,0,1,0,0,0,0,6,5,5,5,5,5,6,5,5,5,2,5,3,2,2,0
965,1,2020,1,60,1,1,5,0,1,0,0,0,0,2,5,5,5,5,3,5,5,5,5,2,5,1,3,5,0
966,1,2020,1,45,1,1,2,0,1,0,0,0,0,4,4,4,5,4,4,4,4,4,4,4,4,4,4,4,0
967,1,2020,1,60,1,1,5,0,1,0,0,0,0,1,2,4,6,1,1,5,5,3,5,2,5,5,5,5,1
968,1,2020,1,48,1,1,4,0,1,0,0,0,0,4,2,4,5,1,5,5,4,5,5,3,4,3,1,5,1
969,1,2020,1,46,1,1,3,0,1,0,0,0,0,5,3,6,5,7,5,5,1,5,3,1,1,1,5,3,1
970,1,2020,1,72,1,1,3,0,0,0,0,1,0,5,6,4,2,4,2,7,1,3,2,1,4,1,1,1,0
971,1,2020,0,61,1,1,3,0,0,1,0,0,0,4,5,7,7,6,1,7,1,5,1,1,2,1,2,1,0
972,1,2020,0,58,1,1,5,0,1,0,0,0,0,4,4,5,4,4,4,4,4,4,5,4,4,4,5,4,0
973,1,2020,0,34,0,0,5,0,1,0,0,0,0,3,4,4,4,4,3,3,5,4,6,4,5,4,5,7,1
974,1,2020,0,56,1,1,5,0,1,0,0,0,0,1,1,1,1,1,1,1,1,1,1,1,1,1,1,1,1
975,1,2020,1,71,1,1,4,0,1,0,0,0,0,7,6,7,7,7,7,7,1,7,5,1,1,1,1,1,0
976,1,2020,1,72,1,1,5,0,0,0,0,1,0,5,6,4,5,3,3,7,4,4,6,3,5,4,4,3,0
977,1,2020,1,62,1,1,0,1,1,0,0,0,0,3,2,5,2,5,2,6,5,4,6,4,4,2,5,4,1
978,1,2020,1,64,1,1,2,0,1,0,0,0,0,5,5,5,4,5,5,5,3,4,3,3,5,3,3,3,1
979,1,2020,1,65,1,1,5,0,1,0,0,0,0,5,5,5,5,3,5,5,5,4,4,4,3,3,3,5,1
980,1,2020,0,44,1,1,5,0,1,0,0,0,0,3,4,3,7,1,1,5,7,2,4,4,2,2,5,5,1
981,1,2020,0,54,1,1,3,0,0,1,0,0,0,4,1,5,6,5,1,7,4,4,4,1,7,1,7,4,0
982,1,2020,1,53,1,1,5,0,1,0,0,0,0,6,6,6,7,7,6,7,5,7,4,4,5,4,4,5,1
983,1,2020,1,54,1,1,4,0,1,0,0,0,0,6,6,3,6,6,1,6,2,5,2,2,3,2,2,2,0
984,1,2020,1,46,1,1,5,0,1,0,0,0,0,4,4,4,4,4,2,4,5,4,5,3,4,4,3,5,0
985,1,2020,0,57,1,0,5,0,0,1,0,0,0,6,5,5,6,1,2,7,2,6,4,2,1,1,2,1,0
986,1,2020,1,50,1,0,3,0,1,0,0,0,0,4,4,4,4,4,4,4,4,4,4,4,4,3,4,4,1
987,1,2020,1,56,1,1,5,0,1,0,0,0,0,4,5,4,4,4,4,4,5,4,5,4,5,4,4,5,1
988,1,2020,1,66,1,0,1,0,1,0,0,0,0,5,4,3,4,4,4,5,4,3,3,3,4,5,4,3,1
989,1,2020,0,56,1,1,3,0,1,0,0,0,0,1,1,5,7,5,1,6,1,5,1,1,2,1,1,1,0
990,1,2020,1,56,1,1,5,0,1,0,0,0,0,3,5,4,3,3,5,5,5,3,4,3,4,3,3,6,1
991,1,2020,1,57,0,0,5,0,1,0,0,0,0,7,1,1,1,1,1,1,1,1,5,2,5,2,5,4,1
992,1,2020,1,52,1,1,5,0,1,0,0,0,0,4,4,5,4,3,4,5,4,4,4,4,4,4,4,4,1
993,1,2020,0,34,0,0,5,0,1,0,0,0,0,4,5,4,4,4,4,4,5,4,5,4,4,4,4,4,1
994,1,2020,1,70,1,1,2,0,1,0,0,0,0,6,5,6,5,5,7,6,3,6,5,1,4,2,5,5,1
995,1,2020,1,53,0,1,5,0,1,0,0,0,0,3,1,1,4,3,1,4,5,2,4,3,4,2,4,3,1
996,1,2020,1,39,1,0,4,0,1,0,0,0,0,4,4,4,4,3,4,4,5,4,4,4,4,4,3,4,1
997,1,2020,1,60,1,0,5,0,1,0,0,0,0,3,5,5,6,6,2,7,3,5,5,1,2,1,1,6,1
998,1,2020,1,58,1,1,3,0,0,0,0,1,0,5,5,5,5,5,5,5,5,5,5,5,5,5,5,1,0
999,1,2020,0,59,1,0,3,0,0,1,0,0,0,3,3,4,4,3,3,3,3,4,3,3,4,3,3,3,1
1000,1,2020,1,57,1,1,0,1,1,0,0,0,0,5,3,3,6,5,5,5,5,5,5,5,6,4,5,5,0
1001,1,2020,1,63,1,1,5,0,1,0,0,0,0,4,4,3,4,4,4,4,4,4,3,3,4,3,4,4,0
1002,1,2020,1,37,0,0,3,0,1,0,0,0,0,3,2,5,4,5,2,4,3,3,5,4,5,4,5,4,1
1003,1,2020,1,52,1,1,3,0,1,0,0,0,0,1,4,1,7,4,1,1,1,1,5,1,5,1,1,5,1
1004,1,2020,1,67,1,1,3,0,1,0,0,0,0,4,5,5,5,4,5,4,4,3,2,2,5,3,2,6,1
1005,1,2020,1,61,1,1,3,0,1,0,0,0,0,5,7,4,1,5,5,6,2,4,5,1,1,1,2,3,0
1006,1,2020,1,53,0,0,2,0,1,0,0,0,0,5,2,3,5,3,3,5,5,2,4,5,4,4,3,4,0
1007,1,2020,1,55,0,1,1,0,0,0,0,1,0,4,4,4,5,4,1,4,4,4,4,4,4,4,4,4,1
1008,1,2020,1,61,0,1,1,0,1,0,0,0,0,4,5,5,1,5,5,7,5,5,6,2,7,4,3,7,1
1009,1,2020,1,57,0,0,5,0,1,0,0,0,0,4,4,3,5,4,4,4,4,4,2,1,1,1,1,1,1
1010,1,2020,1,57,1,1,4,0,1,0,0,0,0,4,5,5,4,1,1,6,1,5,5,1,4,1,2,4,0
1011,1,2020,1,54,1,1,4,0,1,0,0,0,0,6,4,5,6,5,1,7,2,5,5,1,4,1,2,4,1
1012,1,2020,1,58,0,1,2,0,1,0,0,0,0,3,2,4,7,4,3,4,4,3,6,1,5,4,5,6,1
1013,1,2020,1,45,0,0,0,1,0,0,0,1,0,4,4,4,4,4,4,6,4,4,4,4,4,4,4,4,1
1014,1,2020,1,66,1,1,3,0,0,0,0,1,0,4,3,4,4,4,4,4,4,4,4,4,4,4,4,4,1
1015,1,2020,1,80,1,1,5,0,0,0,0,1,0,6,1,6,7,6,1,6,1,6,2,1,1,1,1,1,1
1016,1,2020,1,73,1,1,3,0,0,0,0,1,0,7,7,6,5,1,1,7,4,4,4,4,4,4,4,4,0
1017,1,2020,0,42,1,1,4,0,1,0,0,0,0,3,6,7,3,5,5,6,5,6,5,1,2,3,1,5,0
1018,1,2020,0,31,0,0,4,0,1,0,0,0,0,3,5,2,6,3,5,7,6,1,6,2,5,3,5,5,0
1019,1,2020,1,66,1,1,2,0,0,0,0,1,0,6,6,6,6,6,5,7,1,6,1,1,1,1,2,1,0
1020,1,2020,0,64,1,1,0,1,0,1,0,0,0,6,6,6,1,6,2,7,1,6,5,5,7,1,6,6,0
1021,1,2020,1,73,1,1,4,0,0,0,0,1,0,2,2,2,2,1,1,1,1,2,2,2,2,2,1,1,1
1022,1,2020,0,56,1,0,5,0,0,1,0,0,0,4,5,7,5,4,4,6,3,5,5,2,5,2,5,5,0
1023,1,2020,1,56,1,1,4,0,1,0,0,0,0,4,2,4,6,4,2,4,4,4,3,3,7,5,3,7,1
1024,1,2020,0,37,0,1,2,0,1,0,0,0,0,1,3,1,5,1,1,7,5,4,4,1,3,5,2,1,1
1025,1,2020,0,45,0,0,2,0,1,0,0,0,0,1,3,1,1,2,1,3,2,2,5,1,6,1,5,2,1
1026,1,2020,1,52,1,1,5,0,1,0,0,0,0,5,5,5,5,4,5,5,4,5,3,2,4,3,2,4,1
1027,1,2020,1,71,1,1,2,0,0,0,0,1,0,4,5,4,4,4,4,4,5,4,4,4,4,4,4,4,1
1028,1,2020,1,54,1,0,5,0,1,0,0,0,0,1,1,1,1,1,1,1,1,1,1,1,1,1,1,2,1
1029,1,2020,1,43,0,0,5,0,1,0,0,0,0,6,7,5,5,5,5,5,4,5,3,3,4,3,3,3,1
1030,1,2020,0,50,1,1,5,0,1,0,0,0,0,2,2,4,5,1,1,6,2,3,6,2,2,1,3,5,1
1031,1,2020,1,64,1,1,5,0,1,0,0,0,0,6,4,5,7,2,7,7,1,7,2,1,5,1,6,7,0
1032,1,2020,0,33,0,0,3,0,1,0,0,0,0,1,1,5,1,1,1,7,5,3,3,1,4,1,2,3,1
1033,1,2020,0,40,1,0,0,1,1,0,0,0,0,1,6,5,3,1,1,7,5,3,1,1,3,3,1,1,1
1034,1,2020,1,72,1,0,3,0,1,0,0,0,0,6,5,4,6,6,5,7,3,5,2,2,5,2,6,6,0
1035,1,2020,1,68,1,1,1,0,1,0,0,0,0,1,1,4,4,1,1,1,1,1,1,1,4,1,1,1,1
1036,1,2020,0,69,1,1,3,0,0,1,0,0,0,6,6,6,6,2,5,6,1,4,1,1,1,1,1,1,1
1037,1,2020,1,73,1,1,0,1,0,0,0,1,0,5,5,4,6,4,5,5,4,4,4,4,4,4,4,4,1
1038,1,2020,1,64,0,1,5,0,0,0,0,1,0,4,4,4,4,4,4,4,4,4,4,4,4,4,5,5,1
1039,1,2020,0,58,1,0,5,0,0,0,0,0,1,3,6,5,5,3,5,6,4,4,6,3,5,3,4,7,1
1040,1,2020,0,52,1,1,1,0,0,1,0,0,0,7,5,7,7,6,1,6,5,5,6,1,5,4,1,1,1
1041,1,2020,1,79,1,1,0,1,0,0,0,1,0,5,6,5,3,4,4,6,4,6,3,4,4,4,3,4,1
1042,1,2020,0,65,0,1,0,1,0,0,0,1,0,5,2,6,3,3,6,7,1,5,5,4,2,1,2,1,0
1043,1,2020,0,52,1,0,3,0,1,0,0,0,0,4,5,5,5,6,7,7,2,6,4,2,1,1,3,3,0
1044,1,2020,1,65,1,1,3,0,1,0,0,0,0,4,5,5,5,3,4,5,2,5,2,1,5,1,1,7,0
1045,1,2020,1,69,1,1,3,0,0,0,0,1,0,6,5,4,7,4,6,7,2,6,1,1,1,1,1,1,0
1046,1,2020,0,58,1,1,0,1,1,0,0,0,0,1,1,1,3,1,1,1,7,4,6,4,4,4,5,6,1
1047,1,2020,0,53,1,0,5,0,0,1,0,0,0,2,5,6,1,5,5,7,1,1,7,1,2,1,3,6,0
1048,1,2020,1,66,1,1,3,0,1,0,0,0,0,2,2,2,4,4,1,7,2,4,2,2,4,1,3,1,1
1049,1,2020,0,39,0,0,0,1,1,0,0,0,0,6,5,6,5,1,2,6,5,2,5,2,3,3,5,5,1
1050,1,2020,1,54,1,0,4,0,1,0,0,0,0,1,4,4,1,1,1,1,1,1,1,1,1,1,1,1,1
1051,1,2020,1,61,0,0,2,0,1,0,0,0,0,5,7,6,4,5,1,5,4,4,5,3,5,1,4,6,0
1052,1,2020,0,33,0,0,2,0,1,0,0,0,0,4,4,3,6,1,4,7,2,5,5,3,4,2,4,4,1
1053,1,2020,0,65,1,1,5,0,0,1,0,0,0,6,7,6,7,1,2,7,2,4,2,1,1,2,2,1,1
1054,1,2020,0,48,0,0,2,0,1,0,0,0,0,5,4,4,6,1,2,6,2,4,5,2,2,1,4,4,1
1055,1,2020,0,58,1,1,5,0,1,0,0,0,0,2,1,7,6,1,4,7,2,4,5,2,1,1,1,1,0
1056,1,2020,1,68,0,1,1,0,0,0,0,1,0,1,1,1,6,1,1,1,1,1,1,1,1,1,1,1,1
1057,1,2020,1,70,0,0,3,0,0,0,0,1,0,1,5,1,7,1,1,1,1,1,4,1,1,1,1,1,1
1058,1,2020,0,71,0,0,0,1,1,0,0,0,0,5,5,7,3,4,1,7,5,4,2,1,4,1,1,2,0
1059,1,2020,1,70,1,1,2,0,0,0,0,1,0,4,3,3,4,4,4,3,4,4,4,4,2,2,4,4,0
1060,1,2020,1,53,0,0,3,0,1,0,0,0,0,3,4,4,5,3,1,6,2,4,2,2,3,1,2,4,1
1061,1,2020,0,54,0,1,0,1,1,0,0,0,0,5,6,7,7,6,2,5,5,5,6,3,6,2,5,6,0
1062,1,2020,1,72,1,1,5,0,0,0,0,1,0,3,5,5,6,1,1,7,4,4,2,1,2,1,1,1,0
1063,1,2020,0,46,1,0,5,0,0,1,0,0,0,4,4,4,4,4,4,4,4,4,4,3,4,4,4,4,1
1064,1,2020,0,34,0,0,2,0,1,0,0,0,0,1,1,1,3,1,1,7,5,1,4,4,7,5,1,7,1
1065,1,2020,1,40,0,0,2,0,0,0,0,1,0,1,4,3,4,1,1,4,4,1,1,1,4,4,5,4,1
1066,1,2020,0,33,1,0,0,1,1,0,0,0,0,6,6,7,5,6,7,5,5,7,6,7,5,6,6,7,0
1067,1,2020,1,52,1,0,4,0,1,0,0,0,0,5,5,5,4,5,4,4,4,4,5,5,4,4,5,3,0
1068,1,2020,1,50,0,0,2,0,0,0,0,1,0,1,1,2,6,1,1,6,4,1,5,2,3,7,6,1,1
1069,1,2020,0,61,1,1,2,0,0,1,0,0,0,4,7,7,7,1,7,7,5,5,6,4,1,1,5,1,0
1070,1,2020,1,54,1,1,5,0,1,0,0,0,0,4,2,3,5,5,5,5,4,4,4,4,4,3,4,4,1
1071,1,2020,1,66,1,1,5,0,0,0,0,1,0,5,5,5,5,5,5,3,3,5,3,3,4,3,3,3,0
1072,1,2020,0,54,0,0,4,0,1,0,0,0,0,1,1,4,7,1,5,7,7,1,7,7,7,2,7,6,1
1073,1,2020,0,51,1,1,3,0,1,0,0,0,0,1,4,5,7,3,5,7,5,6,7,7,5,3,3,6,0
1074,1,2020,0,38,0,0,4,0,1,0,0,0,0,1,1,1,1,1,1,1,1,1,1,1,1,1,1,1,1
1075,1,2020,0,39,1,1,0,1,0,1,0,0,0,5,3,5,3,2,5,3,7,3,4,4,2,2,4,7,1
1076,1,2020,1,33,0,0,0,1,1,0,0,0,0,5,6,5,5,2,2,7,4,4,5,2,5,1,5,5,1
1077,1,2020,1,55,0,0,1,0,0,0,0,1,0,3,4,3,5,2,2,5,4,2,5,2,5,4,4,2,1
1078,1,2020,1,34,1,0,5,0,1,0,0,0,0,3,4,3,4,4,4,4,5,5,4,4,4,4,4,4,1
1079,1,2020,0,52,0,0,1,0,0,0,0,1,0,4,4,4,5,4,4,4,4,5,4,4,4,4,4,4,1
1080,1,2020,1,34,0,0,5,0,1,0,0,0,0,2,2,2,2,1,2,2,2,1,3,2,3,2,2,2,0
1081,1,2020,1,48,1,0,3,0,1,0,0,0,0,5,6,5,4,5,1,6,2,5,5,1,5,1,4,5,1
1082,1,2020,0,34,1,0,3,0,1,0,0,0,0,3,4,4,4,4,5,4,4,4,4,4,4,4,4,4,0
1083,1,2020,0,53,1,1,3,0,1,0,0,0,0,4,3,6,3,2,5,7,1,4,5,1,5,1,1,5,0
1084,1,2020,0,27,0,0,5,0,1,0,0,0,0,6,5,4,3,1,5,7,4,4,6,2,4,2,5,7,0
1085,1,2020,0,71,0,1,5,0,0,1,0,0,0,4,6,5,5,5,1,7,1,3,4,3,3,1,1,1,0
1086,1,2020,1,52,0,0,1,0,1,0,0,0,0,4,3,3,4,6,3,7,4,1,4,4,4,4,4,5,1
1087,1,2020,0,60,0,0,2,0,1,0,0,0,0,2,2,2,1,2,1,1,2,1,2,2,5,1,2,2,1
1088,1,2020,0,62,1,1,3,0,0,1,0,0,0,4,5,6,7,6,7,6,1,5,5,2,4,1,6,4,0
1089,1,2020,0,49,0,0,4,0,1,0,0,0,0,3,7,5,6,1,1,7,1,5,6,1,3,1,2,6,1
1090,1,2020,1,53,1,1,3,0,1,0,0,0,0,5,1,1,3,1,5,7,2,2,3,1,5,5,1,6,1
1091,1,2020,1,59,0,1,3,0,1,0,0,0,0,5,2,5,1,3,1,6,1,4,5,1,1,1,5,3,1
1092,1,2020,0,35,1,0,2,0,1,0,0,0,0,5,4,5,4,3,2,5,4,2,2,2,4,4,2,1,1
1093,1,2020,1,47,0,0,3,0,1,0,0,0,0,2,2,2,3,1,2,2,2,1,2,2,2,2,2,2,1
1094,1,2020,1,40,1,1,3,0,1,0,0,0,0,7,7,5,4,6,4,5,3,5,5,1,5,2,4,6,0
1095,1,2020,0,44,0,0,4,0,1,0,0,0,0,3,5,5,5,4,4,5,3,4,5,1,1,1,1,1,1
1096,1,2020,1,71,1,1,2,0,1,0,0,0,0,1,1,1,7,1,1,1,1,1,5,1,1,1,5,2,1
1097,1,2020,1,30,0,0,2,0,1,0,0,0,0,4,6,5,5,4,4,4,4,4,4,2,4,2,4,4,1
1098,1,2020,0,38,1,1,0,1,0,1,0,0,0,4,4,5,4,4,3,4,4,4,3,3,4,3,5,4,1
1099,1,2020,1,56,1,1,3,0,1,0,0,0,0,2,2,4,6,4,1,6,5,3,6,1,4,3,5,3,1
1100,1,2020,0,45,0,0,0,1,1,0,0,0,0,4,4,4,5,4,1,6,5,3,4,2,5,5,5,4,1
1101,1,2020,1,60,1,1,5,0,1,0,0,0,0,3,2,4,4,2,2,4,3,4,4,2,4,2,4,4,1
1102,1,2020,0,62,1,0,2,0,0,1,0,0,0,4,1,5,5,3,1,6,5,3,6,5,4,4,5,4,0
1103,1,2020,0,45,0,0,0,1,0,0,0,1,0,6,1,4,6,1,1,7,4,3,5,1,2,1,3,2,1
1104,1,2020,1,40,0,0,3,0,1,0,0,0,0,5,5,4,2,1,5,6,5,4,4,2,4,1,2,3,1
1105,1,2020,1,57,1,1,2,0,1,0,0,0,0,4,4,4,4,4,4,4,4,4,4,4,4,2,4,4,1
1106,1,2020,0,63,0,0,0,1,1,0,0,0,0,3,5,5,6,5,7,6,2,4,3,1,6,1,5,6,1
1107,1,2020,1,58,1,1,3,0,1,0,0,0,0,2,2,2,6,2,2,6,2,2,3,3,2,2,3,2,0
1108,1,2020,0,56,1,1,5,0,1,0,0,0,0,3,5,4,4,5,1,5,5,4,4,2,2,2,3,4,1
1109,1,2020,0,39,1,0,4,0,1,0,0,0,0,7,7,5,4,6,1,7,5,3,7,3,5,3,7,5,1
1110,1,2020,1,57,0,0,2,0,1,0,0,0,0,5,5,5,7,2,1,7,1,4,1,1,6,2,1,4,1
1111,1,2020,1,44,0,0,0,1,1,0,0,0,0,2,7,7,7,7,7,7,1,7,5,1,3,3,5,1,1
1112,1,2020,1,61,1,1,3,0,1,0,0,0,0,5,7,6,6,4,3,1,6,7,5,4,5,4,3,2,0
1113,1,2020,0,56,1,1,5,0,0,1,0,0,0,6,1,3,7,7,1,7,1,4,5,1,1,1,2,1,1
1114,1,2020,0,39,0,0,5,0,1,0,0,0,0,5,1,1,7,1,1,4,4,1,1,1,5,4,1,1,1
1115,1,2020,1,48,1,1,5,0,1,0,0,0,0,4,4,4,4,4,4,4,4,4,3,4,4,4,4,3,1
1116,1,2020,1,59,1,1,3,0,1,0,0,0,0,5,7,6,7,6,5,7,2,5,6,2,7,1,5,6,1
1117,1,2020,0,32,1,1,0,1,1,0,0,0,0,6,5,6,6,6,6,6,2,6,5,2,1,1,5,5,0
1118,1,2020,1,74,1,1,2,0,0,0,0,1,0,1,1,1,7,1,1,1,1,1,5,1,1,1,1,1,1
1119,1,2020,0,68,0,1,2,0,0,0,0,1,0,4,6,7,7,6,6,7,1,7,6,1,1,1,5,1,1
1120,1,2020,1,53,0,1,2,0,0,0,0,0,1,2,5,5,6,1,2,6,1,3,5,1,4,1,3,1,1
1121,1,2020,1,55,1,1,5,0,1,0,0,0,0,1,1,1,1,1,1,1,1,1,1,1,1,1,1,1,1
1122,1,2020,1,60,1,1,3,0,1,0,0,0,0,5,6,7,7,6,6,7,7,6,6,6,6,5,6,5,0
1123,1,2020,1,35,0,0,5,0,1,0,0,0,0,4,2,5,5,7,1,7,2,1,1,1,5,1,1,5,1
1124,1,2020,1,43,1,1,3,0,1,0,0,0,0,1,5,3,7,6,1,6,3,2,7,4,6,1,5,6,0
1125,1,2020,1,50,1,0,4,0,1,0,0,0,0,6,5,6,6,4,1,7,4,5,4,4,4,4,3,3,1
1126,1,2020,0,46,1,0,4,0,1,0,0,0,0,4,4,3,4,4,5,4,4,5,3,4,5,4,4,4,1
1127,1,2020,0,79,1,1,0,1,0,1,0,0,0,4,7,7,7,7,1,7,1,4,4,1,4,1,1,1,1
1128,1,2020,1,57,1,1,3,0,1,0,0,0,0,1,5,3,6,3,1,6,1,4,3,1,4,1,5,4,1
1129,1,2020,0,50,0,0,1,0,1,0,0,0,0,4,5,5,3,5,2,5,5,5,5,2,5,2,5,5,1
1130,1,2020,0,38,0,0,0,1,1,0,0,0,0,4,4,3,4,5,5,5,1,4,3,2,1,1,1,2,0
1131,1,2020,1,75,1,1,3,0,0,0,0,1,0,5,5,5,5,5,5,5,5,5,5,5,5,5,5,5,1
1132,1,2020,1,52,1,0,2,0,1,0,0,0,0,1,1,1,3,1,1,7,4,1,4,1,7,1,1,4,1
1133,1,2020,1,38,1,0,5,0,1,0,0,0,0,5,2,5,4,4,4,5,4,3,5,4,4,3,5,3,0
1134,1,2020,0,50,0,1,0,1,1,0,0,0,0,6,5,5,5,6,3,5,3,4,4,4,5,4,4,5,1
1135,1,2020,1,68,1,1,5,0,1,0,0,0,0,5,5,5,5,5,5,6,5,5,6,6,5,5,6,6,0
1136,1,2020,0,85,1,1,2,0,0,1,0,0,0,6,6,6,6,5,6,7,1,6,1,1,4,1,5,1,0
1137,1,2020,1,70,1,1,0,1,0,0,0,1,0,7,7,6,7,6,2,5,1,5,4,3,4,1,4,3,1
1138,1,2020,1,72,1,1,5,0,0,0,0,1,0,5,6,5,6,7,1,6,1,6,1,1,4,1,1,4,0
1139,1,2020,1,57,1,1,0,1,1,0,0,0,0,3,4,4,4,4,4,4,4,4,4,4,4,4,4,4,1
1140,1,2020,1,64,0,0,5,0,1,0,0,0,0,7,1,1,4,5,5,6,1,1,1,1,1,1,1,1,0
1141,1,2020,1,80,1,0,2,0,0,0,0,1,0,7,4,6,6,2,1,7,1,6,6,1,4,1,1,1,1
1142,1,2020,1,59,1,1,5,0,1,0,0,0,0,6,6,4,6,4,4,5,1,5,1,1,4,1,1,2,0
1143,1,2020,1,46,1,0,2,0,1,0,0,0,0,7,2,6,3,1,2,7,3,3,3,1,7,4,1,4,1
1144,1,2020,0,52,1,0,0,1,0,1,0,0,0,1,2,5,2,1,4,7,3,3,2,3,1,1,3,1,1
1145,1,2020,1,78,1,1,3,0,0,0,0,1,0,6,6,6,7,6,1,7,1,4,1,1,1,1,1,1,0
1146,1,2020,1,48,1,1,5,0,1,0,0,0,0,1,7,5,7,1,1,7,5,1,5,1,5,1,4,5,1
1147,1,2020,1,50,1,1,3,0,1,0,0,0,0,6,6,5,3,4,3,5,2,5,4,3,3,3,3,4,1
1148,1,2020,1,56,0,0,2,0,1,0,0,0,0,3,1,2,5,5,6,7,3,6,2,1,4,4,3,5,1
1149,1,2020,0,57,1,0,3,0,0,1,0,0,0,4,4,5,4,4,1,5,5,3,4,3,4,3,3,4,1
1150,1,2020,1,69,1,1,2,0,1,0,0,0,0,5,5,4,6,2,2,6,1,5,2,1,4,1,2,1,0
1151,1,2020,1,48,1,1,3,0,1,0,0,0,0,1,4,2,6,2,1,5,2,4,5,1,2,1,3,4,1
1152,1,2020,0,44,0,0,3,0,1,0,0,0,0,4,5,5,5,5,5,6,2,4,5,3,4,1,4,6,0
1153,1,2020,0,68,1,1,0,1,0,1,0,0,0,3,5,4,6,4,4,6,4,5,5,1,3,1,6,1,1
1154,1,2020,0,52,1,0,4,0,1,0,0,0,0,5,5,5,5,3,3,5,4,4,5,4,4,4,4,5,0
1155,1,2020,1,40,1,0,0,1,1,0,0,0,0,4,4,4,4,4,4,4,4,4,4,4,4,4,4,3,0
1156,1,2020,1,37,0,0,2,0,1,0,0,0,0,4,4,4,4,4,4,4,4,4,4,4,4,4,4,3,1
1157,1,2020,0,71,1,1,3,0,0,1,0,0,0,6,7,7,7,2,5,7,5,5,5,4,1,1,5,1,0
1158,1,2020,1,45,1,0,4,0,1,0,0,0,0,5,2,5,5,2,1,6,1,2,5,2,2,1,5,5,1
1159,1,2020,1,44,0,0,3,0,1,0,0,0,0,4,4,4,4,4,4,4,2,4,5,4,4,4,5,4,1
1160,1,2020,0,31,0,0,3,0,1,0,0,0,0,5,5,5,3,2,2,6,4,5,5,3,3,3,3,5,1
1161,1,2020,0,55,0,0,4,0,1,0,0,0,0,4,1,4,5,4,4,7,4,4,4,4,1,1,4,4,0
1162,1,2020,1,32,0,0,2,0,0,0,0,0,1,1,1,1,1,1,1,1,1,1,1,1,1,1,1,1,1
1163,1,2020,1,47,0,0,3,0,1,0,0,0,0,6,1,5,7,5,6,7,1,5,1,1,1,1,1,1,1
1164,1,2020,1,52,0,1,3,0,1,0,0,0,0,1,5,4,2,2,2,6,4,3,5,4,7,4,7,4,1
1165,1,2020,1,56,1,1,5,0,1,0,0,0,0,2,5,5,5,3,4,7,2,3,4,3,7,2,2,6,1
1166,1,2020,1,50,0,0,3,0,1,0,0,0,0,5,1,3,6,1,1,7,3,2,4,1,3,1,3,5,1
1167,1,2020,1,47,1,1,5,0,0,0,0,0,1,4,2,5,4,5,5,6,5,4,5,3,2,3,3,6,0
1168,1,2020,1,58,1,1,5,0,1,0,0,0,0,4,4,5,4,4,4,4,4,4,4,4,4,4,4,4,1
1169,1,2020,1,84,0,1,2,0,0,0,0,1,0,5,5,5,7,1,1,5,1,4,5,1,2,1,1,1,0
1170,1,2020,1,59,0,0,2,0,1,0,0,0,0,4,2,3,2,4,7,4,4,4,3,3,4,4,3,3,1
1171,1,2020,0,40,1,1,5,0,1,0,0,0,0,1,7,5,3,2,7,6,6,2,7,6,4,1,6,6,0
1172,1,2020,1,68,1,1,4,0,0,0,0,1,0,6,6,6,6,2,2,6,2,4,4,2,2,4,3,1,0
1173,1,2020,1,50,0,0,1,0,1,0,0,0,0,3,2,2,1,1,1,6,3,1,3,2,7,2,3,6,1
1174,1,2020,1,68,1,1,2,0,0,0,0,1,0,4,4,5,4,4,5,5,4,4,4,3,4,4,4,3,1
1175,1,2020,1,55,1,0,4,0,1,0,0,0,0,3,2,4,4,4,4,4,2,3,5,2,4,4,4,2,1
1176,1,2020,1,53,1,1,3,0,1,0,0,0,0,4,2,6,7,4,2,6,2,5,6,4,4,2,4,5,0
1177,1,2020,1,47,0,0,4,0,1,0,0,0,0,2,2,2,5,2,2,6,5,4,4,1,1,1,5,5,1
1178,1,2020,1,50,0,0,0,1,1,0,0,0,0,5,1,1,4,5,1,7,5,3,4,1,7,1,4,7,1
1179,1,2020,1,58,0,1,3,0,1,0,0,0,0,2,5,3,3,5,1,6,2,4,5,4,7,5,2,5,1
1180,1,2020,0,32,1,0,1,0,0,1,0,0,0,6,7,6,7,7,7,7,7,7,7,7,7,7,7,7,1
1181,1,2020,1,54,0,1,3,0,1,0,0,0,0,2,1,7,7,7,1,7,1,6,1,1,2,1,1,2,0
1182,1,2020,1,72,1,1,3,0,1,0,0,0,0,2,5,5,6,3,6,7,1,6,5,2,2,2,2,2,1
1183,1,2020,1,48,0,0,4,0,1,0,0,0,0,7,4,2,6,4,5,5,1,4,1,1,2,1,1,1,0
1184,1,2020,0,67,0,1,3,0,1,0,0,0,0,5,2,1,4,1,1,6,2,1,2,1,6,1,5,6,1
1185,1,2020,1,65,0,0,4,0,1,0,0,0,0,2,1,5,3,1,1,7,1,5,1,1,1,1,1,1,1
1186,1,2020,1,61,1,1,2,0,1,0,0,0,0,1,2,6,7,3,7,7,1,7,5,1,7,1,1,6,0
1187,1,2020,1,69,1,1,3,0,1,0,0,0,0,4,4,4,4,4,3,4,4,4,4,4,4,4,4,4,1
1188,1,2020,1,69,1,1,2,0,0,0,0,1,0,1,5,5,5,1,1,1,1,2,1,1,1,1,1,1,1
1189,1,2020,0,48,0,0,0,1,0,0,0,0,1,5,2,5,5,5,1,7,5,4,7,7,3,5,7,4,1
1190,1,2020,0,26,0,0,0,1,1,0,0,0,0,3,3,5,3,3,3,5,2,3,5,2,4,2,4,4,1
1191,1,2020,1,54,1,1,5,0,1,0,0,0,0,4,4,4,4,4,4,4,4,4,4,4,4,4,4,4,0
1192,1,2020,0,42,1,1,4,0,0,1,0,0,0,4,1,6,4,4,1,7,3,3,5,4,4,3,4,1,1
1193,1,2020,0,56,1,0,0,1,1,0,0,0,0,6,2,5,6,6,1,7,1,7,2,1,4,1,2,1,1
1194,1,2020,0,55,1,1,2,0,1,0,0,0,0,5,4,3,1,6,1,4,7,1,7,1,7,3,5,1,1
1195,1,2020,1,45,1,1,5,0,1,0,0,0,0,4,6,4,4,5,1,6,1,4,5,1,5,1,4,5,1
1196,1,2020,1,65,1,0,0,1,1,0,0,0,0,2,5,5,6,5,4,4,4,4,2,3,6,2,3,4,1
1197,1,2020,1,48,0,0,2,0,1,0,0,0,0,4,6,5,7,2,1,7,2,2,3,1,2,4,2,1,1
1198,1,2020,1,67,1,1,2,0,1,0,0,0,0,4,4,6,5,4,5,4,2,5,2,2,4,1,2,6,1
1199,1,2020,0,50,1,0,2,0,0,1,0,0,0,3,6,5,6,5,1,5,1,4,5,2,5,1,5,1,1
1200,1,2020,0,51,1,0,2,0,0,1,0,0,0,1,1,5,4,1,1,1,7,1,7,7,7,7,7,4,1
1201,1,2020,1,36,0,0,3,0,1,0,0,0,0,3,6,6,4,2,5,4,4,2,5,3,3,3,4,3,0
1202,1,2020,0,74,0,1,0,1,0,0,0,1,0,1,3,5,5,3,1,7,4,2,4,2,6,4,2,2,1
1203,1,2020,1,67,0,0,1,0,0,0,0,1,0,5,5,6,3,2,1,7,1,4,5,1,4,1,7,1,1
1204,1,2020,0,77,1,1,2,0,0,1,0,0,0,5,6,6,6,4,3,7,4,5,4,1,4,1,1,1,0
1205,1,2020,0,53,1,1,0,1,1,0,0,0,0,5,4,6,4,3,3,6,3,5,4,3,5,3,5,5,1
1206,1,2020,1,55,1,1,5,0,1,0,0,0,0,4,5,2,5,2,2,4,3,2,3,3,2,4,3,3,1
1207,1,2020,1,53,1,0,5,0,1,0,0,0,0,6,4,5,1,5,2,7,5,2,6,2,5,1,5,1,0
1208,1,2020,1,69,1,1,3,0,1,0,0,0,0,5,6,5,5,5,2,5,3,4,5,3,5,4,4,4,1
1209,1,2020,1,50,0,0,2,0,1,0,0,0,0,3,1,2,6,4,5,6,3,7,2,1,5,4,2,3,0
1210,1,2020,0,62,1,0,1,0,0,1,0,0,0,3,3,5,3,2,3,3,3,3,3,3,3,3,3,3,1
1211,1,2020,0,33,0,0,4,0,1,0,0,0,0,5,3,5,6,1,1,7,1,2,5,1,4,1,5,5,1
1212,1,2020,0,43,0,0,2,0,1,0,0,0,0,6,7,5,5,1,1,7,2,7,5,2,1,1,3,6,0
1213,1,2020,1,51,0,0,2,0,1,0,0,0,0,4,2,2,5,4,1,5,4,3,4,4,4,4,4,4,1
1214,1,2020,1,46,0,0,1,0,1,0,0,0,0,4,1,1,4,1,1,1,2,1,4,2,7,1,6,3,1
1215,1,2020,0,52,0,1,2,0,1,0,0,0,0,5,5,6,6,5,4,6,5,4,4,3,3,1,4,5,0
1216,1,2020,1,61,1,1,5,0,1,0,0,0,0,4,6,5,5,5,5,6,2,2,3,1,6,1,2,5,1
1217,1,2020,1,63,1,1,5,0,1,0,0,0,0,5,6,5,5,5,5,5,1,5,1,1,5,2,1,1,0
1218,1,2020,1,46,1,1,4,0,1,0,0,0,0,5,6,6,6,4,4,7,5,5,7,4,3,3,3,5,0
1219,1,2020,0,42,0,0,2,0,1,0,0,0,0,5,2,6,3,1,5,7,4,4,5,1,6,2,6,7,0
1220,1,2020,1,66,1,1,3,0,1,0,0,0,0,3,4,3,5,3,4,4,3,5,3,3,5,4,4,4,0
1221,1,2020,1,50,0,0,5,0,1,0,0,0,0,4,4,5,2,1,1,6,1,2,4,1,2,1,1,1,1
1222,1,2020,1,44,0,0,0,1,0,0,0,0,1,4,7,4,4,4,1,5,4,1,5,1,4,1,4,4,1
1223,1,2020,1,48,0,0,2,0,1,0,0,0,0,3,3,4,5,2,2,7,5,2,7,5,4,4,6,4,0
1224,1,2020,1,79,1,1,2,0,0,0,0,1,0,4,5,4,6,4,5,4,3,4,4,2,4,4,4,2,0
1225,1,2020,1,54,1,0,5,0,1,0,0,0,0,1,5,5,5,4,1,6,3,5,3,1,3,3,1,5,1
1226,1,2020,0,71,0,1,4,0,0,1,0,0,0,4,4,4,5,4,4,6,1,5,5,4,4,1,2,2,0
1227,1,2020,0,55,1,0,5,0,1,0,0,0,0,5,1,5,6,1,1,6,1,3,7,1,6,1,7,1,1
1228,1,2020,0,45,0,0,0,1,1,0,0,0,0,2,1,4,2,4,4,6,2,5,4,1,5,1,4,5,1
1229,1,2020,1,55,1,1,4,0,0,0,0,1,0,6,6,6,6,6,3,7,1,5,5,3,4,1,5,5,0
1230,1,2020,0,59,1,1,5,0,0,1,0,0,0,1,5,6,6,1,1,7,1,3,5,1,1,1,5,1,0
1231,1,2020,1,53,1,0,5,0,1,0,0,0,0,1,1,1,1,1,1,1,5,1,5,1,6,1,1,1,1
1232,1,2020,1,54,1,0,3,0,1,0,0,0,0,4,6,4,6,4,4,4,4,4,4,4,4,4,4,5,0
1233,1,2020,1,62,1,1,3,0,1,0,0,0,0,6,6,6,7,4,5,7,1,6,1,1,3,4,2,2,1
1234,1,2020,0,67,1,1,2,0,1,0,0,0,0,4,6,6,1,1,1,7,5,4,4,4,5,1,5,6,0
1235,1,2020,1,55,1,1,3,0,1,0,0,0,0,4,4,4,3,4,4,4,7,3,7,5,6,4,7,7,1
1236,1,2020,1,46,0,0,2,0,1,0,0,0,0,2,6,5,1,2,2,5,5,2,5,5,7,1,5,1,1
1237,1,2020,0,55,1,0,1,0,0,1,0,0,0,7,1,1,4,4,1,6,1,4,4,1,4,1,5,4,1
1238,1,2020,1,58,0,0,1,0,1,0,0,0,0,1,5,6,7,1,7,7,1,1,5,1,7,1,5,7,1
1239,1,2020,0,43,0,0,0,1,0,0,0,1,0,5,1,4,7,5,3,6,4,4,5,3,4,1,3,3,1
1240,1,2020,1,48,1,1,3,0,1,0,0,0,0,3,2,3,4,4,1,4,1,3,4,1,2,1,4,1,1
1241,1,2020,0,58,1,0,3,0,1,0,0,0,0,3,5,5,7,4,3,7,1,4,5,2,6,1,1,6,0
1242,1,2020,0,57,0,0,3,0,1,0,0,0,0,5,1,4,5,5,5,7,1,6,4,4,4,1,6,5,1
1243,1,2020,0,60,0,0,2,0,0,0,0,0,1,5,5,6,7,5,1,6,5,5,5,1,4,2,5,2,0
1244,1,2020,1,47,0,0,3,0,1,0,0,0,0,7,7,7,7,7,1,7,1,5,7,3,5,1,7,6,1
1245,1,2020,1,60,1,1,4,0,1,0,0,0,0,5,5,5,7,5,3,5,1,5,1,1,3,1,1,5,0
1246,1,2020,0,44,0,0,3,0,1,0,0,0,0,3,6,6,5,6,1,7,4,4,5,4,5,1,4,5,0
1247,1,2020,0,47,1,1,5,0,1,0,0,0,0,7,6,6,6,1,5,5,3,6,2,1,1,1,1,3,0
1248,1,2020,0,74,0,1,1,0,0,1,0,0,0,5,5,6,6,5,3,7,3,6,5,1,2,2,2,2,0
1249,1,2020,1,72,1,1,3,0,0,0,0,1,0,2,2,5,6,2,2,4,1,6,1,1,4,4,1,1,0
1250,1,2020,1,71,1,0,4,0,1,0,0,0,0,5,6,5,7,6,6,5,1,6,1,1,1,1,1,1,0
1251,1,2020,0,55,0,0,2,0,1,0,0,0,0,6,6,5,6,4,7,7,5,4,6,4,5,1,6,2,0
1252,1,2020,0,54,0,1,0,1,1,0,0,0,0,7,5,6,3,5,1,7,2,3,5,1,1,1,5,4,0
1253,1,2020,1,40,0,0,0,1,1,0,0,0,0,5,4,4,6,6,2,6,4,4,5,2,2,2,4,4,1
1254,1,2020,0,56,1,1,5,0,0,1,0,0,0,3,5,2,2,3,5,7,6,1,5,1,4,3,6,1,0
1255,1,2020,1,54,0,0,2,0,1,0,0,0,0,4,4,4,5,4,1,4,4,4,4,3,4,4,4,4,1
1256,1,2020,1,61,0,0,3,0,1,0,0,0,0,5,5,5,5,3,3,5,4,5,4,4,5,5,5,4,1
1257,1,2020,1,62,0,0,2,0,1,0,0,0,0,4,5,5,7,1,7,7,1,6,2,2,1,1,4,4,1
1258,1,2020,0,45,0,0,2,0,1,0,0,0,0,1,1,4,4,4,1,7,6,2,6,1,4,5,6,6,1
1259,1,2020,0,29,1,0,2,0,1,0,0,0,0,4,3,4,4,4,5,4,4,3,4,3,5,3,2,4,0
1260,1,2020,0,50,1,0,3,0,1,0,0,0,0,3,2,3,3,3,3,5,5,2,5,5,6,5,6,5,1
1261,1,2020,1,53,0,0,0,1,1,0,0,0,0,1,1,1,1,1,1,1,1,1,1,1,1,1,1,1,1
1262,1,2020,1,76,1,1,3,0,1,0,0,0,0,6,7,7,6,4,1,6,1,6,1,1,1,1,1,6,1
1263,1,2020,1,59,0,0,3,0,1,0,0,0,0,4,2,2,2,3,1,3,4,4,3,5,3,4,1,1,1
1264,1,2020,1,49,1,0,5,0,1,0,0,0,0,2,6,6,5,1,1,7,5,3,6,6,5,3,5,6,1
1265,1,2020,0,59,1,0,0,1,1,0,0,0,0,5,5,5,4,5,3,4,4,4,4,4,4,4,4,4,1
1266,1,2020,0,52,1,1,4,0,0,1,0,0,0,1,3,2,2,2,2,7,6,2,7,3,4,1,5,2,1
1267,1,2020,1,67,1,1,5,0,1,0,0,0,0,4,5,6,4,4,3,6,5,5,3,2,4,4,5,5,0
1268,1,2020,1,65,1,1,5,0,1,0,0,0,0,4,7,3,7,1,1,6,1,5,1,1,5,1,1,1,0
1269,1,2020,0,55,0,0,1,0,1,0,0,0,0,1,5,5,4,1,1,4,4,4,4,3,2,1,3,1,1
1270,1,2020,0,50,0,0,2,0,1,0,0,0,0,3,7,6,6,5,1,7,6,2,5,4,6,5,6,6,1
1271,1,2020,0,33,1,0,2,0,0,1,0,0,0,5,1,1,5,1,1,5,1,1,1,1,3,1,1,1,1
1272,1,2020,1,45,1,1,5,0,1,0,0,0,0,5,1,1,5,6,4,1,1,4,1,1,1,1,1,2,0
1273,1,2020,0,55,1,1,3,0,1,0,0,0,0,4,6,6,7,6,1,6,2,6,4,2,5,1,3,6,1
1274,1,2020,1,73,1,1,5,0,0,0,0,1,0,3,6,4,5,6,1,2,1,5,1,1,2,2,3,6,0
1275,1,2020,1,54,1,0,4,0,1,0,0,0,0,5,6,6,5,5,1,7,5,3,5,4,4,1,4,4,1
1276,1,2020,1,47,0,0,3,0,1,0,0,0,0,3,3,3,4,3,4,2,4,4,3,4,5,4,4,5,0
1277,1,2020,0,51,0,0,2,0,1,0,0,0,0,4,2,3,7,3,1,7,1,4,5,2,6,1,5,5,1
1278,1,2020,0,60,1,1,5,0,1,0,0,0,0,2,5,5,5,5,1,7,4,4,4,2,5,2,5,5,0
1279,1,2020,0,72,1,1,5,0,0,1,0,0,0,4,6,7,6,2,7,7,2,7,5,1,2,1,1,1,0
1280,1,2020,1,39,0,0,2,0,1,0,0,0,0,6,4,6,6,6,6,6,1,6,2,1,1,1,2,1,0
1281,1,2020,1,69,1,1,3,0,1,0,0,0,0,6,6,5,7,4,5,7,1,5,1,1,4,1,1,1,0
1282,1,2020,1,55,1,0,5,0,1,0,0,0,0,6,7,7,5,6,5,7,5,5,5,1,6,1,1,6,0
1283,1,2020,1,55,1,0,2,0,1,0,0,0,0,4,6,5,7,5,7,7,1,6,2,1,5,1,4,4,0
1284,1,2020,1,49,1,1,5,0,1,0,0,0,0,5,1,5,5,2,2,6,5,2,5,5,4,4,5,5,1
1285,1,2020,0,32,1,1,5,0,1,0,0,0,0,2,2,2,2,2,2,3,2,2,2,3,2,2,2,3,1
1286,1,2020,1,74,1,1,0,1,0,0,0,1,0,5,7,5,7,4,4,6,4,6,5,2,1,2,2,1,0
1287,1,2020,0,60,0,0,5,0,1,0,0,0,0,2,7,7,7,6,1,7,5,2,5,2,2,4,4,2,1
1288,1,2020,1,34,0,0,3,0,1,0,0,0,0,6,5,7,5,6,1,7,4,4,7,5,6,2,6,7,1
1289,1,2020,1,62,1,1,3,0,1,0,0,0,0,5,6,7,7,7,7,7,5,7,5,2,2,2,2,1,0
1290,1,2020,0,35,1,1,0,1,0,1,0,0,0,3,6,5,7,4,5,6,6,3,6,1,6,3,7,7,0
1291,1,2020,0,26,0,0,0,1,1,0,0,0,0,5,1,1,5,5,1,5,2,1,5,1,2,1,5,4,1
1292,1,2020,1,44,0,0,5,0,1,0,0,0,0,6,7,7,7,1,1,1,1,1,1,1,1,1,1,1,1
1293,1,2020,1,40,1,1,4,0,1,0,0,0,0,5,7,5,7,1,5,5,1,5,1,1,3,1,1,5,0
1294,1,2020,0,33,1,0,2,0,0,1,0,0,0,2,6,4,5,7,5,7,2,4,6,4,5,1,7,5,0
1295,1,2020,0,24,0,0,5,0,1,0,0,0,0,4,4,4,4,4,4,4,4,4,4,4,4,4,4,4,0
1296,1,2020,1,56,1,1,5,0,1,0,0,0,0,6,2,6,6,4,1,6,3,6,5,1,2,2,2,2,1
1297,1,2020,0,66,1,1,3,0,0,1,0,0,0,5,5,5,6,3,6,6,2,6,5,2,2,2,2,2,0
1298,1,2020,1,63,1,1,4,0,1,0,0,0,0,7,7,5,6,5,1,7,1,4,4,1,1,1,1,1,0
1299,1,2020,0,46,1,1,3,0,0,1,0,0,0,5,5,5,5,4,4,6,2,5,2,1,5,2,1,2,0
1300,1,2020,0,32,1,1,0,1,1,0,0,0,0,5,6,6,5,6,5,6,4,5,6,2,4,2,5,6,0
1301,1,2020,0,35,1,1,4,0,1,0,0,0,0,3,5,4,4,3,3,4,4,3,5,5,3,3,4,4,0
1302,1,2020,1,29,0,0,3,0,1,0,0,0,0,5,5,4,4,4,4,4,4,5,4,5,5,4,5,4,1
1303,1,2020,0,55,1,1,5,0,1,0,0,0,0,5,7,6,6,6,5,7,2,4,5,2,2,4,5,2,0
1304,1,2020,1,38,0,0,4,0,1,0,0,0,0,4,4,4,3,4,4,4,4,4,4,4,4,4,4,4,1
1305,1,2020,1,33,1,1,2,0,1,0,0,0,0,6,7,6,4,4,4,4,3,5,4,2,4,4,3,4,1
1306,1,2020,0,58,0,0,3,0,1,0,0,0,0,5,3,6,5,2,2,5,2,4,3,3,5,4,3,3,1
1307,1,2020,0,28,0,0,5,0,1,0,0,0,0,4,4,4,5,4,4,5,4,5,4,4,4,4,4,4,0
1308,1,2020,1,49,1,1,5,0,1,0,0,0,0,4,4,5,5,5,4,4,4,5,5,4,4,4,4,5,0
1309,1,2020,0,57,1,0,4,0,1,0,0,0,0,1,7,7,7,1,5,7,4,4,5,2,4,1,2,5,1
1310,1,2020,0,47,0,0,5,0,1,0,0,0,0,6,6,6,6,6,6,6,3,6,3,3,2,6,3,4,0
1311,1,2020,1,60,1,1,0,1,1,0,0,0,0,4,4,4,4,4,3,4,4,4,4,4,4,4,4,4,1
1312,1,2020,1,37,1,1,0,1,1,0,0,0,0,4,4,4,4,4,4,4,4,4,4,4,4,4,4,4,0
1313,1,2020,1,45,0,0,2,0,1,0,0,0,0,4,4,3,2,4,4,4,6,3,5,5,7,5,5,5,1
1314,1,2020,1,38,0,0,2,0,1,0,0,0,0,6,5,5,6,4,1,7,2,2,5,2,7,3,6,7,1
1315,1,2020,1,42,1,0,0,1,1,0,0,0,0,4,4,4,4,4,4,4,4,4,5,4,4,4,4,4,1
1316,1,2020,0,44,1,1,5,0,0,1,0,0,0,4,5,5,7,6,2,7,5,6,5,2,3,1,3,5,0
1317,1,2020,1,53,1,1,4,0,1,0,0,0,0,1,1,1,4,1,5,5,1,3,5,1,1,1,1,1,1
1318,1,2020,0,39,0,0,0,1,1,0,0,0,0,1,1,2,1,1,1,1,1,1,1,1,1,1,1,1,1
1319,1,2020,0,57,0,1,3,0,1,0,0,0,0,4,6,5,5,4,4,4,4,4,5,1,4,1,5,5,1
1320,1,2020,1,66,0,1,3,0,1,0,0,0,0,4,5,4,4,4,4,4,4,4,4,4,4,4,4,1,1
1321,1,2020,1,32,0,0,5,0,1,0,0,0,0,5,5,5,5,5,5,5,1,5,5,1,1,1,1,2,0
1322,1,2020,1,68,1,0,2,0,0,0,0,1,0,1,2,3,6,1,1,1,1,2,1,1,5,1,1,1,1
1323,1,2020,1,65,1,1,5,0,1,0,0,0,0,4,2,6,6,5,1,7,2,3,5,2,2,2,2,6,1
1324,1,2020,1,55,1,1,3,0,1,0,0,0,0,1,1,4,5,2,1,4,2,5,2,2,7,2,2,7,0
1325,1,2020,1,57,1,1,5,0,1,0,0,0,0,4,4,4,4,4,4,4,4,3,4,4,4,4,4,3,1
1326,1,2020,1,60,1,1,4,0,1,0,0,0,0,2,2,3,4,2,1,2,3,3,3,4,4,4,3,4,1
1327,1,2020,0,48,1,1,5,0,1,0,0,0,0,7,7,7,7,7,7,7,1,7,3,1,1,1,6,2,0
1328,1,2020,1,31,1,0,3,0,1,0,0,0,0,4,3,3,4,3,3,3,4,4,4,3,4,3,4,4,1
1329,1,2020,1,52,1,1,2,0,1,0,0,0,0,6,5,5,6,7,5,6,4,6,1,1,1,4,1,1,0
1330,1,2020,1,75,1,0,3,0,0,0,0,1,0,2,2,2,4,2,2,6,4,3,5,5,4,4,5,5,1
1331,1,2020,0,34,0,0,0,1,1,0,0,0,0,4,5,5,6,4,6,7,4,7,4,4,4,2,5,4,0
1332,1,2020,0,41,0,0,0,1,1,0,0,0,0,5,3,5,6,2,6,6,1,6,1,1,1,1,1,2,0
1333,1,2020,0,63,1,1,3,0,0,1,0,0,0,2,2,2,4,2,1,5,3,3,5,3,5,3,5,4,1
1334,1,2020,1,57,0,0,3,0,1,0,0,0,0,2,3,2,3,3,2,3,4,3,5,5,4,4,5,4,1
1335,1,2020,0,44,0,0,1,0,0,0,0,1,0,5,1,4,4,5,1,5,1,5,5,1,3,1,1,1,0
1336,1,2020,0,34,1,1,4,0,1,0,0,0,0,5,5,5,7,5,1,6,6,4,6,1,6,4,2,7,0
1337,1,2020,1,42,0,0,2,0,1,0,0,0,0,3,5,2,6,2,1,5,1,2,2,1,3,1,1,1,1
1338,1,2020,0,30,0,0,1,0,0,0,0,1,0,4,4,4,1,4,1,7,5,1,4,2,4,4,4,1,1
1339,1,2020,1,48,0,0,5,0,1,0,0,0,0,4,5,6,5,5,3,7,5,4,6,4,7,2,6,6,0
1340,1,2020,0,50,1,1,4,0,0,1,0,0,0,3,6,6,7,1,6,7,3,6,5,1,4,2,6,4,1
1341,1,2020,0,52,0,1,5,0,1,0,0,0,0,4,5,4,4,4,3,4,4,4,4,4,3,4,4,4,1
1342,1,2020,1,64,1,1,3,0,1,0,0,0,0,3,5,5,6,3,2,5,2,4,5,2,4,2,2,2,1
1343,1,2020,0,22,0,0,5,0,0,0,1,0,0,5,5,5,5,5,5,5,5,5,5,5,5,5,5,5,1
1344,1,2020,0,39,1,0,0,1,1,0,0,0,0,2,5,4,6,4,4,2,2,3,6,2,5,1,6,2,1
1345,1,2020,1,57,1,1,3,0,1,0,0,0,0,4,4,4,4,4,4,4,5,4,4,4,4,4,4,4,0
1346,1,2020,0,46,1,0,0,1,1,0,0,0,0,5,5,5,6,4,6,6,6,6,6,6,6,6,6,6,0
1347,1,2020,1,54,1,1,5,0,1,0,0,0,0,4,5,5,5,4,4,4,3,5,3,2,3,3,3,3,0
1348,1,2020,0,45,1,0,3,0,0,1,0,0,0,3,5,5,4,1,5,7,3,3,6,3,5,4,5,4,0
1349,1,2020,1,31,0,0,5,0,1,0,0,0,0,6,6,6,5,2,1,6,5,5,5,2,1,1,1,1,0
1350,1,2020,1,37,0,0,2,0,1,0,0,0,0,4,1,1,4,7,7,4,1,4,1,1,4,4,1,1,1
1351,1,2020,0,58,0,1,3,0,1,0,0,0,0,4,5,4,4,4,5,4,5,4,5,5,6,5,5,5,1
1352,1,2020,0,40,0,0,0,1,1,0,0,0,0,2,5,5,4,3,1,7,5,3,6,2,4,3,3,5,0
1353,1,2020,0,71,0,0,0,1,0,0,0,1,0,1,1,1,6,1,1,1,1,1,3,1,1,1,1,1,1
1354,1,2020,1,73,1,1,2,0,0,0,0,0,1,4,6,5,7,6,6,2,2,4,2,1,3,2,1,5,0
1355,1,2020,1,65,0,0,2,0,1,0,0,0,0,4,4,4,1,4,1,7,1,4,1,1,4,1,4,7,1
1356,1,2020,0,69,1,1,0,1,0,1,0,0,0,4,4,4,4,4,4,4,4,4,4,4,4,4,4,4,1
1357,1,2020,1,50,0,0,2,0,0,0,0,1,0,1,1,4,6,6,3,6,5,4,5,2,4,4,5,3,1
1358,1,2020,1,61,0,0,0,1,1,0,0,0,0,4,1,5,6,1,1,6,1,4,3,2,4,1,3,1,1
1359,1,2020,1,54,1,0,5,0,1,0,0,0,0,3,4,4,5,2,1,6,4,4,6,4,4,4,4,5,1
1360,1,2020,0,63,1,1,0,1,1,0,0,0,0,2,5,5,5,2,4,7,4,4,6,4,4,4,6,1,0
1361,1,2020,0,52,0,1,2,0,1,0,0,0,0,7,7,5,4,2,1,5,2,5,1,1,7,1,1,7,1
1362,1,2020,1,72,1,1,5,0,1,0,0,0,0,1,1,3,1,1,1,1,1,1,1,2,1,1,1,1,1
1363,1,2020,1,40,1,1,5,0,1,0,0,0,0,6,6,7,6,4,5,6,7,5,6,5,5,6,4,5,0
1364,1,2020,1,55,1,1,4,0,1,0,0,0,0,4,4,4,4,4,4,4,4,4,4,4,4,4,4,4,0
1365,1,2020,1,66,1,1,0,1,0,0,0,1,0,6,6,4,7,1,1,7,1,4,5,1,1,1,5,1,1
1366,1,2020,1,75,1,1,3,0,0,0,0,1,0,6,6,6,7,6,6,6,1,6,1,1,5,1,1,1,0
1367,1,2020,1,41,0,0,2,0,1,0,0,0,0,4,3,4,4,4,4,4,4,3,6,5,6,4,5,4,1
1368,1,2020,0,63,1,1,0,1,0,1,0,0,0,6,5,6,5,4,1,7,2,5,5,1,3,1,6,4,0
1369,1,2020,1,63,1,1,3,0,1,0,0,0,0,4,2,3,6,1,1,6,1,4,1,1,6,1,1,1,1
1370,1,2020,1,53,0,0,5,0,1,0,0,0,0,3,2,3,3,1,1,6,2,3,1,1,1,1,2,2,1
1371,1,2020,0,52,0,1,1,0,1,0,0,0,0,1,1,3,5,1,1,7,1,4,5,4,5,1,2,1,1
1372,1,2020,1,60,0,0,3,0,1,0,0,0,0,1,5,2,6,1,1,5,1,4,4,1,3,1,1,1,1
1373,1,2020,0,54,1,1,5,0,0,1,0,0,0,6,5,6,6,1,7,7,4,4,5,4,4,1,4,4,1
1374,1,2020,1,56,0,1,3,0,1,0,0,0,0,7,4,4,6,4,4,4,2,4,2,2,4,1,4,2,1
1375,1,2020,0,41,1,1,3,0,1,0,0,0,0,5,5,5,3,6,5,7,4,4,5,2,3,1,4,6,0
1376,1,2020,0,54,1,1,0,1,0,1,0,0,0,6,6,6,5,1,1,6,3,2,5,3,4,2,7,4,1
1377,1,2020,1,72,1,1,3,0,0,0,0,1,0,4,2,6,6,2,2,7,1,4,5,4,1,1,1,1,1
1378,1,2020,1,52,0,0,0,1,1,0,0,0,0,5,4,4,5,4,1,5,4,4,4,1,4,4,4,3,0
1379,1,2020,0,38,0,0,0,1,1,0,0,0,0,3,2,5,6,1,1,6,1,4,5,1,3,1,1,1,0
1380,1,2020,0,34,0,0,5,0,1,0,0,0,0,3,5,5,3,3,3,3,5,3,6,3,3,3,5,7,1
1381,1,2020,1,45,0,0,2,0,1,0,0,0,0,4,5,4,4,4,4,4,4,4,4,4,4,4,4,4,1
1382,1,2020,0,47,0,0,2,0,1,0,0,0,0,1,1,2,5,5,1,7,2,1,1,1,4,4,5,2,1
1383,1,2020,1,40,1,1,3,0,1,0,0,0,0,3,5,4,4,4,4,4,4,3,4,4,4,4,4,4,1
1384,1,2020,1,50,0,0,0,1,0,0,0,0,1,4,4,4,1,4,1,1,4,1,4,4,7,7,4,3,1
1385,1,2020,0,41,0,0,2,0,1,0,0,0,0,2,5,4,2,1,1,6,4,3,5,1,2,2,1,6,1
1386,1,2020,1,43,1,1,4,0,1,0,0,0,0,4,6,4,6,3,4,3,2,5,5,2,5,1,5,5,0
1387,1,2020,1,74,1,1,3,0,0,0,0,1,0,3,3,3,4,4,4,4,4,4,4,4,4,4,4,4,1
1388,1,2020,0,59,1,1,4,0,0,1,0,0,0,3,5,4,6,3,1,6,5,5,5,2,5,1,6,2,1
1389,1,2020,0,35,1,1,0,1,0,1,0,0,0,1,7,5,5,1,1,7,5,5,3,1,5,1,5,7,0
1390,1,2020,1,45,0,0,4,0,1,0,0,0,0,3,5,5,4,2,5,6,7,2,6,6,6,5,7,7,1
1391,1,2020,1,55,1,1,2,0,1,0,0,0,0,6,5,5,6,5,1,7,1,4,2,1,4,1,1,1,0
1392,1,2020,1,57,1,1,5,0,1,0,0,0,0,6,6,5,5,2,6,6,2,6,1,1,2,2,2,3,1
1393,1,2020,0,55,0,0,1,0,0,0,0,1,0,4,3,4,4,4,4,4,4,4,4,4,4,4,4,4,1
1394,1,2020,0,44,0,0,2,0,0,0,0,0,1,4,2,6,5,6,3,7,1,5,3,1,4,1,5,1,1
1395,1,2020,0,30,0,0,0,1,1,0,0,0,0,4,5,4,4,6,1,4,5,4,2,1,4,1,1,1,0
1396,1,2020,1,55,0,0,1,0,0,0,0,1,0,4,4,4,4,4,4,4,3,4,4,4,4,4,4,4,1
1397,1,2020,0,44,0,0,1,0,1,0,0,0,0,3,5,5,2,4,2,6,7,2,7,7,7,4,7,7,1
1398,1,2020,0,29,1,0,4,0,1,0,0,0,0,5,3,2,6,2,3,6,6,3,5,1,1,1,5,5,1
1399,1,2020,1,72,1,1,2,0,0,0,0,1,0,6,6,6,6,5,5,6,2,4,5,3,4,3,5,1,1
1400,1,2020,1,45,1,1,3,0,1,0,0,0,0,4,5,5,4,1,1,7,1,5,3,1,4,1,1,1,0
1401,1,2020,1,55,1,1,4,0,1,0,0,0,0,5,7,5,2,5,1,7,1,7,2,1,2,2,1,5,1
1402,1,2020,0,28,0,0,0,1,1,0,0,0,0,4,4,4,5,4,5,5,4,4,4,1,3,4,2,3,1
1403,1,2020,1,43,0,0,2,0,1,0,0,0,0,4,5,4,7,1,1,6,4,1,5,2,4,1,5,4,1
1404,1,2020,0,66,1,1,0,1,1,0,0,0,0,4,2,6,5,5,4,4,1,5,5,2,5,1,5,6,0
1405,1,2020,0,27,1,0,0,1,1,0,0,0,0,4,6,6,6,1,5,7,4,5,6,1,2,2,5,6,0
1406,1,2020,0,60,0,1,3,0,1,0,0,0,0,5,6,3,3,1,5,7,1,4,1,1,1,1,1,1,1
1407,1,2020,0,32,0,0,0,1,1,0,0,0,0,5,5,5,3,6,5,7,1,5,7,1,5,1,7,6,0
1408,1,2020,1,53,1,0,3,0,1,0,0,0,0,3,2,2,2,6,5,7,2,5,5,2,4,2,2,2,1
1409,1,2020,0,44,1,0,3,0,1,0,0,0,0,6,5,5,7,1,1,7,5,4,5,5,4,1,5,5,0
1410,1,2020,0,30,0,0,2,0,1,0,0,0,0,5,4,4,7,1,6,7,7,2,7,7,7,7,7,7,0
1411,1,2020,1,51,0,1,4,0,1,0,0,0,0,1,1,2,6,5,3,5,2,5,5,3,4,3,5,3,1
1412,1,2020,1,62,1,0,3,0,1,0,0,0,0,6,3,5,6,6,1,6,2,7,5,1,1,1,3,1,0
1413,1,2020,1,72,1,1,3,0,0,0,0,1,0,5,5,5,5,5,2,5,2,4,5,2,2,2,2,2,0
1414,1,2020,0,48,1,1,0,1,1,0,0,0,0,4,2,4,5,6,1,7,4,4,4,4,7,2,5,1,1
1415,1,2020,1,72,1,1,5,0,0,0,0,1,0,6,6,6,6,6,6,6,5,5,5,2,5,2,2,2,0
1416,1,2020,1,53,1,1,5,0,1,0,0,0,0,5,4,5,4,3,5,5,4,4,4,4,4,4,4,4,1
1417,1,2020,0,38,1,0,3,0,1,0,0,0,0,5,4,4,4,4,4,4,4,4,4,5,4,4,4,4,1
1418,1,2020,1,37,0,0,4,0,0,0,0,0,1,3,4,3,3,4,4,4,3,3,3,3,3,4,3,4,1
1419,1,2020,0,50,1,1,3,0,0,1,0,0,0,2,1,2,2,2,2,7,6,2,5,4,5,5,5,4,1
1420,1,2020,1,44,1,0,3,0,1,0,0,0,0,1,1,2,1,1,1,1,1,1,1,1,1,2,1,1,1
1421,1,2020,1,47,1,0,5,0,1,0,0,0,0,7,5,7,4,5,7,6,1,4,4,1,4,4,1,6,1
1422,1,2020,1,54,0,0,4,0,0,0,0,1,0,5,1,4,6,4,1,4,1,6,1,1,7,4,7,1,0
1423,1,2020,1,58,1,1,0,1,1,0,0,0,0,6,3,6,7,2,4,6,5,5,6,4,6,4,5,5,1
1424,1,2020,1,77,1,1,4,0,0,0,0,0,1,4,4,5,4,4,4,4,4,4,4,4,4,4,4,4,0
1425,1,2020,1,67,1,1,0,1,0,0,0,1,0,4,4,4,4,4,4,4,4,4,4,4,4,4,4,4,1
1426,1,2020,1,65,1,1,3,0,1,0,0,0,0,6,5,6,6,6,5,6,5,5,5,1,2,6,1,1,0
1427,1,2020,0,36,1,0,4,0,1,0,0,0,0,5,5,5,6,6,6,7,2,5,6,3,3,2,6,5,0
1428,1,2020,1,53,1,1,2,0,1,0,0,0,0,2,4,1,6,2,1,3,1,2,5,2,7,2,2,5,1
1429,1,2020,0,57,1,1,2,0,1,0,0,0,0,1,1,4,6,1,1,5,2,4,2,1,2,1,2,1,1
1430,1,2020,1,52,1,0,5,0,1,0,0,0,0,3,4,4,4,5,5,6,5,4,4,4,4,4,5,5,0
1431,1,2020,0,40,0,0,0,1,0,0,0,1,0,1,1,1,1,1,1,1,7,1,1,1,7,1,1,1,1
1432,1,2020,1,61,0,1,5,0,1,0,0,0,0,4,4,4,4,4,4,4,4,4,4,4,4,4,4,2,1
1433,1,2020,1,74,1,1,2,0,0,0,0,1,0,6,6,7,7,1,6,7,5,2,6,5,4,2,5,4,1
1434,1,2020,1,40,0,0,1,0,0,0,0,1,0,1,1,1,1,7,1,1,1,1,1,1,1,1,1,1,1
1435,1,2020,0,54,1,0,3,0,0,0,0,0,1,1,1,1,1,1,1,1,1,1,4,1,1,1,1,1,1
1436,1,2020,0,48,0,1,2,0,1,0,0,0,0,1,7,7,5,4,1,7,4,7,1,1,1,1,1,1,1
1437,1,2020,1,56,1,0,4,0,1,0,0,0,0,4,4,3,7,4,4,4,5,4,5,2,6,3,5,5,1
1438,1,2020,0,38,1,1,0,1,0,1,0,0,0,3,5,5,6,5,1,6,4,3,5,3,4,2,2,2,0
1439,1,2020,1,46,0,0,5,0,1,0,0,0,0,6,2,4,7,5,1,6,1,4,1,1,5,1,1,1,1
1440,1,2020,1,55,1,1,2,0,1,0,0,0,0,3,5,5,2,4,1,4,5,1,6,5,4,4,4,7,1
1441,1,2020,1,46,1,1,3,0,1,0,0,0,0,6,5,5,5,6,5,5,4,5,4,5,5,5,5,5,0
1442,1,2020,1,51,1,1,4,0,1,0,0,0,0,3,3,3,3,3,3,3,3,3,3,3,3,3,3,3,0
1443,1,2020,0,80,1,1,2,0,0,1,0,0,0,4,4,4,4,4,4,4,4,4,4,4,4,4,4,4,0
1444,1,2020,1,45,0,0,0,1,1,0,0,0,0,3,4,4,4,4,4,4,4,4,4,4,4,4,4,4,1
1445,1,2020,1,24,0,0,2,0,1,0,0,0,0,5,6,4,5,1,6,6,5,3,5,1,6,3,6,5,1
1446,1,2020,1,71,1,1,3,0,0,0,0,0,1,5,4,5,6,3,5,7,3,4,6,2,7,1,6,1,0
1447,1,2020,1,56,1,1,4,0,1,0,0,0,0,5,1,2,4,4,4,7,3,3,4,2,1,1,2,4,1
1448,1,2020,1,74,1,1,3,0,1,0,0,0,0,5,6,5,4,5,4,5,3,5,5,4,4,2,4,5,0
1449,1,2020,1,48,1,0,5,0,1,0,0,0,0,5,6,5,5,2,1,6,1,4,3,1,1,1,1,1,1
1450,1,2020,1,53,0,0,2,0,1,0,0,0,0,1,1,1,1,1,1,1,5,1,7,6,7,1,6,6,1
1451,1,2020,0,40,1,1,4,0,1,0,0,0,0,6,3,5,5,5,6,5,4,4,4,4,4,4,4,4,0
1452,1,2020,0,41,1,1,0,1,0,1,0,0,0,4,7,5,4,5,6,7,3,5,5,2,4,4,6,5,0
1453,1,2020,1,44,0,0,2,0,1,0,0,0,0,1,1,1,7,1,1,7,1,1,1,1,1,1,1,1,1
1454,1,2020,1,53,0,0,2,0,1,0,0,0,0,4,1,4,6,5,4,7,1,2,6,1,5,1,4,6,1
1455,1,2020,0,48,0,0,0,1,0,0,0,1,0,4,4,4,4,4,4,4,6,4,4,4,4,4,4,4,1
1456,1,2020,1,59,1,1,5,0,1,0,0,0,0,4,5,4,4,5,5,5,5,3,5,5,5,5,5,6,1
1457,1,2020,1,55,1,1,3,0,1,0,0,0,0,2,1,1,1,2,2,7,7,1,7,5,7,1,6,7,1
1458,1,2020,0,71,1,1,4,0,0,1,0,0,0,7,7,6,5,7,7,7,1,6,5,1,5,1,5,2,0
1459,1,2020,1,71,1,0,3,0,0,0,0,1,0,6,5,5,4,4,5,6,4,5,4,3,4,2,5,4,0
1460,1,2020,1,39,0,0,5,0,1,0,0,0,0,6,7,6,6,6,4,6,5,6,5,3,2,3,5,5,1
1461,1,2020,1,53,1,1,2,0,1,0,0,0,0,1,1,1,2,4,1,1,1,1,1,1,4,1,1,1,1
1462,1,2020,1,36,0,0,2,0,0,0,0,0,1,5,5,5,5,6,1,7,6,2,5,4,7,5,5,7,1
1463,1,2020,1,53,0,0,1,0,0,0,0,1,0,1,1,3,2,1,1,1,1,4,1,1,4,1,1,1,1
1464,1,2020,1,32,0,0,0,1,1,0,0,0,0,1,1,1,3,2,1,2,3,1,2,2,5,1,2,2,0
1465,1,2020,1,65,1,1,2,0,0,0,0,1,0,2,1,4,7,5,5,7,1,5,2,2,6,1,2,4,1
1466,1,2020,0,50,1,1,3,0,1,0,0,0,0,6,5,5,6,6,6,6,6,6,6,6,6,6,6,6,0
1467,1,2020,0,32,0,0,0,1,1,0,0,0,0,1,1,2,5,4,6,7,2,4,5,1,1,1,7,1,0
1468,1,2020,0,50,1,1,5,0,0,1,0,0,0,4,3,3,5,4,3,6,6,4,6,6,5,4,6,6,1
1469,1,2020,1,48,1,1,3,0,1,0,0,0,0,3,2,4,6,3,3,6,2,4,5,2,2,2,2,5,1
1470,1,2020,0,36,1,0,1,0,1,0,0,0,0,1,1,3,3,5,1,7,7,4,5,1,6,2,5,5,1
1471,1,2020,0,70,1,1,0,1,0,1,0,0,0,3,6,6,7,3,1,7,1,4,2,1,6,1,1,1,1
1472,1,2020,1,28,1,0,3,0,1,0,0,0,0,4,4,3,3,4,4,6,3,3,5,3,7,2,4,3,1
1473,1,2020,0,51,0,0,2,0,0,0,0,1,0,2,3,3,2,5,5,7,3,3,6,3,4,1,1,1,1
1474,1,2020,0,56,1,1,0,1,1,0,0,0,0,5,6,5,2,4,6,6,6,4,6,2,4,1,2,7,0
1475,1,2020,1,53,1,1,5,0,1,0,0,0,0,2,3,2,2,3,2,2,2,2,3,2,3,2,3,4,1
1476,1,2020,0,40,1,1,2,0,0,1,0,0,0,3,5,5,5,2,2,7,6,4,7,5,4,1,6,2,0
1477,1,2020,0,41,0,0,0,1,0,0,0,0,1,2,2,6,3,7,2,6,5,3,7,2,6,2,5,5,1
1478,1,2020,0,52,0,0,2,0,1,0,0,0,0,1,5,5,5,1,1,1,7,4,7,7,7,7,7,7,1
1479,1,2020,1,73,0,0,2,0,0,0,0,1,0,6,7,7,7,5,5,7,1,6,1,1,1,1,1,1,1
1480,1,2020,1,58,1,1,4,0,1,0,0,0,0,7,6,5,7,5,5,5,2,5,5,2,7,2,3,5,1
1481,1,2020,0,43,0,0,5,0,1,0,0,0,0,6,1,6,7,4,4,7,4,1,4,4,4,1,4,6,0
1482,1,2020,1,63,1,1,4,0,1,0,0,0,0,4,4,4,4,4,4,4,4,4,4,4,4,4,4,5,1
1483,1,2020,1,64,0,0,2,0,1,0,0,0,0,6,6,6,6,6,6,6,6,6,6,6,6,6,6,6,1
1484,1,2020,0,59,1,1,3,0,0,1,0,0,0,5,1,4,4,1,1,6,2,4,3,2,2,2,2,2,0
1485,1,2020,0,60,0,1,2,0,1,0,0,0,0,5,4,6,6,1,6,7,1,2,6,1,2,1,2,6,0
1486,1,2020,1,64,1,1,2,0,1,0,0,0,0,4,4,4,4,4,4,6,1,4,1,1,3,1,1,1,1
1487,1,2020,1,47,0,0,5,0,1,0,0,0,0,2,4,5,2,2,5,2,2,5,2,2,6,2,2,4,1
1488,1,2020,0,25,0,0,5,0,1,0,0,0,0,4,4,4,4,4,4,4,4,4,4,4,4,4,4,4,1
1489,1,2020,1,69,1,1,2,0,1,0,0,0,0,3,2,3,5,1,1,3,2,3,2,2,5,4,2,2,1
1490,1,2020,1,62,1,1,5,0,1,0,0,0,0,5,6,6,7,5,4,7,1,6,6,1,7,1,2,4,0
1491,1,2020,1,71,1,0,3,0,0,0,0,1,0,5,5,6,5,5,5,7,1,4,1,1,1,1,1,1,1
1492,1,2020,0,39,1,0,3,0,1,0,0,0,0,5,5,3,5,4,5,4,4,5,5,4,5,3,5,5,0
1493,1,2020,0,45,1,1,0,1,0,1,0,0,0,4,4,4,4,4,4,4,4,4,4,4,4,4,4,4,1
1494,1,2020,1,46,0,0,5,0,1,0,0,0,0,5,5,4,4,4,4,4,4,4,4,4,5,4,4,5,1
1495,1,2020,0,55,0,0,1,0,1,0,0,0,0,4,4,3,4,4,4,4,4,4,4,4,4,4,4,4,1
1496,1,2020,1,44,1,1,5,0,1,0,0,0,0,4,4,4,4,4,3,4,4,4,4,4,4,4,4,4,1
1497,1,2020,1,52,0,0,1,0,0,0,0,1,0,5,6,6,4,4,4,3,4,4,3,5,5,3,4,4,1
1498,1,2020,1,43,0,0,2,0,1,0,0,0,0,7,5,6,7,6,7,7,1,4,2,2,1,1,1,1,0
1499,1,2020,1,66,0,1,2,0,1,0,0,0,0,4,1,4,7,4,1,7,1,7,4,1,7,1,6,6,1
1500,1,2020,1,81,1,1,2,0,0,0,0,1,0,6,6,6,7,4,1,7,1,4,4,1,5,1,1,1,1
1501,1,2020,1,31,0,0,3,0,1,0,0,0,0,4,3,2,6,3,2,4,1,4,1,1,4,1,1,1,1
1502,1,2020,0,71,1,1,2,0,0,1,0,0,0,6,5,7,4,4,1,7,4,4,1,1,4,4,1,1,1
1503,1,2020,1,75,1,1,0,1,0,0,0,1,0,5,1,4,4,1,1,7,1,1,5,1,6,1,3,4,1
1504,1,2020,1,43,0,0,3,0,1,0,0,0,0,4,4,4,7,4,1,4,4,4,4,4,4,4,4,4,1
1505,1,2020,1,37,1,0,3,0,1,0,0,0,0,2,2,3,2,1,4,3,2,1,3,2,2,1,3,2,1
1506,1,2020,1,58,1,1,5,0,1,0,0,0,0,1,1,1,7,1,1,1,1,1,1,1,1,1,1,1,1
1507,1,2020,0,33,1,1,2,0,0,1,0,0,0,4,5,5,2,4,1,7,5,4,6,1,5,1,5,4,1
1508,1,2020,0,33,0,0,0,1,0,0,0,1,0,4,4,4,7,4,4,4,4,4,4,4,4,4,4,4,1
1509,1,2020,0,51,1,0,2,0,1,0,0,0,0,4,4,7,7,4,4,7,1,7,1,1,7,1,1,1,0
1510,1,2020,0,33,1,0,3,0,1,0,0,0,0,4,3,3,5,3,5,3,4,4,3,3,5,4,4,3,0
1511,1,2020,0,57,0,0,3,0,1,0,0,0,0,1,1,1,7,3,1,2,5,3,5,1,4,4,4,3,1
1512,1,2020,0,31,0,0,0,1,1,0,0,0,0,1,5,5,1,5,7,7,1,4,5,1,1,1,1,1,0
1513,1,2020,1,38,0,0,5,0,1,0,0,0,0,3,3,4,4,4,4,4,4,4,4,4,4,4,4,4,0
1514,1,2020,0,63,1,1,5,0,0,1,0,0,0,6,5,6,6,1,1,7,1,6,5,1,4,1,5,4,1
1515,1,2020,0,36,0,0,2,0,1,0,0,0,0,5,7,5,3,7,5,7,4,5,5,3,3,4,5,5,1
1516,1,2020,0,53,1,1,0,1,0,1,0,0,0,5,4,3,6,5,3,5,4,4,5,4,4,4,5,4,1
1517,1,2020,0,52,1,1,0,1,1,0,0,0,0,2,2,3,4,3,2,7,5,2,5,5,5,2,4,4,0
1518,1,2020,1,53,0,0,0,1,1,0,0,0,0,5,4,5,6,1,1,7,1,4,1,1,3,1,5,4,1
1519,1,2020,1,60,1,1,4,0,1,0,0,0,0,4,5,4,4,5,5,6,5,2,4,4,5,4,5,5,0
1520,1,2020,1,53,1,1,5,0,1,0,0,0,0,1,1,1,1,1,1,1,1,1,1,1,1,1,1,1,1
1521,1,2020,0,45,0,0,3,0,1,0,0,0,0,1,5,5,5,1,1,5,4,5,4,1,3,4,5,7,0
1522,1,2020,0,31,1,1,0,1,0,1,0,0,0,4,6,5,5,2,5,5,5,4,5,2,2,2,5,3,1
1523,1,2020,1,59,0,0,2,0,0,0,0,1,0,4,2,7,5,4,1,7,4,4,6,5,4,4,4,2,1
1524,1,2020,1,73,1,1,0,1,0,0,0,1,0,7,5,6,5,7,5,5,2,5,2,2,5,2,2,2,0
1525,1,2020,1,54,1,1,4,0,1,0,0,0,0,3,6,6,6,7,1,6,1,4,1,1,2,1,5,2,1
1526,1,2020,0,64,1,1,3,0,0,1,0,0,0,4,7,6,4,7,1,5,1,4,2,1,1,1,1,1,1
1527,1,2020,1,49,0,0,2,0,1,0,0,0,0,4,7,7,7,5,1,5,1,5,5,1,4,4,5,1,1
1528,1,2020,1,63,1,1,3,0,0,0,0,1,0,1,1,4,2,1,1,1,1,4,1,1,1,1,1,1,1
1529,1,2020,0,55,1,0,5,0,0,0,0,1,0,6,5,6,6,5,5,6,1,5,2,1,2,2,1,1,0
1530,1,2020,1,60,0,0,0,1,0,0,0,1,0,5,5,5,5,5,5,5,3,5,3,1,5,3,5,4,1
1531,1,2020,0,32,0,0,0,1,1,0,0,0,0,4,6,4,5,2,5,4,3,4,2,1,2,1,2,6,0
1532,1,2020,0,67,1,1,0,1,0,1,0,0,0,5,5,5,4,5,1,5,5,4,5,3,5,2,5,4,1
1533,1,2020,0,46,0,0,0,1,1,0,0,0,0,1,1,1,2,1,1,2,6,1,3,1,7,6,2,6,1
1534,1,2020,0,60,1,1,5,0,0,1,0,0,0,4,7,7,7,3,1,7,2,4,6,1,1,1,2,1,1
1535,1,2020,0,69,1,1,2,0,0,1,0,0,0,6,6,6,7,3,4,3,6,5,3,2,7,4,2,1,0
1536,1,2020,0,61,1,1,3,0,1,0,0,0,0,4,3,6,7,7,5,6,5,2,6,1,5,2,3,5,0
1537,1,2020,0,26,0,0,3,0,1,0,0,0,0,6,3,4,4,2,5,6,4,4,4,4,5,4,4,4,1
1538,1,2020,0,47,0,0,0,1,0,0,0,1,0,7,4,4,6,5,1,7,2,5,5,1,1,1,1,1,1
1539,1,2020,0,68,1,1,5,0,0,1,0,0,0,6,5,6,4,1,7,7,1,4,5,1,1,1,5,5,0
1540,1,2020,1,51,0,0,0,1,0,0,0,1,0,4,4,4,4,4,4,4,4,3,4,4,4,4,4,3,1
1541,1,2020,1,45,1,1,3,0,1,0,0,0,0,4,4,4,4,3,5,4,5,4,4,4,4,3,4,3,0
1542,1,2020,0,35,1,1,5,0,1,0,0,0,0,4,5,6,6,6,1,7,4,5,4,1,1,1,1,5,0
1543,1,2020,1,52,1,1,5,0,1,0,0,0,0,5,3,5,2,3,3,3,3,3,3,3,3,3,3,3,1
1544,1,2020,1,59,1,1,5,0,1,0,0,0,0,5,5,5,5,5,5,5,5,5,5,5,5,5,5,5,1
1545,1,2020,0,33,1,1,2,0,0,1,0,0,0,1,7,7,7,4,7,7,4,7,1,1,6,1,6,6,0
1546,1,2020,0,30,1,0,4,0,1,0,0,0,0,6,5,5,4,1,3,6,4,4,6,4,3,3,5,5,1
1547,1,2020,1,38,1,1,2,0,1,0,0,0,0,5,6,6,4,5,4,7,1,5,5,2,2,1,4,5,1
1548,1,2020,0,70,1,1,0,1,0,1,0,0,0,1,6,5,6,4,4,7,4,4,5,5,4,1,3,1,0
1549,1,2020,1,52,1,1,4,0,1,0,0,0,0,4,6,5,6,5,1,6,4,2,6,4,4,2,4,5,1
1550,1,2020,1,66,1,1,2,0,0,0,0,1,0,4,4,4,4,4,4,4,4,3,4,4,5,4,4,3,1
1551,1,2020,0,39,1,0,5,0,0,1,0,0,0,5,5,5,7,1,5,7,2,5,5,1,1,1,7,1,1
1552,1,2020,0,44,1,1,0,1,1,0,0,0,0,3,4,3,3,3,4,4,4,3,3,3,4,3,3,3,0
1553,1,2020,0,27,0,0,0,1,0,0,0,0,1,5,5,5,5,5,3,5,4,5,4,4,6,3,4,5,0
1554,1,2020,0,29,0,0,2,0,1,0,0,0,0,7,7,4,1,4,7,7,2,6,3,1,1,1,1,1,0
1555,1,2020,1,37,0,0,5,0,1,0,0,0,0,5,4,6,5,3,5,3,4,5,3,3,5,4,3,3,0
1556,1,2020,1,61,0,0,2,0,1,0,0,0,0,4,1,5,4,1,1,1,3,1,5,1,4,2,4,2,1
1557,1,2020,0,62,0,1,1,0,0,0,0,1,0,1,1,5,7,1,1,7,2,2,4,2,6,1,2,2,0
1558,1,2020,1,49,1,1,2,0,1,0,0,0,0,5,6,4,6,1,1,5,5,5,5,1,3,1,1,1,1
1559,1,2020,0,32,1,0,0,1,1,0,0,0,0,5,5,5,5,5,4,6,5,4,6,5,5,3,6,3,1
1560,1,2020,1,61,1,1,5,0,1,0,0,0,0,4,4,4,4,4,4,4,4,4,4,4,4,4,4,5,1
1561,1,2020,1,50,0,0,3,0,1,0,0,0,0,2,3,4,4,2,1,7,4,3,3,1,5,3,3,4,1
1562,1,2020,0,37,0,0,0,1,1,0,0,0,0,4,4,4,4,4,4,4,4,4,4,4,4,4,4,4,1
1563,1,2020,0,44,0,0,0,1,0,0,0,0,1,6,6,7,1,7,5,7,5,6,7,5,4,1,4,1,0
1564,1,2020,1,58,1,1,0,1,1,0,0,0,0,4,5,5,7,2,6,7,7,5,5,2,2,3,2,3,1
1565,1,2020,0,44,0,1,0,1,1,0,0,0,0,3,5,5,3,2,4,7,6,1,5,1,6,5,2,6,1
1566,1,2020,1,76,1,1,3,0,0,0,0,1,0,4,7,4,7,6,6,7,3,5,5,4,4,1,3,1,1
1567,1,2020,0,35,1,1,5,0,0,1,0,0,0,6,1,7,7,7,7,7,5,7,5,5,6,5,5,6,0
1568,1,2020,0,43,1,1,5,0,0,1,0,0,0,4,5,5,5,5,3,5,6,3,6,4,4,4,4,4,0
1569,1,2020,1,67,1,0,0,1,0,0,0,1,0,6,7,7,6,6,1,4,1,6,1,1,1,2,1,1,0
1570,1,2020,0,58,1,0,5,0,0,1,0,0,0,4,5,7,7,5,1,7,4,5,5,1,1,1,5,2,1
1571,1,2020,1,50,1,1,4,0,1,0,0,0,0,1,7,4,7,5,6,7,6,1,4,1,7,5,3,2,0
1572,1,2020,0,23,0,0,5,0,1,0,0,0,0,6,6,5,2,2,2,6,2,2,6,2,1,1,2,1,0
1573,1,2020,1,52,0,0,0,1,1,0,0,0,0,1,1,1,5,1,1,4,2,2,4,1,2,1,1,1,1
1574,1,2020,0,23,0,0,0,1,0,0,0,0,1,5,5,5,5,2,1,6,4,3,5,2,4,2,5,4,1
1575,1,2020,1,65,1,1,5,0,1,0,0,0,0,4,6,6,6,3,1,6,1,6,1,1,1,1,4,2,1
1576,1,2020,0,61,1,1,3,0,0,1,0,0,0,5,6,5,7,2,7,7,4,5,5,1,5,1,6,5,0
1577,1,2020,1,68,1,0,3,0,0,0,0,1,0,5,5,3,4,3,4,3,5,5,3,5,3,4,3,4,0
1578,1,2020,0,43,1,0,3,0,0,1,0,0,0,1,5,5,5,6,5,7,3,4,5,5,7,4,7,3,1
1579,1,2020,0,59,1,0,5,0,0,1,0,0,0,4,3,5,6,4,1,6,1,4,4,1,3,1,1,1,1
1580,1,2020,1,36,0,0,2,0,1,0,0,0,0,5,4,5,4,5,1,7,4,2,7,3,6,1,7,7,1
1581,1,2020,1,57,0,0,1,0,1,0,0,0,0,6,6,6,7,3,1,7,1,6,5,1,2,1,2,2,0
1582,1,2020,0,63,1,1,5,0,0,1,0,0,0,6,5,6,7,1,1,7,4,7,5,3,4,1,3,2,0
1583,1,2020,1,62,1,1,3,0,1,0,0,0,0,4,4,3,4,4,5,4,4,3,3,4,5,4,3,4,1
1584,1,2020,1,33,1,0,4,0,1,0,0,0,0,3,6,3,6,2,6,6,1,4,5,2,1,1,5,6,0
1585,1,2020,1,50,0,0,0,1,1,0,0,0,0,5,5,5,6,1,1,7,1,6,4,1,1,1,2,7,1
1586,1,2020,0,38,1,1,0,1,0,1,0,0,0,4,5,6,3,1,5,7,4,4,5,1,4,1,6,1,0
1587,1,2020,0,41,1,1,5,0,1,0,0,0,0,4,6,5,5,2,2,6,6,4,5,4,5,3,5,5,0
1588,1,2020,0,48,1,1,5,0,0,1,0,0,0,5,3,4,5,6,5,7,4,5,5,4,3,4,4,3,1
1589,1,2020,1,45,0,0,2,0,0,0,0,1,0,5,2,4,4,6,1,7,5,2,5,4,4,2,6,4,1
1590,1,2020,0,45,1,1,5,0,0,1,0,0,0,1,5,6,5,1,1,6,5,5,5,3,3,1,7,7,0
1591,1,2020,0,70,0,0,1,0,0,0,0,1,0,3,3,4,5,1,1,7,1,1,2,3,4,1,1,1,1
1592,1,2020,0,61,1,1,3,0,0,1,0,0,0,4,4,4,4,4,4,4,1,5,5,1,4,3,1,1,1
1593,1,2020,0,49,0,1,2,0,1,0,0,0,0,2,5,5,2,5,1,6,5,2,2,1,2,2,2,6,1
1594,1,2020,0,32,0,0,1,0,1,0,0,0,0,7,5,1,1,1,3,6,5,1,7,4,4,5,6,7,1
1595,1,2020,0,60,1,0,0,1,0,1,0,0,0,4,4,5,7,4,4,4,1,4,1,1,2,1,1,1,1
1596,1,2020,1,70,0,0,4,0,0,0,0,1,0,5,5,4,6,1,1,6,2,2,6,3,1,1,5,1,1
1597,1,2020,1,44,1,1,5,0,1,0,0,0,0,5,5,5,6,4,4,5,2,4,2,2,4,2,2,4,1
1598,1,2020,1,45,1,1,2,0,1,0,0,0,0,3,3,4,4,4,4,4,3,4,4,3,3,4,3,3,0
1599,1,2020,1,61,1,1,0,1,1,0,0,0,0,5,6,4,5,4,1,4,4,4,5,3,7,4,4,7,1
1600,1,2020,1,49,0,0,3,0,1,0,0,0,0,4,3,4,2,1,1,6,3,2,3,2,7,5,2,7,0
1601,1,2020,0,48,0,1,1,0,1,0,0,0,0,1,1,1,3,1,1,7,7,1,4,1,1,1,4,1,1
1602,1,2020,1,66,1,0,2,0,1,0,0,0,0,4,3,6,7,3,1,7,5,5,7,3,5,2,3,5,1
1603,1,2020,0,32,1,1,4,0,1,0,0,0,0,3,2,5,7,3,4,7,1,2,1,1,5,1,1,1,1
1604,1,2020,0,50,1,1,1,0,0,1,0,0,0,1,1,1,1,1,1,1,1,1,1,1,1,1,1,1,1
1605,1,2020,0,56,0,0,3,0,1,0,0,0,0,1,2,2,4,4,1,7,7,1,4,3,7,4,7,7,1
1606,1,2020,1,52,1,0,3,0,1,0,0,0,0,5,5,4,7,1,4,7,3,4,5,1,3,2,3,1,1
1607,1,2020,1,65,1,1,2,0,1,0,0,0,0,5,5,6,6,5,1,6,1,5,1,1,3,1,2,3,0
1608,1,2020,0,60,1,1,4,0,1,0,0,0,0,4,4,5,5,4,5,6,5,3,5,2,5,4,3,6,0
1609,1,2020,0,44,1,1,0,1,1,0,0,0,0,5,3,6,6,4,1,6,5,4,6,2,3,1,5,2,1
1610,1,2020,0,33,0,0,0,1,1,0,0,0,0,7,5,7,6,5,1,5,5,6,3,1,5,4,6,1,1
1611,1,2020,0,33,0,0,2,0,0,0,0,1,0,4,4,4,4,4,4,4,4,4,4,4,4,4,4,4,1
1612,1,2020,0,20,0,0,0,1,1,0,0,0,0,5,5,5,4,5,5,6,4,4,5,1,6,1,1,1,1
1613,1,2020,1,46,1,1,0,1,1,0,0,0,0,4,4,5,4,4,4,6,4,4,4,4,5,4,4,5,0
1614,1,2020,0,47,1,1,3,0,1,0,0,0,0,5,5,5,2,3,1,7,5,5,5,1,1,1,1,3,0
1615,1,2020,0,40,1,1,3,0,0,1,0,0,0,1,5,5,7,1,1,7,5,2,3,1,5,1,7,5,1
1616,1,2020,1,48,1,1,3,0,1,0,0,0,0,1,5,1,7,1,1,5,6,1,7,2,6,1,1,1,1
1617,1,2020,1,58,1,1,0,1,1,0,0,0,0,1,1,1,6,1,1,6,1,1,3,1,1,1,2,1,1
1618,1,2020,0,44,1,0,4,0,1,0,0,0,0,4,4,4,4,4,4,4,4,4,4,4,4,4,4,4,0
1619,1,2020,1,41,0,0,0,1,1,0,0,0,0,2,2,4,6,4,1,5,5,2,4,2,6,1,2,4,1
1620,1,2020,1,59,0,1,2,0,1,0,0,0,0,4,5,5,4,6,5,7,4,5,5,5,5,4,5,4,1
1621,1,2020,0,72,0,0,0,1,0,0,0,1,0,7,4,5,7,3,3,5,3,5,2,1,4,1,3,1,1
1622,1,2020,0,57,0,0,3,0,1,0,0,0,0,5,5,5,7,5,3,7,2,7,3,3,1,4,3,3,0
1623,1,2020,1,66,1,1,5,0,0,0,0,1,0,3,5,5,4,4,1,5,1,4,1,1,1,1,5,6,0
1624,1,2020,1,68,1,1,5,0,1,0,0,0,0,6,5,5,5,5,4,5,4,5,4,4,4,4,4,3,0
1625,1,2020,0,35,0,0,0,1,1,0,0,0,0,7,5,7,7,7,6,7,1,4,5,1,1,1,1,1,0
1626,1,2020,1,51,0,1,2,0,1,0,0,0,0,4,5,5,2,2,3,7,5,4,5,4,4,2,3,3,1
1627,1,2020,1,48,0,0,2,0,1,0,0,0,0,1,1,1,1,1,1,1,1,1,1,1,1,1,1,1,1
1628,1,2020,0,47,1,0,5,0,1,0,0,0,0,2,6,4,6,2,2,6,4,4,5,2,4,4,5,5,0
1629,1,2020,0,46,1,1,5,0,1,0,0,0,0,4,3,4,5,5,1,5,1,4,1,1,1,1,1,1,0
1630,1,2020,1,54,1,0,5,0,1,0,0,0,0,4,5,5,6,1,5,7,1,7,5,1,4,1,1,1,1
1631,1,2020,0,42,1,0,4,0,1,0,0,0,0,3,5,4,5,5,5,5,1,4,3,3,3,2,4,1,1
1632,1,2020,1,59,1,1,5,0,1,0,0,0,0,5,2,5,7,4,1,7,6,4,6,2,7,7,3,6,1
1633,1,2020,0,39,0,0,2,0,1,0,0,0,0,3,5,3,6,1,2,7,1,6,5,2,1,1,5,1,0
1634,1,2020,1,52,1,0,3,0,1,0,0,0,0,5,6,5,6,2,2,6,2,3,5,3,6,3,3,6,1
1635,1,2020,1,40,1,1,5,0,1,0,0,0,0,4,6,6,4,5,6,6,3,4,6,4,4,3,4,5,1
1636,1,2020,1,34,1,1,3,0,1,0,0,0,0,1,5,1,1,1,1,7,5,3,2,1,7,1,1,5,1
1637,1,2020,0,41,1,1,2,0,0,1,0,0,0,6,5,6,3,3,3,5,2,6,2,2,5,2,3,5,0
1638,1,2020,1,45,1,0,2,0,1,0,0,0,0,5,1,2,5,1,5,6,1,4,1,1,2,1,3,7,0
1639,1,2020,0,57,0,0,0,1,1,0,0,0,0,3,3,6,2,6,4,7,5,4,6,2,4,5,2,5,0
1640,1,2020,0,38,1,0,3,0,0,1,0,0,0,5,5,6,6,2,2,7,6,1,7,1,5,4,5,4,1
1641,1,2020,1,54,0,0,3,0,1,0,0,0,0,2,1,2,5,4,1,7,5,1,7,4,7,5,6,4,1
1642,1,2020,0,47,1,0,2,0,1,0,0,0,0,6,6,3,5,2,7,6,5,5,5,1,5,1,6,1,1
1643,1,2020,0,55,1,1,0,1,0,1,0,0,0,3,3,6,6,6,2,7,2,5,4,1,1,1,3,1,1
1644,1,2020,1,54,1,1,5,0,1,0,0,0,0,4,4,5,4,4,4,5,4,4,4,4,4,4,4,4,0
1645,1,2020,1,39,1,1,3,0,1,0,0,0,0,4,4,4,5,5,5,5,4,5,4,4,5,4,4,4,0
1646,1,2020,1,66,1,1,4,0,1,0,0,0,0,5,5,2,6,4,5,7,5,6,5,1,7,2,1,7,0
1647,1,2020,0,34,1,0,4,0,1,0,0,0,0,7,4,7,6,1,1,7,5,4,5,4,4,4,4,7,0
1648,1,2020,0,33,0,0,0,1,1,0,0,0,0,6,6,6,7,1,1,7,7,1,7,7,7,1,7,7,1
1649,1,2020,0,50,0,1,2,0,1,0,0,0,0,7,7,7,6,6,6,6,4,6,4,4,7,1,4,4,0
1650,1,2020,1,53,0,1,5,0,1,0,0,0,0,5,5,4,2,1,1,5,2,3,6,5,1,1,4,5,1
1651,1,2020,1,68,1,1,3,0,1,0,0,0,0,2,2,2,4,4,4,4,4,4,4,4,4,4,4,4,0
1652,1,2020,0,66,1,1,3,0,0,1,0,0,0,7,6,6,7,4,4,7,2,5,4,2,2,2,4,1,0
1653,1,2020,1,59,1,1,5,0,1,0,0,0,0,4,6,6,7,4,4,6,1,5,1,1,1,1,1,1,0
1654,1,2020,1,80,1,1,3,0,0,0,0,1,0,4,1,5,7,1,1,6,1,5,5,5,1,1,2,1,0
1655,1,2020,0,54,0,1,2,0,1,0,0,0,0,7,5,4,7,5,1,7,4,5,4,3,5,1,4,5,1
1656,1,2020,1,68,1,1,5,0,0,0,0,1,0,5,7,6,6,2,5,5,2,6,3,1,2,4,5,2,0
1657,1,2020,1,73,1,1,5,0,1,0,0,0,0,5,2,4,5,4,3,5,1,4,1,1,2,1,1,1,1
1658,1,2020,1,74,1,1,2,0,1,0,0,0,0,5,3,3,3,1,1,5,1,1,5,3,4,1,3,2,1
1659,1,2020,0,74,0,1,2,0,0,0,0,1,0,1,6,7,7,1,1,7,5,4,6,2,1,1,1,1,1
1660,1,2020,1,69,1,1,0,1,1,0,0,0,0,3,4,3,5,3,2,5,5,5,3,3,5,4,3,3,0
1661,1,2020,0,55,1,1,0,1,0,1,0,0,0,5,3,5,5,2,1,7,1,4,3,1,1,1,1,1,1
1662,1,2020,0,58,1,0,4,0,1,0,0,0,0,4,2,5,6,1,1,7,4,4,5,2,4,1,5,5,1
1663,1,2020,1,75,1,1,0,1,0,0,0,1,0,5,5,4,6,3,3,5,1,5,1,1,1,1,1,1,1
1664,1,2020,1,64,1,1,0,1,1,0,0,0,0,2,2,4,5,4,2,7,2,5,3,1,2,2,2,5,0
1665,1,2020,1,60,1,1,5,0,1,0,0,0,0,7,7,7,7,1,7,7,1,7,1,1,1,1,1,1,1
1666,1,2020,1,46,1,1,5,0,1,0,0,0,0,5,6,5,5,4,2,7,2,5,2,2,5,2,3,3,0
1667,1,2020,0,70,1,1,2,0,1,0,0,0,0,6,6,6,6,5,5,6,1,5,4,1,5,1,1,4,0
1668,1,2020,0,50,1,1,4,0,0,1,0,0,0,2,2,5,5,2,1,7,3,4,5,1,4,4,6,6,1
1669,1,2020,0,46,0,1,0,1,1,0,0,0,0,1,1,6,7,6,1,7,4,4,3,2,7,4,7,6,1
1670,1,2020,0,48,1,0,0,1,0,1,0,0,0,5,5,5,5,5,5,6,4,5,5,3,3,1,5,1,1
1671,1,2020,1,62,1,1,0,1,1,0,0,0,0,4,7,7,7,1,1,7,5,5,4,1,5,1,7,7,1
1672,1,2020,0,45,0,0,0,1,1,0,0,0,0,4,5,5,5,1,7,7,1,4,4,1,4,3,1,3,1
1673,1,2020,0,41,0,0,2,0,1,0,0,0,0,4,4,4,7,3,1,6,5,1,5,4,4,4,6,7,1
1674,1,2020,1,73,1,1,1,0,0,0,0,1,0,4,4,4,4,4,4,4,4,4,4,4,4,4,4,4,0
1675,1,2020,0,37,0,0,0,1,1,0,0,0,0,3,2,3,3,1,1,5,3,2,4,4,3,1,5,6,1
1676,1,2020,1,69,1,1,5,0,1,0,0,0,0,2,6,6,4,3,5,7,4,4,1,1,5,2,5,2,0
1677,1,2020,1,60,1,1,5,0,1,0,0,0,0,4,4,4,7,5,3,6,4,4,2,4,4,4,4,7,0
1678,1,2020,1,45,1,1,3,0,1,0,0,0,0,6,5,5,3,2,4,7,2,5,1,2,4,2,5,6,0
1679,1,2020,1,66,1,1,0,1,1,0,0,0,0,6,6,6,5,6,5,5,4,5,5,4,5,4,4,4,0
1680,1,2020,1,58,1,1,0,1,1,0,0,0,0,5,5,4,7,5,1,7,1,1,5,1,5,1,5,4,1
1681,1,2020,1,57,0,0,2,0,1,0,0,0,0,7,6,6,6,6,6,7,1,6,1,1,4,1,1,1,1
1682,1,2020,1,57,1,0,3,0,1,0,0,0,0,4,1,7,4,1,1,2,2,2,5,1,3,4,7,2,1
1683,1,2020,1,43,1,1,0,1,1,0,0,0,0,1,1,1,1,1,1,1,1,1,1,1,1,1,1,1,1
1684,1,2020,0,32,1,1,3,0,0,1,0,0,0,4,4,4,5,2,4,6,6,4,5,2,5,3,5,6,1
1685,1,2020,0,29,0,0,3,0,1,0,0,0,0,5,6,5,3,3,5,6,3,4,5,3,3,2,5,3,0
1686,1,2020,1,49,1,1,5,0,1,0,0,0,0,5,5,5,6,2,1,7,2,3,2,1,4,2,1,2,1
1687,1,2020,0,46,1,0,2,0,1,0,0,0,0,4,3,4,3,1,6,4,2,4,4,3,4,2,3,4,1
1688,1,2020,1,56,1,0,2,0,1,0,0,0,0,5,6,6,6,5,1,7,1,7,1,1,7,1,5,7,1
1689,1,2020,0,44,1,1,0,1,1,0,0,0,0,1,1,1,2,1,3,2,2,1,6,3,2,1,3,5,1
1690,1,2020,0,53,0,0,0,1,1,0,0,0,0,1,3,3,3,1,1,7,4,4,5,3,4,1,5,5,1
1691,1,2020,1,40,1,0,3,0,1,0,0,0,0,1,3,3,5,3,2,7,6,1,4,4,5,4,5,5,1
1692,1,2020,1,32,1,1,3,0,1,0,0,0,0,6,7,5,7,7,7,7,1,7,1,1,5,1,1,7,0
1693,1,2020,1,63,1,1,5,0,1,0,0,0,0,5,6,4,7,2,3,6,1,5,5,1,2,1,4,1,1
1694,1,2020,1,60,1,1,5,0,1,0,0,0,0,4,6,6,4,6,6,7,1,4,5,1,1,1,1,7,0
1695,1,2020,1,52,1,1,3,0,1,0,0,0,0,3,5,3,2,2,1,6,5,3,5,3,5,3,5,5,1
1696,1,2020,0,35,0,0,0,1,1,0,0,0,0,5,7,5,5,4,5,4,1,5,1,1,3,1,1,1,0
1697,1,2020,0,25,0,0,2,0,0,0,0,0,1,4,3,5,2,4,5,7,5,4,5,5,2,3,3,4,0
1698,1,2020,0,68,1,1,0,1,0,1,0,0,0,5,5,5,5,5,2,6,1,4,5,1,1,4,1,1,1
1699,1,2020,1,69,1,1,4,0,1,0,0,0,0,5,1,1,7,1,1,5,1,2,1,1,1,1,5,1,1
1700,1,2020,0,47,0,0,1,0,0,0,0,1,0,1,1,1,1,1,1,7,4,1,5,5,7,4,7,4,1
1701,1,2020,1,47,0,0,1,0,1,0,0,0,0,3,5,5,4,1,1,1,5,1,4,4,4,1,4,4,1
1702,1,2020,1,61,0,0,3,0,1,0,0,0,0,4,3,3,4,3,3,3,2,4,3,4,4,3,3,3,1
1703,1,2020,1,78,1,1,3,0,0,0,0,1,0,7,6,6,7,5,1,6,1,6,1,1,2,1,5,1,0
1704,1,2020,1,46,1,1,4,0,1,0,0,0,0,4,4,3,4,3,5,4,4,5,5,3,5,4,4,4,0
1705,1,2020,1,71,1,1,2,0,0,0,0,1,0,5,6,6,5,5,2,6,2,5,5,2,4,1,5,3,0
1706,1,2020,1,49,1,1,3,0,1,0,0,0,0,4,2,4,4,4,4,4,5,4,5,4,6,4,4,4,1
1707,1,2020,1,60,1,1,5,0,1,0,0,0,0,4,1,2,5,6,1,6,1,4,6,2,7,2,6,7,0
1708,1,2020,1,55,1,1,2,0,1,0,0,0,0,2,4,5,5,4,2,5,2,4,4,2,2,4,4,4,1
1709,1,2020,0,31,0,0,2,0,1,0,0,0,0,6,1,3,6,1,6,7,3,4,5,3,2,4,4,5,1
1710,1,2020,1,54,1,1,5,0,1,0,0,0,0,6,6,6,7,5,2,7,5,3,5,1,5,1,2,5,0
1711,1,2020,1,69,1,1,2,0,0,0,0,1,0,1,1,1,7,1,1,7,1,7,1,1,4,1,1,1,1
1712,1,2020,1,70,1,0,1,0,1,0,0,0,0,3,3,3,5,2,2,5,4,3,5,3,4,2,4,2,1
1713,1,2020,1,40,1,1,3,0,1,0,0,0,0,7,6,6,1,2,2,7,2,5,2,3,4,1,2,5,0
1714,1,2020,1,68,1,1,5,0,1,0,0,0,0,5,5,6,3,2,2,5,2,6,2,4,3,2,2,4,0
1715,1,2020,1,48,1,1,0,1,1,0,0,0,0,4,5,5,4,5,4,4,4,5,5,3,3,4,6,5,1
1716,1,2020,0,35,0,0,3,0,1,0,0,0,0,2,5,5,5,1,7,7,1,5,4,1,3,1,1,4,0
1717,1,2020,0,29,1,1,3,0,0,1,0,0,0,5,1,1,1,6,7,7,1,4,1,1,1,1,1,1,0
1718,1,2020,1,59,1,1,4,0,1,0,0,0,0,3,7,5,6,3,5,7,1,5,5,2,5,2,7,7,1
1719,1,2020,1,57,0,0,3,0,1,0,0,0,0,5,3,4,6,5,1,5,1,4,1,1,1,1,2,2,1
1720,1,2020,1,45,1,1,5,0,1,0,0,0,0,5,7,6,6,4,1,6,4,5,4,4,4,4,4,2,0
1721,1,2020,0,66,1,1,3,0,0,1,0,0,0,3,3,5,6,3,2,6,2,5,4,2,3,2,2,2,1
1722,1,2020,1,40,1,1,5,0,1,0,0,0,0,1,5,2,3,5,1,5,6,2,5,1,3,4,3,1,1
1723,1,2020,0,49,1,1,0,1,1,0,0,0,0,4,4,4,4,3,1,6,2,4,2,1,5,1,3,5,0
1724,1,2020,0,45,1,0,4,0,0,1,0,0,0,4,4,5,6,4,1,6,1,6,2,2,4,1,3,1,0
1725,1,2020,1,53,1,1,5,0,1,0,0,0,0,1,1,1,1,1,1,1,7,1,1,1,1,1,1,1,1
1726,1,2020,0,67,1,1,3,0,0,1,0,0,0,5,6,6,6,6,7,5,2,6,2,1,4,1,1,1,0
1727,1,2020,0,61,1,1,0,1,0,1,0,0,0,5,5,4,5,6,5,6,2,5,5,2,1,1,1,1,0
1728,1,2020,1,46,1,1,5,0,1,0,0,0,0,5,5,5,5,5,5,4,4,5,5,6,5,5,5,5,1
1729,1,2020,1,75,1,1,5,0,0,0,0,0,1,5,5,5,4,3,1,7,5,6,6,4,2,4,3,1,1
1730,1,2020,1,37,0,0,2,0,1,0,0,0,0,6,5,1,3,5,2,1,5,4,5,4,5,4,2,4,1
1731,1,2020,1,73,0,1,2,0,0,0,0,1,0,4,5,6,7,1,1,6,4,5,4,1,4,1,1,4,1
1732,1,2020,0,40,0,0,1,0,1,0,0,0,0,5,6,5,4,1,7,7,4,6,5,2,1,1,5,4,0
1733,1,2020,0,45,1,1,5,0,1,0,0,0,0,5,4,4,4,2,1,7,5,3,6,4,3,4,4,5,1
1734,1,2020,1,40,1,1,5,0,1,0,0,0,0,5,6,4,5,4,4,4,2,4,2,1,4,2,2,2,0
1735,1,2020,1,64,1,1,3,0,1,0,0,0,0,7,7,6,6,4,1,6,1,6,1,1,4,1,1,1,1
1736,1,2020,0,66,1,1,3,0,0,0,0,1,0,5,6,5,7,2,6,7,5,2,6,2,7,2,6,6,0
1737,1,2020,1,59,1,1,5,0,1,0,0,0,0,2,1,2,5,3,1,3,4,2,2,3,2,2,4,6,1
1738,1,2020,0,43,0,0,2,0,1,0,0,0,0,1,7,5,5,1,5,7,5,4,5,2,1,1,5,1,1
1739,1,2020,1,33,0,0,0,1,1,0,0,0,0,7,7,4,4,5,4,7,7,4,5,2,7,1,6,7,0
1740,1,2020,1,50,1,1,3,0,1,0,0,0,0,4,4,4,4,4,4,4,4,3,4,4,4,4,4,4,1
1741,1,2020,0,34,1,1,2,0,0,1,0,0,0,6,5,4,1,5,6,5,6,1,6,1,4,1,5,4,1
1742,1,2020,1,64,1,1,5,0,0,1,0,0,0,4,5,5,6,5,5,6,2,4,3,2,3,2,2,1,0
1743,1,2020,1,62,0,1,3,0,1,0,0,0,0,1,1,5,7,1,1,1,1,7,7,1,7,1,1,5,1
1744,1,2020,1,69,0,1,2,0,1,0,0,0,0,5,5,5,5,3,5,5,4,5,5,2,5,1,2,2,1
1745,1,2020,0,37,1,1,2,0,1,0,0,0,0,5,3,5,7,5,4,7,6,4,4,4,7,5,5,7,1
1746,1,2020,0,43,0,0,3,0,1,0,0,0,0,4,7,4,6,7,1,7,2,5,5,2,4,1,4,2,1
1747,1,2020,0,46,1,0,2,0,0,1,0,0,0,5,1,2,5,5,1,6,4,6,5,1,3,7,2,5,1
1748,1,2020,0,47,1,1,0,1,0,1,0,0,0,7,7,7,6,5,1,7,5,5,5,1,4,3,6,4,0
1749,1,2020,0,44,1,1,4,0,0,1,0,0,0,6,4,5,7,7,5,7,3,6,5,1,1,1,4,5,0
1750,1,2020,0,39,0,0,5,0,1,0,0,0,0,5,5,6,5,5,5,4,5,5,4,4,4,5,4,5,1
1751,1,2020,0,41,0,0,2,0,1,0,0,0,0,4,5,5,4,4,5,6,5,7,5,1,4,1,5,1,1
1752,1,2020,0,33,0,0,2,0,1,0,0,0,0,2,5,4,4,4,7,1,3,2,4,5,5,3,6,6,0
1753,1,2020,0,51,0,1,0,1,1,0,0,0,0,4,3,3,3,3,3,3,4,4,3,3,3,3,3,3,0
1754,1,2020,0,63,1,1,3,0,0,1,0,0,0,5,6,6,7,7,7,7,2,5,5,2,2,2,3,2,0
1755,1,2020,1,70,1,1,4,0,0,0,0,1,0,5,2,2,5,2,2,2,2,6,2,2,2,2,2,2,1
1756,1,2020,1,68,1,1,3,0,0,0,0,1,0,7,5,6,6,5,1,6,4,4,3,1,5,2,2,1,0
1757,1,2020,0,35,1,1,1,0,0,1,0,0,0,1,1,7,7,7,7,7,3,7,7,1,1,1,1,7,1
1758,1,2020,0,50,1,1,5,0,0,1,0,0,0,3,6,6,7,7,5,7,2,4,5,2,2,1,6,5,0
1759,1,2020,0,66,1,1,0,1,1,0,0,0,0,4,4,4,4,4,4,4,4,4,4,4,4,4,4,4,0
1760,1,2020,0,31,0,0,2,0,1,0,0,0,0,1,4,1,4,1,1,1,1,1,1,1,1,1,1,6,1
1761,1,2020,0,60,0,0,0,1,0,0,0,1,0,4,4,4,4,4,4,6,4,6,5,5,4,4,3,1,1
1762,1,2020,0,44,0,0,3,0,1,0,0,0,0,2,4,3,1,1,1,6,6,1,5,2,7,4,7,5,1
1763,1,2020,1,25,0,0,2,0,1,0,0,0,0,5,5,4,4,5,4,4,3,5,3,4,4,4,5,5,0
1764,1,2020,0,26,0,0,0,1,0,0,0,1,0,2,5,5,4,2,1,6,5,2,5,2,3,2,5,4,1
1765,1,2020,0,30,1,0,0,1,0,1,0,0,0,4,7,7,6,5,7,7,5,5,7,1,7,4,7,4,0
1766,1,2020,1,30,1,0,4,0,1,0,0,0,0,3,6,7,6,7,7,6,3,5,1,1,2,3,2,5,0
1767,1,2020,0,49,1,1,5,0,1,0,0,0,0,4,4,4,4,4,4,4,4,4,4,4,4,4,4,4,0
1768,1,2020,1,43,1,0,4,0,1,0,0,0,0,2,3,3,4,4,4,5,5,4,5,3,4,4,5,5,1
1769,1,2020,0,41,1,1,5,0,1,0,0,0,0,4,3,5,5,3,5,3,3,6,5,4,3,4,3,4,0
1770,1,2020,0,34,1,1,0,1,0,1,0,0,0,4,5,6,7,4,3,6,2,7,4,3,5,3,4,6,1
1771,1,2020,1,48,0,0,3,0,1,0,0,0,0,4,4,4,4,4,4,4,4,4,4,4,4,4,4,4,1
1772,1,2020,1,55,1,1,4,0,1,0,0,0,0,6,5,5,6,6,5,5,6,6,7,5,6,6,5,5,0
1773,1,2020,1,44,1,1,2,0,1,0,0,0,0,6,5,5,7,7,1,7,1,7,1,1,2,1,1,5,0
1774,1,2020,1,69,1,1,3,0,1,0,0,0,0,7,7,7,7,5,5,6,5,6,5,2,7,1,1,1,0
1775,1,2020,0,33,1,1,0,1,0,1,0,0,0,5,5,4,3,6,3,4,3,3,5,2,5,1,5,5,0
1776,1,2020,1,25,0,0,3,0,1,0,0,0,0,4,4,3,3,4,3,4,5,3,4,5,4,4,4,4,0
1777,1,2020,0,55,1,1,5,0,0,1,0,0,0,1,1,1,1,1,1,1,1,1,1,1,1,1,1,1,0
1778,1,2020,0,55,1,1,0,1,0,1,0,0,0,5,2,4,5,5,5,6,5,4,5,4,4,3,4,4,0
1779,1,2020,1,54,0,0,5,0,1,0,0,0,0,4,1,5,1,7,1,7,1,5,5,2,1,1,5,4,1
1780,1,2020,1,65,0,0,2,0,1,0,0,0,0,1,2,2,5,1,1,7,4,1,5,2,5,1,2,3,1
1781,1,2020,0,57,1,0,0,1,1,0,0,0,0,5,6,6,7,6,5,6,1,4,1,1,4,1,2,2,0
1782,1,2020,0,41,0,0,2,0,1,0,0,0,0,7,6,5,7,3,5,7,2,7,5,1,5,1,3,6,0
1783,1,2020,0,29,0,0,1,0,1,0,0,0,0,7,4,2,7,5,1,7,1,6,5,1,1,1,1,1,0
1784,1,2020,0,28,0,0,1,0,1,0,0,0,0,3,4,2,1,1,1,7,1,4,5,1,7,1,5,5,1
1785,1,2020,1,63,0,1,1,0,0,0,0,1,0,2,5,2,4,1,1,6,2,4,3,1,4,4,2,1,1
1786,1,2020,0,64,0,1,1,0,0,0,0,1,0,3,5,6,6,6,4,5,6,3,5,1,5,5,2,2,0
1787,1,2020,0,44,1,0,2,0,0,1,0,0,0,2,5,4,5,4,1,7,4,2,7,4,7,1,7,4,0
1788,1,2020,1,66,1,1,4,0,0,0,0,1,0,6,7,6,7,6,5,5,1,6,1,1,1,1,1,1,0
1789,1,2020,1,58,1,1,5,0,1,0,0,0,0,2,5,4,2,2,2,6,2,4,2,2,2,1,2,2,1
1790,1,2020,1,43,1,1,4,0,1,0,0,0,0,5,7,5,7,6,2,6,2,6,4,1,2,2,2,2,1
1791,1,2020,0,41,1,1,3,0,1,0,0,0,0,2,6,6,7,4,4,7,7,4,7,4,5,4,5,7,0
1792,1,2020,1,48,0,0,0,1,1,0,0,0,0,3,3,3,3,3,4,6,5,3,5,4,6,5,6,5,1
1793,1,2020,0,52,1,1,2,0,1,0,0,0,0,6,3,1,6,4,1,6,4,4,6,1,1,1,1,1,0
1794,1,2020,1,58,1,1,2,0,0,0,0,1,0,4,4,5,5,4,3,5,1,4,2,2,4,1,5,4,1
1795,1,2020,1,45,1,1,5,0,1,0,0,0,0,1,1,3,5,6,1,1,1,1,5,1,4,1,1,1,0
1796,1,2020,1,29,0,0,3,0,1,0,0,0,0,5,2,5,5,2,2,6,2,6,6,3,3,5,6,5,0
1797,1,2020,1,37,0,0,2,0,1,0,0,0,0,3,6,4,4,2,5,3,3,4,3,3,4,4,3,4,1
1798,1,2020,0,65,1,0,0,1,0,1,0,0,0,4,5,4,4,4,4,6,4,4,2,5,3,5,3,5,1
1799,1,2020,0,49,0,0,1,0,0,0,0,1,0,5,2,5,6,5,1,7,1,2,5,2,2,1,4,1,1
1800,1,2020,1,61,1,1,0,1,1,0,0,0,0,4,4,4,4,4,4,4,4,4,4,4,4,4,5,4,0
1801,1,2020,0,61,1,0,4,0,1,0,0,0,0,3,5,5,6,3,5,7,4,5,5,4,5,2,4,5,0
1802,1,2020,1,38,0,0,3,0,1,0,0,0,0,7,1,1,6,1,1,7,1,1,5,1,5,1,1,1,1
1803,1,2020,1,59,1,1,5,0,1,0,0,0,0,3,2,3,4,5,5,6,1,6,2,1,4,1,2,2,0
1804,1,2020,1,56,1,1,5,0,1,0,0,0,0,3,5,5,5,3,3,3,3,4,5,3,3,3,3,3,1
1805,1,2020,0,43,1,1,3,0,0,1,0,0,0,7,7,7,7,7,1,7,1,7,1,1,7,3,3,1,0
1806,1,2020,0,60,1,1,3,0,0,1,0,0,0,3,5,5,2,4,3,5,3,4,4,2,4,3,4,1,1
1807,1,2020,1,50,1,1,5,0,1,0,0,0,0,4,7,3,5,1,2,7,5,2,4,5,6,1,5,5,0
1808,1,2020,1,54,1,1,3,0,1,0,0,0,0,2,1,5,2,4,1,7,3,4,5,2,3,2,4,3,1
1809,1,2020,1,57,0,0,3,0,1,0,0,0,0,5,1,1,3,5,4,4,3,4,3,3,5,2,5,3,0
1810,1,2020,0,47,1,1,4,0,0,1,0,0,0,4,4,4,4,4,4,7,4,4,4,3,3,2,4,2,1
1811,1,2020,0,67,1,0,2,0,1,0,0,0,0,5,4,5,6,2,2,6,2,4,2,2,6,3,5,4,1
1812,1,2020,0,51,0,1,0,1,1,0,0,0,0,4,4,4,6,3,3,7,2,3,4,2,7,2,4,6,1
1813,1,2020,0,47,0,0,3,0,1,0,0,0,0,6,6,6,5,2,2,7,4,5,5,2,2,3,2,2,1
1814,1,2020,1,47,0,0,4,0,1,0,0,0,0,4,4,4,4,4,4,4,4,4,4,4,4,4,4,4,1
1815,1,2020,1,43,1,1,5,0,1,0,0,0,0,6,6,5,3,4,5,6,2,6,2,2,2,2,2,3,1
1816,1,2020,1,47,0,0,0,1,1,0,0,0,0,1,1,2,5,1,1,4,5,3,5,1,4,4,5,2,1
1817,1,2020,0,71,0,1,2,0,0,0,0,1,0,4,5,4,1,1,6,7,1,4,2,1,1,1,1,1,1
1818,1,2020,1,52,0,0,4,0,1,0,0,0,0,1,1,1,2,2,1,7,1,4,3,1,3,1,6,1,1
1819,1,2020,0,64,1,1,2,0,0,0,0,1,0,4,4,4,6,2,1,6,1,4,1,1,4,1,1,1,0
1820,1,2020,1,51,1,1,2,0,1,0,0,0,0,1,1,1,1,1,1,1,1,1,1,1,1,1,1,1,1
1821,1,2020,1,55,1,1,5,0,1,0,0,0,0,6,5,5,6,2,1,6,2,5,5,1,1,1,5,5,0
1822,1,2020,1,31,1,1,3,0,1,0,0,0,0,5,4,5,6,5,5,7,4,3,4,1,5,3,6,4,0
1823,1,2020,0,66,1,1,0,1,0,1,0,0,0,1,2,4,4,1,3,7,2,4,3,2,4,4,6,4,1
1824,1,2020,1,49,1,0,2,0,1,0,0,0,0,2,5,2,3,1,1,4,3,3,4,4,4,2,4,4,1
1825,1,2020,1,72,1,0,5,0,1,0,0,0,0,5,6,5,5,5,5,5,2,5,5,2,5,3,2,3,0
1826,1,2020,1,49,0,1,3,0,1,0,0,0,0,1,4,1,4,2,2,7,4,1,4,4,7,1,4,7,0
1827,1,2020,1,53,0,0,2,0,0,0,1,0,0,4,4,4,4,4,4,4,4,5,4,4,4,4,4,4,0
1828,1,2020,0,62,1,1,2,0,0,1,0,0,0,7,6,6,6,1,1,7,1,4,1,2,2,1,1,1,0
1829,1,2020,0,39,0,0,0,1,1,0,0,0,0,5,6,6,7,5,2,7,2,4,5,1,6,2,4,6,0
1830,1,2020,1,67,0,1,4,0,0,0,0,1,0,4,5,4,4,5,2,6,4,4,7,3,7,4,7,2,1
1831,1,2020,1,47,0,0,2,0,1,0,0,0,0,4,4,5,4,4,5,4,4,4,5,5,4,4,4,4,1
1832,1,2020,1,70,1,1,3,0,1,0,0,0,0,5,7,5,4,6,6,7,1,4,1,1,4,1,1,1,1
1833,1,2020,1,52,0,0,1,0,0,0,0,1,0,5,1,6,6,5,1,7,5,1,1,2,6,5,6,6,1
1834,1,2020,0,24,1,1,0,1,0,1,0,0,0,4,4,4,4,4,4,4,4,4,4,4,4,4,4,3,1
1835,1,2020,1,48,1,1,3,0,1,0,0,0,0,4,5,4,4,4,4,4,4,4,4,4,4,4,4,4,1
1836,1,2020,0,35,0,0,5,0,1,0,0,0,0,4,4,3,6,1,5,7,4,5,5,1,1,1,1,1,1
1837,1,2020,1,56,1,1,5,0,1,0,0,0,0,4,5,4,6,6,5,7,1,5,2,1,1,1,1,3,0
1838,1,2020,1,49,1,1,3,0,1,0,0,0,0,3,5,4,4,4,3,3,2,4,4,3,2,2,3,3,1
1839,1,2020,1,47,1,1,5,0,1,0,0,0,0,5,6,5,5,2,2,6,2,3,2,1,2,1,3,2,1
1840,1,2020,0,48,0,0,1,0,1,0,0,0,0,2,2,4,2,3,3,3,3,4,4,3,4,4,5,3,1
1841,1,2020,0,34,1,1,0,1,0,1,0,0,0,1,6,4,7,5,4,7,4,4,4,1,6,1,1,4,0
1842,1,2020,1,36,0,0,2,0,0,0,0,1,0,2,3,4,6,1,1,4,5,2,4,1,4,3,1,1,1
1843,1,2020,1,22,0,0,1,0,1,0,0,0,0,6,4,5,4,3,5,6,4,5,4,3,4,1,4,2,1
1844,1,2020,0,36,0,0,0,1,1,0,0,0,0,4,4,4,4,4,4,4,4,4,4,4,4,4,4,4,0
1845,1,2020,0,29,0,0,4,0,1,0,0,0,0,6,3,5,2,6,6,7,3,3,5,4,4,1,6,4,1
1846,1,2020,0,44,1,0,3,0,1,0,0,0,0,4,5,3,6,4,4,3,5,4,4,3,4,4,3,4,0
1847,1,2020,0,26,0,0,2,0,1,0,0,0,0,5,4,5,5,2,2,6,5,3,7,6,4,5,6,6,1
1848,1,2020,1,58,0,1,4,0,1,0,0,0,0,4,1,4,3,6,1,6,4,4,4,4,4,4,4,4,1
1849,1,2020,0,51,0,0,2,0,1,0,0,0,0,7,5,6,7,4,1,7,3,5,5,3,1,1,6,5,0
1850,1,2020,0,43,1,1,4,0,0,1,0,0,0,5,5,5,5,5,5,5,5,5,2,2,2,2,2,2,0
1851,1,2020,0,59,1,1,2,0,0,1,0,0,0,6,4,5,5,4,4,7,4,5,5,5,4,2,4,4,1
1852,1,2020,1,67,1,1,2,0,0,0,0,1,0,4,5,5,7,2,1,6,1,4,4,1,1,1,1,1,1
1853,1,2020,0,43,1,1,2,0,0,1,0,0,0,4,4,4,4,4,4,4,4,4,2,1,4,4,4,4,1
1854,1,2020,0,63,1,1,0,1,0,1,0,0,0,6,7,6,7,6,6,6,4,6,4,4,6,6,4,4,0
1855,1,2020,0,40,1,1,5,0,0,1,0,0,0,6,4,6,6,7,6,3,5,5,5,4,5,1,5,6,0
1856,1,2020,0,80,1,1,0,1,0,1,0,0,0,5,7,6,4,7,6,6,4,6,5,4,5,3,4,4,0
1857,1,2020,0,38,1,1,3,0,0,1,0,0,0,7,5,6,7,7,7,7,5,7,7,4,1,1,1,1,0
1858,1,2020,1,56,1,1,5,0,1,0,0,0,0,6,5,5,6,6,6,6,2,6,1,1,1,1,3,2,0
1859,1,2020,0,43,0,0,4,0,1,0,0,0,0,1,2,3,3,4,1,6,2,4,4,1,4,1,1,6,1
1860,1,2020,1,33,0,0,3,0,1,0,0,0,0,4,6,5,5,4,5,5,5,4,5,5,5,5,4,5,1
1861,1,2020,1,35,1,1,3,0,1,0,0,0,0,4,3,3,3,3,3,4,3,3,3,3,3,4,4,3,1
1862,1,2020,1,48,1,1,5,0,1,0,0,0,0,1,6,4,3,1,2,4,5,3,4,3,3,3,2,3,1
1863,1,2020,0,49,1,0,3,0,1,0,0,0,0,5,5,6,5,5,5,5,7,5,6,6,5,5,6,6,1
1864,1,2020,1,37,0,0,2,0,1,0,0,0,0,1,4,1,1,4,1,1,1,1,1,1,4,1,1,1,0
1865,1,2020,0,39,1,1,1,0,1,0,0,0,0,1,1,1,4,3,4,4,4,4,4,4,4,4,4,4,0
1866,1,2020,1,48,0,1,1,0,0,0,0,1,0,1,1,2,2,1,2,7,5,2,6,5,6,2,5,4,1
1867,1,2020,1,72,1,1,2,0,0,0,0,1,0,5,5,5,5,5,4,5,4,5,4,4,4,3,4,4,1
1868,1,2020,1,68,1,0,5,0,0,0,0,1,0,7,7,7,7,7,1,7,1,7,1,1,1,1,4,1,0
1869,1,2020,1,65,0,0,0,1,0,0,0,1,0,4,5,5,4,4,4,4,3,4,4,4,4,4,4,4,1
1870,1,2020,0,45,0,0,0,1,1,0,0,0,0,3,4,4,4,3,3,4,3,4,4,3,2,2,3,3,1
1871,1,2020,1,70,0,0,1,0,0,0,0,1,0,4,4,4,6,3,1,7,1,4,1,1,2,4,1,1,1
1872,1,2020,0,56,1,1,5,0,1,0,0,0,0,1,1,1,1,2,1,1,2,1,1,1,1,1,1,1,1
1873,1,2020,0,47,1,0,4,0,1,0,0,0,0,4,3,4,3,3,3,4,3,3,3,4,4,3,3,3,1
1874,1,2020,1,44,0,0,5,0,1,0,0,0,0,4,4,4,4,1,1,2,5,2,6,4,5,4,4,6,1
1875,1,2020,0,51,1,1,5,0,0,1,0,0,0,4,4,4,4,4,4,4,4,3,4,4,4,4,4,4,0
1876,1,2020,0,66,1,1,3,0,1,0,0,0,0,4,3,4,6,5,5,6,4,4,4,2,4,2,3,3,0
1877,1,2020,1,47,0,0,2,0,0,0,0,1,0,6,1,5,7,7,1,6,7,1,7,1,1,5,1,4,1
1878,1,2020,0,41,1,1,0,1,0,1,0,0,0,1,2,5,1,4,1,7,6,3,5,6,5,5,6,7,1
1879,1,2020,1,49,1,0,3,0,1,0,0,0,0,4,3,5,3,4,3,4,5,4,3,4,4,4,3,5,1
1880,1,2020,0,32,0,0,0,1,1,0,0,0,0,4,3,2,4,1,2,7,3,3,1,1,5,1,1,1,1
1881,1,2020,0,49,1,1,5,0,0,1,0,0,0,2,5,4,7,5,7,7,3,6,5,5,5,3,5,4,0
1882,1,2020,1,50,1,1,5,0,1,0,0,0,0,3,5,4,2,5,1,7,4,6,3,3,7,2,7,7,0
1883,1,2020,1,44,1,1,5,0,1,0,0,0,0,2,5,3,5,3,1,6,2,3,4,1,3,2,2,5,1
1884,1,2020,1,42,1,1,3,0,1,0,0,0,0,3,5,5,2,6,4,7,2,2,6,3,6,6,5,7,1
1885,1,2020,1,53,1,1,5,0,1,0,0,0,0,3,4,4,4,4,4,4,4,4,4,3,3,4,4,4,1
1886,1,2020,0,72,1,1,4,0,1,0,0,0,0,4,6,4,6,2,5,7,1,5,5,1,4,1,4,4,0
1887,1,2020,0,62,1,1,0,1,0,1,0,0,0,6,5,6,4,5,5,5,5,5,6,5,4,4,4,4,0
1888,1,2020,0,43,1,1,5,0,0,0,0,0,1,3,6,5,4,4,3,4,6,5,6,6,4,5,6,7,0
1889,1,2020,1,44,0,0,0,1,0,0,0,1,0,1,1,1,1,1,1,1,1,1,1,1,1,1,1,1,0
1890,1,2020,1,36,1,1,4,0,1,0,0,0,0,3,3,3,5,3,1,6,5,1,4,4,3,2,5,5,1
1891,1,2020,0,44,1,1,0,1,1,0,0,0,0,4,3,4,4,3,4,4,4,4,4,4,4,4,4,4,1
1892,1,2020,1,43,1,0,4,0,1,0,0,0,0,4,5,4,5,4,4,4,4,4,4,4,4,4,4,5,1
1893,1,2020,1,69,0,0,2,0,0,0,0,1,0,5,5,1,6,1,1,6,1,4,5,1,4,1,5,1,1
1894,1,2020,1,36,0,0,4,0,1,0,0,0,0,6,6,5,3,5,5,6,5,4,4,2,3,2,3,4,0
1895,1,2020,0,37,1,1,0,1,1,0,0,0,0,5,7,5,6,5,1,6,5,4,5,1,6,1,4,6,0
1896,1,2020,0,57,0,1,2,0,1,0,0,0,0,5,4,3,5,5,1,7,2,4,5,2,7,1,6,4,1
1897,1,2020,1,40,0,0,0,1,1,0,0,0,0,2,5,5,6,4,1,6,1,6,2,1,1,2,2,2,1
1898,1,2020,1,54,1,1,0,1,1,0,0,0,0,4,4,4,4,4,4,4,4,4,4,4,4,4,4,4,1
1899,1,2020,1,57,1,1,3,0,1,0,0,0,0,3,4,5,4,4,5,3,4,4,4,5,4,5,4,4,1
1900,1,2020,1,44,0,0,0,1,1,0,0,0,0,7,7,4,6,6,1,7,5,7,7,1,7,1,1,7,0
1901,1,2020,1,56,1,1,5,0,1,0,0,0,0,4,5,5,6,3,3,6,2,4,3,2,4,2,3,3,0
1902,1,2020,0,32,1,0,3,0,1,0,0,0,0,5,5,2,5,3,1,6,2,3,4,1,3,1,6,1,1
1903,1,2020,1,65,1,1,4,0,1,0,0,0,0,5,6,5,4,4,4,5,2,5,4,4,5,5,4,4,1
1904,1,2020,0,34,1,1,4,0,1,0,0,0,0,4,2,1,3,5,1,2,4,1,1,1,1,1,1,1,1
1905,1,2020,1,39,1,1,3,0,1,0,0,0,0,4,5,5,4,3,5,6,5,4,4,3,4,4,4,4,1
1906,1,2020,0,63,1,1,0,1,0,1,0,0,0,7,1,7,7,7,7,7,7,5,7,7,7,7,7,7,0
1907,1,2020,1,57,1,1,5,0,1,0,0,0,0,3,2,3,7,3,1,7,2,3,6,3,4,1,3,6,1
1908,1,2020,0,21,0,0,0,1,0,0,1,0,0,3,5,5,2,5,5,5,4,4,5,5,5,4,5,5,0
1909,1,2020,0,45,1,1,5,0,0,1,0,0,0,1,1,5,6,1,1,1,1,4,1,1,2,2,1,1,0
1910,1,2020,1,53,1,1,0,1,1,0,0,0,0,3,5,4,5,5,1,5,1,4,1,1,4,1,1,1,0
1911,1,2020,0,48,1,1,0,1,0,1,0,0,0,4,5,5,6,5,1,7,5,4,6,3,5,5,4,5,0
1912,1,2020,1,46,1,1,4,0,1,0,0,0,0,4,5,5,4,3,6,4,4,5,4,4,4,4,4,4,1
1913,1,2020,0,35,1,1,2,0,1,0,0,0,0,7,1,4,2,4,4,6,6,4,5,1,7,1,5,6,0
1914,1,2020,0,67,1,1,4,0,0,1,0,0,0,5,7,7,7,4,4,7,1,6,6,2,2,1,1,4,0
1915,1,2020,1,61,0,0,2,0,1,0,0,0,0,4,4,4,4,4,4,4,4,4,4,4,5,4,4,4,1
1916,1,2020,1,55,0,0,0,1,1,0,0,0,0,2,4,4,5,4,2,7,5,2,5,4,6,2,5,7,0
1917,1,2020,0,49,0,0,0,1,1,0,0,0,0,4,5,5,5,4,2,6,3,4,5,2,2,2,2,3,1
1918,1,2020,0,35,0,0,2,0,1,0,0,0,0,3,2,5,5,5,6,7,5,2,5,5,7,2,7,7,0
1919,1,2020,1,55,1,1,3,0,1,0,0,0,0,5,5,5,5,5,5,5,2,6,2,2,5,6,5,6,0
1920,1,2020,1,34,1,1,5,0,1,0,0,0,0,3,4,6,5,4,2,5,4,4,5,1,1,1,3,6,0
1921,1,2020,1,60,1,1,5,0,1,0,0,0,0,4,6,6,7,4,3,7,5,6,4,3,7,4,2,2,0
1922,1,2020,1,41,0,0,2,0,1,0,0,0,0,5,6,7,6,4,4,7,1,6,2,1,1,1,1,1,0
1923,1,2020,1,42,1,0,4,0,1,0,0,0,0,1,1,2,4,5,4,5,4,3,3,4,3,3,4,5,1
1924,1,2020,0,47,1,0,5,0,1,0,0,0,0,6,7,7,6,3,6,6,5,6,5,3,2,2,5,5,0
1925,1,2020,0,48,0,0,0,1,0,0,0,1,0,5,5,4,4,4,1,7,6,3,5,3,4,4,7,1,1
1926,1,2020,0,43,1,0,5,0,0,1,0,0,0,1,1,7,1,1,6,5,1,1,5,4,1,1,5,1,1
1927,1,2020,1,26,0,0,0,1,1,0,0,0,0,5,4,4,4,4,4,4,4,4,4,4,4,4,4,4,0
1928,1,2020,1,49,0,0,2,0,1,0,0,0,0,5,6,3,2,1,1,5,5,1,5,2,5,4,2,2,1
1929,1,2020,1,57,0,1,2,0,1,0,0,0,0,3,3,2,2,3,2,2,2,2,2,2,2,2,2,2,1
1930,1,2020,1,59,1,1,0,1,1,0,0,0,0,5,5,3,5,5,2,5,1,4,1,1,1,1,1,3,0
1931,1,2020,1,55,1,1,5,0,1,0,0,0,0,5,6,6,7,4,2,7,2,4,4,2,2,2,2,2,0
1932,1,2020,1,35,1,0,3,0,1,0,0,0,0,3,4,4,4,4,4,4,4,4,4,4,4,4,4,4,1
1933,1,2020,1,60,0,0,4,0,1,0,0,0,0,7,7,6,6,1,1,6,3,6,5,1,6,2,1,6,1
1934,1,2020,0,51,1,1,2,0,0,1,0,0,0,7,7,7,7,1,7,7,4,7,6,4,1,4,1,1,0
1935,1,2020,1,45,1,1,5,0,1,0,0,0,0,4,5,5,5,5,1,5,1,5,5,1,3,1,1,5,0
1936,1,2020,0,37,0,0,2,0,0,0,0,1,0,3,5,3,5,3,1,6,7,1,4,2,4,5,5,5,1
1937,1,2020,0,49,1,1,0,1,0,1,0,0,0,5,6,4,4,2,5,7,2,3,4,1,1,2,4,4,0
1938,1,2020,0,37,0,0,2,0,1,0,0,0,0,5,7,5,2,2,7,7,1,7,7,4,6,1,5,6,0
1939,1,2020,1,30,0,0,1,0,1,0,0,0,0,2,4,5,2,2,6,4,3,1,1,1,6,2,3,5,1
1940,1,2020,0,33,0,0,3,0,1,0,0,0,0,6,5,1,1,1,1,7,1,1,5,1,4,1,5,1,1
1941,1,2020,1,41,1,1,3,0,1,0,0,0,0,3,5,5,3,5,4,5,4,5,5,3,6,4,6,7,0
1942,1,2020,0,44,1,0,3,0,0,1,0,0,0,1,7,1,5,1,5,7,1,1,5,1,5,1,1,1,1
1943,1,2020,0,37,0,0,0,1,0,0,0,1,0,4,7,4,5,4,1,6,2,5,5,2,4,1,5,1,0
1944,1,2020,1,45,1,1,3,0,1,0,0,0,0,4,4,4,6,2,3,6,2,4,2,2,3,1,5,6,1
1945,1,2020,0,51,1,0,0,1,0,1,0,0,0,4,4,5,4,4,4,5,4,4,5,3,4,4,6,4,1
1946,1,2020,1,54,1,1,5,0,1,0,0,0,0,7,7,7,7,7,7,7,1,7,1,1,1,7,1,5,1
1947,1,2020,1,53,1,1,2,0,1,0,0,0,0,5,5,3,5,3,5,3,4,5,4,4,3,4,4,4,1
1948,1,2020,1,72,1,1,2,0,0,0,0,1,0,5,5,5,6,3,3,6,4,4,5,4,4,1,3,2,0
1949,1,2020,1,53,1,1,1,0,1,0,0,0,0,1,1,2,3,4,1,4,1,4,5,1,6,1,5,5,1
1950,1,2020,1,42,1,1,3,0,1,0,0,0,0,4,5,5,7,2,5,4,2,4,5,1,2,1,6,6,1
1951,1,2020,1,66,1,0,0,1,1,0,0,0,0,4,2,6,6,2,1,7,2,4,3,2,3,1,5,4,1
1952,1,2020,1,55,1,1,5,0,1,0,0,0,0,4,6,5,4,3,3,7,2,5,2,2,2,2,2,2,0
1953,1,2020,1,59,0,0,1,0,1,0,0,0,0,5,3,3,5,1,1,7,6,2,7,5,3,2,4,3,1
1954,1,2020,1,35,0,0,0,1,0,0,0,0,1,5,2,4,3,6,5,7,2,5,3,3,2,2,5,3,1
1955,1,2020,0,41,1,1,3,0,1,0,0,0,0,6,5,6,4,3,4,7,2,6,5,4,4,1,4,5,0
1956,1,2020,0,28,0,0,1,0,1,0,0,0,0,5,4,5,4,4,4,4,4,4,4,4,4,4,4,4,1
1957,1,2020,1,36,1,1,1,0,1,0,0,0,0,4,4,4,4,4,4,7,1,4,5,5,5,1,6,5,0
1958,1,2020,1,48,1,1,0,1,1,0,0,0,0,4,5,4,3,2,4,5,3,4,5,5,3,2,5,5,1
1959,1,2020,1,42,1,1,5,0,1,0,0,0,0,5,5,3,7,6,7,7,3,4,4,2,3,5,4,4,0
1960,1,2020,1,53,1,1,5,0,1,0,0,0,0,4,4,4,4,4,4,3,4,4,4,4,4,4,4,4,1
1961,1,2020,0,52,1,1,0,1,1,0,0,0,0,4,6,5,4,4,6,7,3,6,5,3,2,2,5,5,0
1962,1,2020,0,41,1,1,5,0,1,0,0,0,0,4,5,5,7,7,1,7,5,5,5,5,5,1,7,7,0
1963,1,2020,1,47,0,0,4,0,1,0,0,0,0,5,4,5,5,4,3,5,4,4,3,2,4,4,3,4,1
1964,1,2020,1,70,0,0,4,0,1,0,0,0,0,7,7,5,7,6,1,7,1,6,4,3,6,1,6,6,0
1965,1,2020,0,27,1,0,0,1,1,0,0,0,0,6,4,4,7,4,5,7,1,1,4,1,7,1,1,1,0
1966,1,2020,1,31,1,0,5,0,1,0,0,0,0,5,3,4,2,5,1,6,5,3,1,1,1,1,1,1,0
1967,1,2020,0,42,1,0,0,1,1,0,0,0,0,4,4,4,4,4,4,4,4,4,4,4,4,4,4,4,0
1968,1,2020,1,47,1,1,5,0,1,0,0,0,0,6,6,6,5,1,1,6,4,5,5,2,1,1,2,1,0
1969,1,2020,0,41,1,0,3,0,1,0,0,0,0,5,5,6,2,6,2,7,4,4,5,2,3,1,5,5,1
1970,1,2020,0,55,1,1,3,0,1,0,0,0,0,1,1,3,6,1,5,7,4,7,5,3,3,1,3,6,1
1971,1,2020,0,36,0,0,2,0,1,0,0,0,0,7,7,7,7,1,1,7,7,7,1,1,1,7,7,1,1
1972,1,2020,1,45,1,1,0,1,1,0,0,0,0,4,4,5,4,5,4,4,2,5,2,2,3,2,2,3,0
1973,1,2020,1,56,0,0,4,0,1,0,0,0,0,4,4,3,5,4,4,5,4,4,5,4,7,4,5,5,0
1974,1,2020,1,57,1,1,5,0,1,0,0,0,0,4,4,4,4,4,5,4,4,4,4,4,4,5,4,4,1
1975,1,2020,0,21,0,0,0,1,1,0,0,0,0,6,3,6,5,5,3,7,3,5,5,5,4,4,4,5,0
1976,1,2020,1,54,0,0,2,0,1,0,0,0,0,4,4,4,4,4,4,4,4,4,4,4,4,4,4,4,1
1977,1,2020,1,45,1,1,4,0,1,0,0,0,0,4,4,5,3,5,3,4,2,4,4,4,4,5,2,4,0
1978,1,2020,1,42,1,1,5,0,1,0,0,0,0,4,2,2,4,6,1,2,4,4,5,1,2,4,6,7,1
1979,1,2020,1,46,0,0,4,0,1,0,0,0,0,5,5,4,4,5,5,4,5,5,5,4,5,5,5,5,1
1980,1,2020,0,42,1,1,0,1,0,1,0,0,0,1,3,7,2,2,3,7,7,3,7,7,4,7,6,7,1
1981,1,2020,1,57,1,1,0,1,1,0,0,0,0,7,2,2,7,7,1,7,1,7,1,1,1,1,1,1,1
1982,1,2020,1,48,0,0,5,0,1,0,0,0,0,4,4,4,4,4,4,4,4,4,4,4,4,4,4,4,1
1983,1,2020,0,28,1,0,2,0,1,0,0,0,0,4,5,5,5,5,5,5,5,4,5,5,5,5,5,5,0
1984,1,2020,1,71,1,1,0,1,0,0,0,1,0,5,5,5,4,5,5,5,4,5,5,4,3,4,4,4,0
1985,1,2020,1,39,1,1,5,0,1,0,0,0,0,3,7,3,5,7,6,7,5,4,5,1,5,3,3,1,0
1986,1,2020,0,43,0,0,2,0,1,0,0,0,0,5,5,5,3,1,5,6,1,3,5,2,5,3,5,4,1
1987,1,2020,1,30,0,0,1,0,1,0,0,0,0,2,5,2,5,4,1,7,1,4,2,1,4,1,4,4,0
1988,1,2020,0,29,0,0,3,0,1,0,0,0,0,4,6,5,2,4,5,4,2,5,2,1,4,2,2,7,0
1989,1,2020,1,47,1,1,5,0,1,0,0,0,0,2,5,5,5,6,5,7,4,6,5,4,2,2,2,2,0
1990,1,2020,0,27,0,0,0,1,1,0,0,0,0,7,5,5,2,5,1,7,1,7,5,1,1,4,5,4,0
1991,1,2020,0,21,0,0,0,1,0,0,0,0,1,4,7,5,4,4,4,4,4,4,4,4,4,4,4,4,1
1992,1,2020,0,31,0,0,0,1,1,0,0,0,0,4,6,3,4,1,5,7,5,4,3,1,2,1,5,3,1
1993,1,2020,1,48,1,1,4,0,1,0,0,0,0,4,4,3,3,3,4,4,5,3,5,5,3,3,5,5,0
1994,1,2020,0,38,0,0,0,1,1,0,0,0,0,3,5,3,3,3,3,7,5,3,4,4,5,4,4,4,1
1995,1,2020,0,29,1,1,0,1,0,1,0,0,0,5,4,5,7,1,6,7,5,7,4,1,7,1,5,5,0
1996,1,2020,1,71,1,1,2,0,0,0,0,1,0,7,7,7,7,7,7,7,1,7,1,1,1,1,1,1,0
1997,1,2020,0,35,1,1,3,0,0,1,0,0,0,2,4,5,7,1,6,7,6,3,7,7,5,1,6,5,1
1998,1,2020,1,51,0,0,3,0,1,0,0,0,0,4,3,5,6,4,3,5,4,4,4,4,4,4,5,4,0
1999,1,2020,1,55,1,1,4,0,1,0,0,0,0,1,5,4,6,1,5,7,1,2,5,1,4,1,2,5,0
2000,1,2020,1,72,1,1,2,0,0,0,0,1,0,5,5,3,7,1,1,7,4,1,6,2,4,1,7,3,1
2001,1,2020,0,30,1,1,3,0,0,1,0,0,0,2,1,3,6,6,7,6,1,4,5,2,4,1,4,1,0
2002,1,2020,1,30,1,0,5,0,1,0,0,0,0,1,1,1,1,1,1,1,2,1,1,1,1,1,1,1,1
2003,1,2020,0,55,0,0,0,1,0,0,0,0,1,1,1,4,4,1,1,7,1,4,4,1,3,1,5,7,0
2004,1,2020,1,43,0,0,0,1,1,0,0,0,0,6,6,3,4,6,1,7,5,4,5,3,5,4,7,4,0
2005,1,2020,1,34,0,0,2,0,1,0,0,0,0,5,6,2,2,1,1,4,1,3,4,1,4,1,4,3,1
2006,1,2020,0,62,1,1,4,0,0,1,0,0,0,6,5,6,7,3,5,7,3,5,4,1,1,2,1,5,0
2007,1,2020,0,53,0,0,2,0,1,0,0,0,0,5,5,5,6,4,4,6,4,6,5,3,6,1,3,3,1
2008,1,2020,0,39,1,1,0,1,0,1,0,0,0,1,5,7,5,7,5,7,6,4,5,4,5,1,7,7,0
2009,1,2020,1,61,1,1,5,0,1,0,0,0,0,5,7,6,7,2,2,7,2,4,3,1,4,1,2,1,0
2010,1,2020,1,53,1,1,5,0,1,0,0,0,0,4,4,4,5,4,2,6,4,4,5,5,4,2,5,4,1
2011,1,2020,1,35,0,0,4,0,1,0,0,0,0,1,5,5,2,1,2,7,5,1,7,1,7,4,6,4,1
2012,1,2020,0,51,1,1,0,1,0,1,0,0,0,4,5,5,7,5,1,7,3,5,5,2,5,1,2,6,1
2013,1,2020,1,51,0,0,2,0,1,0,0,0,0,4,2,5,5,1,1,7,2,5,5,1,6,1,5,5,1
2014,1,2020,0,59,0,0,1,0,1,0,0,0,0,4,7,5,4,5,2,7,1,5,1,1,2,1,1,1,1
2015,1,2020,1,66,0,0,0,1,0,0,0,1,0,5,6,5,6,4,2,7,1,6,1,1,4,1,1,1,1
2016,1,2020,0,29,0,0,4,0,1,0,0,0,0,5,6,6,5,5,5,3,1,5,1,1,1,2,1,1,0
2017,1,2020,1,57,1,1,2,0,0,0,0,1,0,5,5,2,3,6,6,7,2,1,2,1,3,1,6,1,1
2018,1,2020,1,58,1,1,0,1,1,0,0,0,0,5,4,4,4,4,4,4,4,4,4,4,4,3,4,4,1
2019,1,2020,0,28,1,1,0,1,0,1,0,0,0,5,3,5,3,1,7,7,3,5,5,5,5,1,1,5,0
2020,1,2020,1,43,1,1,0,1,1,0,0,0,0,5,5,5,4,5,3,5,4,4,4,4,4,4,4,4,1
2021,1,2020,0,60,0,1,0,1,1,0,0,0,0,5,4,5,7,7,5,7,1,4,1,1,1,1,1,1,0
2022,1,2020,1,59,1,1,5,0,1,0,0,0,0,2,2,2,2,2,2,2,2,2,2,2,2,2,2,2,0
2023,1,2020,0,40,0,0,0,1,1,0,0,0,0,5,7,7,7,6,2,7,5,6,6,6,4,1,5,1,1
2024,1,2020,0,34,1,1,0,1,0,1,0,0,0,1,1,5,6,4,3,7,6,3,5,3,4,3,7,6,1
2025,1,2020,0,49,1,1,5,0,1,0,0,0,0,5,5,5,5,5,5,6,2,5,3,2,1,1,1,6,0
2026,1,2020,0,48,1,1,0,1,0,1,0,0,0,7,7,7,7,1,1,7,1,6,7,1,4,1,5,1,1
2027,1,2020,0,36,0,1,0,1,0,0,0,1,0,6,7,4,7,5,5,7,3,7,4,1,3,1,3,3,0
2028,1,2020,1,48,1,1,3,0,1,0,0,0,0,5,6,5,5,6,3,6,1,5,5,3,5,3,5,3,0
2029,1,2020,0,39,1,0,1,0,1,0,0,0,0,5,4,4,6,5,4,7,7,4,7,7,7,4,7,7,1
2030,1,2020,1,35,0,0,0,1,1,0,0,0,0,4,4,4,4,4,4,4,4,4,4,4,4,4,4,4,0
2031,1,2020,1,45,1,1,5,0,1,0,0,0,0,6,3,3,2,5,2,7,5,5,5,2,7,2,2,7,0
2032,1,2020,1,42,1,1,2,0,1,0,0,0,0,3,4,3,3,3,3,3,3,3,3,3,3,3,3,3,0
2033,1,2020,0,25,0,0,0,1,1,0,0,0,0,5,4,3,1,4,4,7,5,4,7,4,7,4,1,7,1
2034,1,2020,1,36,0,0,2,0,1,0,0,0,0,5,4,2,1,3,1,6,5,1,5,3,7,2,7,1,1
2035,1,2020,0,45,1,1,3,0,0,1,0,0,0,3,4,4,7,1,1,7,5,4,6,5,7,5,7,6,1
2036,1,2020,1,30,0,0,3,0,1,0,0,0,0,5,4,5,4,3,5,6,6,4,6,6,5,5,5,5,0
2037,1,2020,0,71,1,1,0,1,0,1,0,0,0,5,5,5,5,5,5,5,4,4,4,4,4,4,4,4,0
2038,1,2020,0,29,0,0,5,0,1,0,0,0,0,7,7,7,7,5,5,5,4,7,2,2,7,3,2,2,1
2039,1,2020,1,54,1,0,3,0,1,0,0,0,0,2,3,3,3,3,3,4,3,3,2,2,3,3,3,3,1
2040,1,2020,1,57,1,1,5,0,1,0,0,0,0,3,5,4,4,5,4,5,4,5,5,3,4,4,5,4,0
2041,1,2020,0,45,1,1,3,0,0,1,0,0,0,3,5,6,5,6,1,7,5,3,5,1,2,1,6,5,0
2042,1,2020,0,33,1,1,3,0,0,1,0,0,0,3,4,4,5,6,1,7,5,4,5,2,6,2,5,5,0
2043,1,2020,1,60,0,1,2,0,1,0,0,0,0,5,4,5,5,2,1,1,1,4,1,1,4,4,1,1,0
2044,1,2020,0,60,1,1,3,0,1,0,0,0,0,4,6,5,7,5,5,7,1,5,2,1,1,1,1,4,0
2045,1,2020,1,64,1,0,0,1,1,0,0,0,0,5,4,5,6,5,5,6,1,6,1,1,1,1,1,1,0
2046,1,2020,1,44,0,0,5,0,0,0,0,1,0,5,5,5,1,4,1,5,4,4,4,3,5,3,3,3,1
2047,1,2020,1,53,1,1,5,0,1,0,0,0,0,3,5,3,3,3,2,5,4,3,4,1,5,2,1,1,1
2048,1,2020,1,57,1,1,4,0,1,0,0,0,0,5,7,5,4,3,1,7,1,4,4,1,3,3,4,1,0
2049,1,2020,1,50,1,1,5,0,1,0,0,0,0,4,5,6,6,1,1,7,1,4,1,1,4,1,4,4,0
2050,1,2020,0,31,0,0,3,0,1,0,0,0,0,7,1,7,2,3,7,7,1,7,1,1,7,1,1,7,1
2051,1,2020,1,53,1,1,0,1,1,0,0,0,0,4,2,5,6,2,2,2,1,4,1,1,4,2,5,6,0
2052,1,2020,1,66,1,1,2,0,1,0,0,0,0,3,4,4,5,3,3,6,3,4,4,1,4,4,1,4,1
2053,1,2020,1,51,1,0,2,0,1,0,0,0,0,2,6,6,6,2,6,6,2,6,2,2,3,2,2,2,0
2054,1,2020,1,56,1,1,5,0,1,0,0,0,0,4,4,4,4,7,7,7,1,6,5,3,3,1,5,2,0
2055,1,2020,1,49,1,1,5,0,1,0,0,0,0,1,2,2,6,6,2,7,5,4,3,1,4,2,6,6,1
2056,1,2020,0,33,0,0,2,0,1,0,0,0,0,4,1,2,3,5,4,5,1,4,5,2,3,1,5,3,1
2057,1,2020,1,56,1,0,0,1,1,0,0,0,0,4,3,3,4,4,3,3,4,4,4,5,5,5,4,4,0
2058,1,2020,1,56,1,1,4,0,1,0,0,0,0,2,1,2,5,4,1,5,1,5,1,1,6,1,1,6,1
2059,1,2020,1,58,0,0,4,0,1,0,0,0,0,3,3,3,3,3,3,3,3,3,3,3,3,3,3,3,1
2060,1,2020,0,31,0,0,0,1,1,0,0,0,0,3,3,3,4,3,4,4,4,4,4,4,4,4,4,4,0
2061,1,2020,1,71,1,0,1,0,0,0,0,1,0,1,1,1,1,1,1,1,1,1,1,1,1,1,1,1,1
2062,1,2020,0,42,1,0,4,0,1,0,0,0,0,4,6,5,5,1,1,5,1,5,5,1,3,1,2,4,1
2063,1,2020,0,32,0,0,0,1,1,0,0,0,0,4,4,2,3,5,3,3,3,5,2,1,4,3,2,3,0
2064,1,2020,0,46,1,0,2,0,1,0,0,0,0,7,7,6,7,7,1,7,1,7,2,1,7,2,7,7,0
2065,1,2020,1,31,0,0,5,0,1,0,0,0,0,4,3,4,4,4,1,5,1,4,1,1,4,1,1,5,0
2066,1,2020,1,51,1,1,3,0,1,0,0,0,0,5,1,4,7,5,1,7,1,7,5,5,6,1,3,4,1
2067,1,2020,0,42,1,1,5,0,0,1,0,0,0,2,1,1,5,1,1,5,7,2,3,3,2,5,3,3,1
2068,1,2020,1,67,1,1,3,0,1,0,0,0,0,1,1,1,1,1,1,1,1,1,2,1,2,1,1,1,0
2069,1,2020,0,21,0,0,1,0,0,0,1,0,0,4,3,3,4,4,4,4,4,4,4,4,4,4,4,4,1
2070,1,2020,0,40,1,0,0,1,0,1,0,0,0,4,4,5,4,4,4,4,6,4,6,4,4,4,6,4,1
2071,1,2020,1,44,0,0,4,0,1,0,0,0,0,2,7,4,5,1,1,6,4,5,5,1,1,4,5,4,0
2072,1,2020,0,33,0,0,2,0,1,0,0,0,0,7,7,7,2,7,7,7,1,7,7,7,4,1,7,7,0
2073,1,2020,0,54,0,1,2,0,1,0,0,0,0,4,4,4,4,4,1,4,1,4,4,4,4,1,5,5,1
2074,1,2020,1,37,0,0,2,0,0,0,0,1,0,4,4,4,4,4,4,4,4,4,4,4,4,4,4,4,1
2075,1,2020,0,38,1,1,4,0,0,1,0,0,0,2,5,4,4,2,5,7,6,4,5,1,5,1,4,6,0
2076,1,2020,0,36,1,1,3,0,1,0,0,0,0,1,5,5,1,4,5,7,6,2,4,4,7,1,6,7,1
2077,1,2020,1,57,1,1,3,0,1,0,0,0,0,1,1,3,1,2,1,6,2,2,5,2,3,1,3,4,1
2078,1,2020,0,22,0,0,0,1,0,0,1,0,0,4,5,5,4,4,4,5,4,3,5,4,6,4,5,5,1
2079,1,2020,1,51,0,0,0,1,0,0,0,1,0,5,4,5,4,1,1,7,1,4,1,1,2,1,1,1,1
2080,1,2020,1,50,1,1,4,0,1,0,0,0,0,4,5,4,4,7,4,4,4,4,4,4,4,4,4,4,0
2081,1,2020,0,47,1,1,3,0,0,1,0,0,0,3,5,6,5,3,3,7,5,5,5,1,5,1,5,5,0
2082,1,2020,1,58,1,0,5,0,1,0,0,0,0,5,5,5,4,5,4,4,4,4,4,4,4,4,4,4,1
2083,1,2020,0,47,1,0,4,0,1,0,0,0,0,2,5,3,4,3,1,2,5,3,5,3,2,2,5,2,1
2084,1,2020,0,54,1,0,3,0,0,1,0,0,0,5,5,6,3,2,5,6,5,4,6,3,5,2,5,4,1
2085,1,2020,1,35,1,1,5,0,1,0,0,0,0,6,6,6,3,6,6,6,5,5,4,2,1,1,1,5,0
2086,1,2020,0,36,1,1,0,1,1,0,0,0,0,1,5,6,5,5,5,5,7,5,5,3,7,6,5,7,0
2087,1,2020,1,43,1,0,0,1,1,0,0,0,0,5,4,5,4,4,4,4,4,4,4,4,4,4,4,5,1
2088,1,2020,1,47,1,1,4,0,1,0,0,0,0,2,2,5,7,4,3,6,4,4,6,3,3,4,6,4,0
2089,1,2020,1,57,1,1,3,0,1,0,0,0,0,4,4,5,4,4,4,4,4,5,4,4,4,4,4,4,1
2090,1,2020,1,30,0,0,1,0,0,0,0,0,1,4,4,4,4,4,4,4,4,3,4,5,4,4,4,4,1
2091,1,2020,0,32,0,0,2,0,1,0,0,0,0,2,5,2,7,3,1,3,1,2,1,1,3,1,1,1,1
2092,1,2020,0,76,1,1,2,0,1,0,0,0,0,4,5,6,6,6,1,6,5,3,5,4,5,4,7,4,1
2093,1,2020,1,67,1,1,2,0,0,0,0,1,0,4,3,4,6,3,2,4,1,4,4,2,4,1,5,4,0
2094,1,2020,0,42,1,1,0,1,1,0,0,0,0,7,7,7,7,7,7,7,1,5,5,5,2,1,7,2,0
2095,1,2020,0,23,0,0,3,0,1,0,0,0,0,4,1,4,4,4,4,4,4,4,4,4,4,4,4,4,0
2096,1,2020,0,52,0,0,1,0,0,0,0,0,1,1,1,2,2,1,1,5,4,1,2,1,7,4,5,4,1
2097,1,2020,1,61,1,1,3,0,1,0,0,0,0,1,1,1,1,1,1,1,1,1,1,2,1,1,2,2,1
2098,1,2020,0,48,1,1,0,1,1,0,0,0,0,6,5,6,3,7,3,7,2,5,2,1,4,1,3,4,0
2099,1,2020,1,49,1,1,5,0,1,0,0,0,0,4,4,4,5,3,5,4,4,4,4,3,4,4,5,4,1
2100,1,2020,1,38,1,1,3,0,1,0,0,0,0,5,4,4,5,5,1,7,7,2,7,2,7,4,6,7,1
2101,1,2020,0,28,1,0,4,0,0,1,0,0,0,5,1,5,7,4,5,7,1,7,1,1,1,1,3,1,0
2102,1,2020,0,55,0,0,3,0,1,0,0,0,0,4,4,4,7,1,1,7,1,4,1,1,6,4,1,1,1
2103,1,2020,1,49,1,1,3,0,1,0,0,0,0,2,2,2,2,2,2,2,2,2,2,2,2,2,5,6,0
2104,1,2020,1,28,0,0,2,0,1,0,0,0,0,5,2,3,5,3,4,7,5,3,6,2,7,2,6,6,1
2105,1,2020,1,48,1,1,2,0,1,0,0,0,0,4,4,4,4,5,4,4,4,4,4,4,7,6,4,4,1
2106,1,2020,0,24,0,0,0,1,1,0,0,0,0,4,6,5,5,3,4,5,2,5,4,1,4,2,1,5,0
2107,1,2020,1,32,1,1,4,0,1,0,0,0,0,5,4,3,4,4,3,3,4,3,3,3,4,3,4,3,0
2108,1,2020,0,20,0,0,0,1,0,0,1,0,0,4,4,4,4,4,4,4,4,4,5,4,4,4,4,4,0
2109,1,2020,0,32,1,1,3,0,1,0,0,0,0,2,5,5,7,1,6,6,7,3,1,1,1,1,1,1,1
2110,1,2020,1,38,0,0,0,1,1,0,0,0,0,6,3,6,2,2,6,6,1,4,3,2,4,2,4,5,1
2111,1,2020,0,34,0,0,2,0,0,0,0,0,1,6,5,5,5,1,1,7,1,4,1,1,4,1,1,1,0
2112,1,2020,0,62,1,1,2,0,0,1,0,0,0,5,5,6,5,3,3,5,5,5,6,6,3,1,6,4,0
2113,1,2020,0,63,0,1,2,0,1,0,0,0,0,4,4,5,7,1,5,7,4,4,4,1,1,1,1,1,1
2114,1,2020,1,54,1,1,2,0,1,0,0,0,0,5,5,5,5,5,5,5,3,5,3,3,3,3,3,3,0
2115,1,2020,1,50,0,0,3,0,1,0,0,0,0,5,5,5,4,4,4,4,4,4,4,4,4,4,4,4,0
2116,1,2020,1,65,1,1,2,0,1,0,0,0,0,5,5,4,6,4,2,6,1,4,5,2,1,4,4,2,1
2117,1,2020,1,52,1,1,0,1,1,0,0,0,0,5,7,6,5,7,2,6,5,3,3,1,1,1,3,1,0
2118,1,2020,0,68,0,0,1,0,0,0,0,1,0,6,3,4,5,1,2,7,1,4,5,2,4,1,1,1,0
2119,1,2020,1,39,0,1,3,0,1,0,0,0,0,3,2,3,5,3,2,5,3,3,5,2,4,2,5,4,1
2120,1,2020,0,46,1,1,0,1,0,1,0,0,0,5,5,3,5,4,3,4,4,5,5,5,2,3,3,3,0
2121,1,2020,0,58,1,1,3,0,0,1,0,0,0,3,5,6,6,3,1,6,2,5,4,3,5,2,5,2,0
2122,1,2020,0,68,0,0,0,1,1,0,0,0,0,4,3,5,5,3,1,6,4,4,4,3,2,4,2,4,1
2123,1,2020,0,54,1,0,0,1,1,0,0,0,0,4,4,4,4,4,4,4,4,4,4,4,4,4,4,4,0
2124,1,2020,0,29,1,1,3,0,0,1,0,0,0,4,1,4,6,5,6,6,2,4,3,2,3,2,2,3,0
2125,1,2020,1,53,1,1,4,0,1,0,0,0,0,1,4,4,7,1,1,6,5,5,6,4,6,5,5,5,1
2126,1,2020,1,28,1,0,2,0,1,0,0,0,0,6,6,5,5,5,7,4,1,6,2,2,2,1,3,4,0
2127,1,2020,0,37,1,0,0,1,1,0,0,0,0,4,5,5,5,4,4,7,5,5,6,3,4,1,3,5,1
2128,1,2020,0,70,1,1,0,1,0,1,0,0,0,5,5,5,5,2,3,5,4,2,3,2,3,2,4,7,1
2129,1,2020,0,34,1,1,3,0,1,0,0,0,0,3,3,3,4,3,5,2,2,2,2,2,2,2,2,2,1
2130,1,2020,1,47,1,1,5,0,1,0,0,0,0,2,1,4,5,5,1,2,4,2,5,1,5,2,5,5,1
2131,1,2020,1,28,0,0,5,0,1,0,0,0,0,7,7,7,1,1,1,1,1,1,4,4,1,1,1,1,1
2132,1,2020,0,27,0,0,2,0,1,0,0,0,0,3,4,5,7,1,1,7,5,5,5,5,7,1,5,5,1
2133,1,2020,1,68,1,1,3,0,1,0,0,0,0,2,2,2,1,2,2,2,2,1,2,2,2,2,2,2,0
2134,1,2020,0,26,0,0,2,0,1,0,0,0,0,5,5,5,2,3,5,7,2,3,2,2,5,1,2,2,0
2135,1,2020,0,31,1,1,0,1,1,0,0,0,0,4,4,4,5,4,4,5,4,4,4,4,4,4,4,4,1
2136,1,2020,1,30,1,1,5,0,1,0,0,0,0,6,7,5,7,2,1,7,5,7,2,1,1,1,4,5,1
2137,1,2020,1,42,1,1,3,0,1,0,0,0,0,5,6,6,5,5,6,5,1,5,2,2,5,5,3,3,1
2138,1,2020,0,42,0,0,0,1,1,0,0,0,0,5,4,5,3,2,3,7,5,4,5,2,5,2,7,4,1
2139,1,2020,1,40,0,0,3,0,0,0,0,1,0,4,6,4,4,2,7,7,1,2,5,1,1,1,7,4,1
2140,1,2020,1,40,1,1,3,0,1,0,0,0,0,1,4,1,1,1,1,1,1,1,1,1,1,1,1,1,0
2141,1,2020,1,59,1,1,5,0,1,0,0,0,0,4,6,3,6,1,5,6,3,5,3,2,4,1,3,2,0
2142,1,2020,0,31,0,0,0,1,0,0,0,1,0,1,1,3,4,1,1,6,5,4,5,4,7,4,5,7,1
2143,1,2020,0,35,1,1,5,0,1,0,0,0,0,3,3,4,5,5,2,7,2,4,7,5,3,1,5,2,0
2144,1,2020,0,26,0,0,2,0,1,0,0,0,0,4,4,4,4,4,4,4,4,4,4,4,4,4,4,4,0
2145,1,2020,1,60,1,1,4,0,1,0,0,0,0,4,5,5,4,6,6,6,1,5,5,1,2,1,3,1,1
2146,1,2020,0,24,0,0,4,0,1,0,0,0,0,3,3,3,3,4,4,5,2,3,1,2,2,2,2,2,0
2147,1,2020,0,51,1,1,0,1,0,1,0,0,0,5,4,5,1,1,1,7,3,4,7,6,7,4,7,7,1
2148,1,2020,0,31,1,1,0,1,1,0,0,0,0,4,5,4,6,6,6,6,5,6,5,1,4,3,4,1,0
2149,1,2020,1,55,1,1,5,0,1,0,0,0,0,5,5,5,6,3,4,5,4,4,4,4,4,4,4,4,1
2150,1,2020,0,34,1,0,5,0,0,1,0,0,0,7,7,7,7,1,5,7,7,6,5,1,1,1,7,1,0
2151,1,2020,1,27,1,1,2,0,1,0,0,0,0,4,4,5,4,5,2,4,4,4,5,3,4,4,4,5,1
2152,1,2020,0,35,1,1,3,0,1,0,0,0,0,4,7,7,5,2,7,7,4,5,4,1,2,1,4,5,0
2153,1,2020,0,29,0,0,0,1,1,0,0,0,0,1,7,7,7,7,2,7,7,7,7,1,1,1,1,7,1
2154,1,2020,0,39,0,1,0,1,1,0,0,0,0,2,5,5,3,1,1,7,6,3,6,3,6,1,7,7,1
2155,1,2020,0,43,1,1,1,0,1,0,0,0,0,3,1,3,1,2,1,4,5,1,5,2,7,1,6,7,1
2156,1,2020,0,67,1,1,2,0,0,1,0,0,0,3,5,5,7,6,7,7,4,7,5,1,1,1,5,1,0
2157,1,2020,0,21,0,0,0,1,0,0,1,0,0,7,7,2,1,7,1,6,5,3,1,1,7,4,6,6,1
2158,1,2020,1,23,1,0,5,0,1,0,0,0,0,3,2,4,4,4,3,5,4,5,3,2,3,2,4,3,0
2159,1,2020,0,39,0,0,0,1,1,0,0,0,0,3,6,4,3,1,5,7,4,4,4,1,4,1,5,4,1
2160,1,2020,1,50,1,1,0,1,1,0,0,0,0,5,4,4,4,3,4,2,2,6,4,6,5,2,6,3,1
2161,1,2020,0,35,1,0,4,0,1,0,0,0,0,4,4,5,5,3,3,6,3,4,5,3,2,2,3,3,1
2162,1,2020,1,52,1,1,2,0,1,0,0,0,0,5,7,5,5,5,1,6,2,5,5,1,3,1,1,5,0
2163,1,2020,0,40,0,0,0,1,1,0,0,0,0,1,3,1,1,1,1,1,1,1,1,1,1,1,1,1,1
2164,1,2020,1,42,0,0,3,0,1,0,0,0,0,5,4,4,4,4,4,4,4,4,4,4,4,4,4,4,1
2165,1,2020,0,66,1,1,3,0,0,0,0,1,0,4,5,5,4,4,4,4,4,4,4,4,4,4,4,4,0
2166,1,2020,1,32,0,0,4,0,1,0,0,0,0,6,5,1,5,1,6,7,1,4,5,1,4,1,5,4,1
2167,1,2020,0,34,0,0,5,0,1,0,0,0,0,4,3,4,7,1,1,7,4,1,5,1,5,1,1,4,1
2168,1,2020,1,46,1,1,0,1,0,0,0,0,1,6,6,6,6,6,5,6,2,6,2,2,4,2,2,2,0
2169,1,2020,1,48,1,1,5,0,1,0,0,0,0,1,1,1,5,1,1,5,5,4,2,1,4,4,3,5,1
2170,1,2020,1,57,1,1,0,1,1,0,0,0,0,1,1,1,1,1,1,1,1,1,1,1,1,1,1,1,1
2171,1,2020,0,54,1,1,3,0,0,1,0,0,0,3,3,5,1,4,1,7,5,3,5,4,3,1,7,2,1
2172,1,2020,1,37,0,0,5,0,1,0,0,0,0,7,3,1,5,1,5,7,2,4,7,1,3,1,6,4,0
2173,1,2020,1,57,1,1,5,0,1,0,0,0,0,6,6,6,7,6,1,7,4,7,4,4,7,4,4,5,1
2174,1,2020,0,42,1,1,4,0,1,0,0,0,0,2,4,5,6,4,3,6,2,4,4,3,5,1,5,5,0
2175,1,2020,0,35,0,0,5,0,1,0,0,0,0,6,6,6,4,6,4,3,1,4,3,1,3,1,2,2,0
2176,1,2020,0,42,1,1,0,1,1,0,0,0,0,4,5,4,5,3,2,6,3,4,2,1,2,1,3,3,0
2177,1,2020,0,27,0,0,0,1,1,0,0,0,0,4,7,6,6,3,4,7,6,7,7,7,7,6,7,6,0
2178,1,2020,0,30,1,0,0,1,1,0,0,0,0,5,5,5,4,1,5,5,4,5,7,3,3,6,4,4,1
2179,1,2020,1,69,1,1,0,1,1,0,0,0,0,6,6,5,7,4,1,3,1,2,1,1,5,2,5,5,1
2180,1,2020,1,70,1,1,2,0,1,0,0,0,0,4,4,6,7,1,5,7,4,6,6,1,6,4,1,7,1
2181,1,2020,1,67,1,1,2,0,0,0,0,1,0,5,2,2,2,2,5,1,3,4,2,2,2,3,3,2,1
2182,1,2020,0,32,0,0,0,1,1,0,0,0,0,5,5,5,6,7,1,1,3,4,5,1,1,1,1,1,1
2183,1,2020,1,72,1,1,1,0,0,0,0,1,0,4,4,4,4,3,3,4,4,3,5,3,4,4,4,4,0
2184,1,2020,0,26,0,0,4,0,0,0,0,1,0,7,1,2,1,1,7,1,7,1,7,7,2,1,1,7,1
2185,1,2020,0,36,1,1,0,1,1,0,0,0,0,1,1,5,2,7,1,7,5,5,5,1,1,1,3,6,0
2186,1,2020,0,20,0,0,0,1,0,0,1,0,0,5,5,5,5,1,5,5,5,2,5,2,6,5,4,5,1
2187,1,2020,0,53,1,1,0,1,1,0,0,0,0,3,3,4,7,2,2,7,2,5,2,2,5,3,2,2,0
2188,1,2020,1,36,0,0,3,0,1,0,0,0,0,5,5,5,5,5,4,4,5,5,5,5,5,4,5,5,1
2189,1,2020,0,59,1,0,2,0,0,1,0,0,0,3,3,5,4,4,1,6,5,3,6,4,6,4,4,6,1
2190,1,2020,0,61,0,0,0,1,0,0,0,1,0,1,1,2,7,1,1,7,2,4,6,4,7,1,6,4,1
2191,1,2020,1,43,1,1,3,0,1,0,0,0,0,5,5,5,5,5,1,6,6,1,6,6,7,6,5,5,0
2192,1,2020,1,66,1,1,3,0,1,0,0,0,0,5,6,6,6,6,7,7,1,6,1,1,2,1,2,1,0
2193,1,2020,0,44,1,1,3,0,1,0,0,0,0,5,4,4,5,3,3,5,5,4,5,3,4,4,5,5,1
2194,1,2020,0,46,1,1,4,0,0,1,0,0,0,4,1,7,7,1,1,7,1,4,5,1,1,1,2,1,0
2195,1,2020,0,34,1,0,5,0,1,0,0,0,0,2,7,6,2,1,5,6,6,2,6,1,1,2,6,2,1
2196,1,2020,0,42,1,1,0,1,1,0,0,0,0,5,5,5,5,5,2,6,5,4,5,3,5,5,5,5,0
2197,1,2020,1,37,0,0,0,1,1,0,0,0,0,6,2,3,4,5,1,3,3,1,3,3,2,1,2,1,1
2198,1,2020,1,49,1,1,0,1,1,0,0,0,0,4,6,7,6,3,4,7,5,6,6,5,4,4,5,4,1
2199,1,2020,0,29,0,0,1,0,0,0,0,1,0,5,3,1,5,4,1,7,5,1,6,6,4,1,6,3,1
2200,1,2020,0,66,1,1,4,0,0,1,0,0,0,3,5,6,6,6,6,7,3,5,5,5,1,1,5,1,1
2201,1,2020,1,66,1,1,0,1,1,0,0,0,0,5,7,7,7,4,7,7,4,7,5,1,3,1,6,6,0
2202,1,2020,1,35,1,0,4,0,1,0,0,0,0,4,5,5,5,7,1,7,2,2,5,2,5,1,3,4,1
2203,1,2020,1,70,0,1,2,0,1,0,0,0,0,1,1,3,7,4,1,2,4,1,1,1,4,4,1,1,1
2204,1,2020,1,51,0,0,1,0,0,0,0,1,0,1,1,3,3,1,1,6,4,2,5,2,4,1,4,1,1
2205,1,2020,1,50,1,1,0,1,1,0,0,0,0,3,4,3,5,2,1,6,5,4,5,3,5,5,3,3,1
2206,1,2020,1,25,0,0,0,1,1,0,0,0,0,5,3,4,4,4,3,4,5,5,4,3,3,4,4,5,1
2207,1,2020,0,21,0,0,2,0,0,0,0,1,0,1,1,2,1,4,1,1,5,1,3,1,1,1,3,2,1
2208,1,2020,1,69,1,1,5,0,1,0,0,0,0,3,1,1,7,6,7,7,1,7,6,2,5,4,1,5,0
2209,1,2020,1,42,1,1,5,0,1,0,0,0,0,5,5,2,6,7,2,7,3,2,5,1,5,4,5,5,1
2210,1,2020,0,41,0,1,0,1,1,0,0,0,0,2,5,5,7,7,7,7,5,3,4,1,5,4,3,7,0
2211,1,2020,1,41,1,1,3,0,1,0,0,0,0,4,5,5,7,4,4,4,4,4,4,4,3,4,4,4,1
2212,1,2020,0,34,0,0,1,0,1,0,0,0,0,5,3,5,1,2,1,7,2,4,5,1,7,2,1,7,1
2213,1,2020,1,48,1,1,4,0,1,0,0,0,0,5,5,5,5,5,5,5,5,5,5,3,5,1,5,4,0
2214,1,2020,1,53,1,0,5,0,1,0,0,0,0,2,2,4,7,6,4,4,4,1,4,4,4,4,4,4,0
2215,1,2020,0,48,0,0,0,1,0,0,0,1,0,5,1,4,1,1,1,6,6,5,7,5,7,4,6,1,1
2216,1,2020,1,68,1,1,5,0,1,0,0,0,0,3,3,3,2,3,4,3,1,3,1,1,2,2,1,1,1
2217,1,2020,0,47,1,0,5,0,0,1,0,0,0,5,6,6,5,3,4,6,5,4,4,2,1,1,2,1,1
2218,1,2020,0,45,0,0,2,0,1,0,0,0,0,4,4,5,4,1,5,7,1,3,6,4,7,3,4,7,1
2219,1,2020,0,61,1,1,0,1,0,1,0,0,0,4,6,4,5,2,2,7,5,4,6,5,4,4,6,4,0
2220,1,2020,1,71,1,1,3,0,1,0,0,0,0,6,6,6,6,6,6,5,2,6,2,2,3,3,2,3,0
2221,1,2020,0,61,1,1,3,0,0,1,0,0,0,4,4,5,4,4,4,4,5,4,4,4,4,4,4,4,1
2222,1,2020,1,56,0,0,4,0,1,0,0,0,0,4,6,4,7,3,3,7,1,7,1,4,5,1,4,7,0
2223,1,2020,0,39,1,1,0,1,0,1,0,0,0,3,5,5,2,4,5,7,5,3,5,3,4,2,4,2,0
2224,1,2020,1,57,1,1,3,0,0,0,0,0,1,4,4,4,4,4,4,5,1,5,1,1,4,4,5,5,1
2225,1,2020,0,56,1,1,2,0,0,1,0,0,0,5,5,4,6,5,5,7,2,5,2,1,5,2,5,4,1
2226,1,2020,0,34,1,1,0,1,1,0,0,0,0,3,5,4,5,2,4,7,6,2,5,2,4,5,6,7,1
2227,1,2020,1,50,0,0,5,0,1,0,0,0,0,3,3,3,3,3,3,3,6,3,5,5,3,4,5,3,1
2228,1,2020,0,46,0,0,2,0,1,0,0,0,0,5,5,5,3,5,5,5,4,5,5,4,5,4,4,4,1
2229,1,2020,1,69,1,0,3,0,0,1,0,0,0,3,4,4,6,1,1,6,2,4,5,1,4,1,6,1,1
2230,1,2020,1,39,1,1,5,0,1,0,0,0,0,4,4,4,4,4,4,4,4,4,4,4,4,4,4,4,0
2231,1,2020,1,48,0,0,0,1,1,0,0,0,0,6,6,6,6,6,1,6,6,6,5,2,5,3,2,3,1
2232,1,2020,0,50,0,1,2,0,1,0,0,0,0,2,6,3,3,5,1,7,6,2,5,5,5,2,6,7,0
2233,1,2020,0,48,1,1,3,0,1,0,0,0,0,1,5,5,1,3,1,7,7,4,7,4,7,7,7,7,1
2234,1,2020,0,25,0,0,0,1,1,0,0,0,0,6,5,5,5,6,7,6,5,4,5,1,6,3,6,7,1
2235,1,2020,1,60,0,0,2,0,1,0,0,0,0,7,7,7,7,5,5,7,4,7,7,7,6,2,7,4,1
2236,1,2020,0,49,1,1,5,0,1,0,0,0,0,3,6,4,5,7,1,7,2,5,2,1,3,1,1,4,1
2237,1,2020,0,26,1,1,2,0,0,1,0,0,0,4,1,6,3,4,4,4,4,4,4,4,2,1,4,6,0
2238,1,2020,1,42,1,1,3,0,1,0,0,0,0,5,5,3,7,5,2,6,2,5,2,2,2,2,2,2,1
2239,1,2020,0,35,1,0,2,0,0,1,0,0,0,5,1,1,3,2,1,5,4,3,1,1,1,1,1,1,0
2240,1,2020,1,36,1,1,3,0,1,0,0,0,0,3,3,4,3,3,4,3,4,4,3,4,4,3,3,4,1
2241,1,2020,1,47,0,1,3,0,1,0,0,0,0,4,3,2,3,3,3,4,3,3,3,4,4,4,3,3,1
2242,1,2020,1,55,0,0,0,1,0,0,0,1,0,4,6,5,5,4,4,4,4,4,5,3,4,4,5,4,1
2243,1,2020,1,43,0,0,0,1,1,0,0,0,0,7,7,7,7,1,1,7,4,3,4,4,7,1,4,4,0
2244,1,2020,0,59,1,1,5,0,0,1,0,0,0,4,6,5,3,1,5,6,6,4,3,1,5,1,5,1,0
2245,1,2020,0,32,0,0,2,0,1,0,0,0,0,4,5,4,5,4,1,6,6,4,4,1,3,4,3,4,0
2246,1,2020,1,45,1,0,5,0,1,0,0,0,0,2,2,2,6,1,1,7,3,2,4,2,6,2,2,2,1
2247,1,2020,0,47,1,1,5,0,1,0,0,0,0,6,5,6,6,5,3,6,2,5,5,4,2,4,5,2,0
2248,1,2020,1,57,1,1,5,0,1,0,0,0,0,5,3,5,5,6,6,5,4,5,4,5,5,5,4,4,1
2249,1,2020,1,52,0,0,0,1,1,0,0,0,0,3,2,3,3,2,1,5,3,5,3,2,6,4,3,5,1
2250,1,2020,0,60,0,1,0,1,0,0,0,1,0,2,5,4,1,2,2,6,5,4,5,3,2,1,5,6,1
2251,1,2020,0,58,1,1,0,1,1,0,0,0,0,4,5,5,5,2,6,6,3,4,4,3,4,2,5,5,0
2252,1,2020,1,36,1,0,2,0,1,0,0,0,0,3,7,3,1,3,1,7,5,1,7,1,7,1,3,7,1
2253,1,2020,0,37,1,1,2,0,0,1,0,0,0,3,4,4,4,4,3,4,3,3,4,5,3,4,3,3,1
2254,1,2020,1,49,1,1,3,0,1,0,0,0,0,4,5,4,4,5,5,4,5,5,5,4,6,4,5,5,1
2255,1,2020,0,56,1,1,0,1,0,1,0,0,0,1,1,5,3,2,2,6,1,3,5,1,4,1,6,4,1
2256,1,2020,0,51,1,1,5,0,0,1,0,0,0,6,5,5,6,3,1,6,2,6,2,2,4,2,5,6,1
2257,1,2020,0,57,1,0,5,0,1,0,0,0,0,5,5,6,2,3,3,7,5,4,5,3,7,1,4,7,0
2258,1,2020,1,59,1,0,5,0,0,0,0,0,1,6,5,7,2,5,5,7,1,4,5,4,6,1,3,7,0
2259,1,2020,1,62,1,1,3,0,1,0,0,0,0,4,6,4,1,1,1,7,6,2,6,5,1,4,5,6,1
2260,1,2020,1,56,1,0,0,1,1,0,0,0,0,6,6,6,7,7,1,7,1,7,2,1,6,1,1,1,1
2261,1,2020,1,46,1,1,4,0,1,0,0,0,0,2,2,2,4,2,1,5,2,4,3,3,5,2,5,5,1
2262,1,2020,1,36,0,0,3,0,1,0,0,0,0,2,1,2,2,2,1,1,2,2,1,2,2,2,2,2,1
2263,1,2020,0,47,1,1,2,0,1,0,0,0,0,2,1,5,4,1,1,7,4,5,5,5,5,1,7,5,1
2264,1,2020,0,29,0,0,2,0,1,0,0,0,0,5,5,3,7,1,7,7,3,4,6,1,1,1,5,1,1
2265,1,2020,0,40,1,1,3,0,1,0,0,0,0,3,5,5,5,1,1,6,5,6,5,2,2,1,5,7,1
2266,1,2020,1,58,1,0,5,0,1,0,0,0,0,2,3,3,4,2,2,2,4,3,5,5,4,4,5,5,1
2267,1,2020,1,44,1,1,4,0,1,0,0,0,0,5,4,2,5,5,1,5,3,3,2,1,5,3,2,2,1
2268,1,2020,1,57,0,0,2,0,1,0,0,0,0,4,4,4,4,4,4,4,4,4,7,4,4,4,4,4,1
2269,1,2020,0,40,0,0,0,1,1,0,0,0,0,5,4,5,4,2,5,5,1,4,6,1,4,1,6,4,0
2270,1,2020,0,48,1,0,1,0,0,0,0,1,0,1,5,4,7,6,1,6,5,3,3,1,1,1,1,1,1
2271,1,2020,0,42,1,0,4,0,1,0,0,0,0,3,5,4,3,3,3,6,5,3,6,5,6,4,5,5,1
2272,1,2020,0,50,1,1,4,0,1,0,0,0,0,1,6,7,7,3,1,7,7,1,7,1,5,7,7,7,1
2273,1,2020,0,51,1,1,5,0,1,0,0,0,0,5,7,7,6,7,1,7,1,7,1,1,2,5,1,1,0
2274,1,2020,1,47,0,0,2,0,0,0,0,1,0,5,1,1,7,1,1,1,1,1,1,1,7,1,1,1,1
2275,1,2020,1,64,1,1,5,0,1,0,0,0,0,6,5,5,3,4,1,6,4,5,6,5,7,5,7,7,1
2276,1,2020,0,42,1,1,3,0,1,0,0,0,0,4,1,4,7,4,4,7,5,3,5,5,4,4,4,6,1
2277,1,2020,1,70,0,0,0,1,0,0,0,1,0,3,5,5,4,1,1,1,4,4,3,3,4,4,4,4,1
2278,1,2020,0,27,1,0,5,0,1,0,0,0,0,5,4,4,7,2,6,6,2,4,4,1,2,1,1,1,0
2279,1,2020,1,32,1,1,3,0,1,0,0,0,0,4,3,4,4,4,4,4,2,4,4,4,4,4,4,4,0
2280,1,2020,0,37,1,1,4,0,0,1,0,0,0,4,7,7,5,5,1,7,6,5,7,5,5,1,3,7,1
2281,1,2020,0,50,1,1,5,0,0,1,0,0,0,4,2,6,7,5,1,6,5,3,5,2,6,2,2,5,1
2282,1,2020,1,56,0,0,2,0,1,0,0,0,0,2,1,5,6,5,5,6,1,1,5,1,5,1,1,1,0
2283,1,2020,1,46,0,0,1,0,0,0,0,1,0,4,1,4,4,1,1,5,7,4,6,4,4,7,4,2,1
2284,1,2020,0,30,0,0,0,1,0,0,0,1,0,4,5,5,4,4,1,7,4,4,6,5,4,1,5,4,0
2285,1,2020,1,63,1,1,3,0,1,0,0,0,0,3,6,4,3,4,2,5,5,4,5,3,3,3,2,1,1
2286,1,2020,1,61,1,1,0,1,1,0,0,0,0,5,5,5,6,5,4,6,2,5,4,3,2,4,4,4,1
2287,1,2020,0,29,1,1,0,1,1,0,0,0,0,5,3,5,2,5,5,6,5,5,5,3,4,4,5,5,1
2288,1,2020,0,51,1,1,4,0,0,0,0,0,1,3,5,4,3,3,1,7,5,5,5,2,4,1,2,7,0
2289,1,2020,1,28,1,1,0,1,1,0,0,0,0,3,5,4,5,6,5,4,6,3,4,6,5,4,3,3,0
2290,1,2020,0,45,0,1,0,1,1,0,0,0,0,4,6,5,6,1,4,7,4,4,6,5,5,1,4,7,1
2291,1,2020,0,33,1,1,5,0,1,0,0,0,0,4,5,6,2,6,6,6,4,6,5,1,1,1,3,4,0
2292,1,2020,0,49,1,1,5,0,1,0,0,0,0,5,6,6,4,4,4,7,4,5,4,2,4,2,4,5,0
2293,1,2020,0,51,1,0,3,0,1,0,0,0,0,5,6,5,6,5,1,6,3,5,6,1,3,1,7,3,1
2294,1,2020,0,71,0,0,1,0,0,0,0,0,1,4,5,5,5,2,5,7,4,2,6,5,5,4,4,5,1
2295,1,2020,0,58,1,1,1,0,1,0,0,0,0,6,3,7,2,2,4,7,3,3,6,5,6,1,7,6,1
2296,1,2020,0,23,0,0,0,1,1,0,0,0,0,6,5,6,4,7,3,7,5,3,7,7,5,2,7,7,0
2297,1,2020,0,23,0,0,0,1,1,0,0,0,0,7,1,4,4,7,1,6,1,4,6,4,7,1,5,1,1
2298,1,2020,0,48,1,1,5,0,1,0,0,0,0,4,2,5,6,2,1,6,5,6,5,1,5,1,1,5,1
2299,1,2020,0,34,0,0,3,0,1,0,0,0,0,2,2,3,2,2,3,2,5,1,2,2,7,2,5,4,1
2300,1,2020,0,88,0,0,4,0,0,1,0,0,0,4,4,5,4,5,1,4,2,4,2,2,4,2,2,2,0
2301,1,2020,1,41,0,0,3,0,1,0,0,0,0,5,5,4,4,1,1,3,2,6,6,2,3,3,4,6,1
2302,1,2020,0,63,0,1,2,0,1,0,0,0,0,4,4,3,7,2,4,7,4,5,3,1,4,1,5,2,0
2303,1,2020,1,42,0,0,0,1,1,0,0,0,0,4,4,4,5,4,3,4,6,5,5,4,4,4,4,4,1
2304,1,2020,1,58,0,0,0,1,1,0,0,0,0,5,5,7,7,7,6,7,1,7,1,1,7,1,1,1,0
2305,1,2020,1,49,0,0,3,0,1,0,0,0,0,4,3,4,6,1,1,1,4,5,4,1,6,5,1,6,1
2306,1,2020,1,37,0,0,0,1,1,0,0,0,0,5,5,5,5,4,5,5,4,5,3,3,4,3,5,3,1
2307,1,2020,1,41,1,1,0,1,1,0,0,0,0,6,6,5,7,4,5,6,4,7,4,2,7,1,5,7,0
2308,1,2020,1,35,1,1,0,1,1,0,0,0,0,1,1,1,1,7,1,7,6,2,7,5,5,7,7,5,1
2309,1,2020,1,42,1,1,2,0,1,0,0,0,0,1,1,1,5,1,5,5,5,1,4,1,6,1,5,4,1
2310,1,2020,0,25,1,1,2,0,0,1,0,0,0,5,4,4,3,4,1,7,4,4,7,1,5,2,7,1,1
2311,1,2020,0,38,1,0,0,1,1,0,0,0,0,3,5,3,4,3,5,3,4,4,3,4,4,5,3,4,0
2312,1,2020,1,73,1,0,0,1,0,0,0,1,0,2,4,3,5,2,2,5,4,4,3,2,2,2,2,4,1
2313,1,2020,0,34,1,1,4,0,1,0,0,0,0,3,3,5,5,2,2,7,4,4,6,4,5,1,4,5,1
2314,1,2020,0,39,1,1,5,0,1,0,0,0,0,1,5,7,6,5,1,7,5,3,1,1,1,5,5,1,0
2315,1,2020,1,44,0,0,3,0,1,0,0,0,0,4,3,4,3,5,3,3,4,3,4,4,3,4,3,4,1
2316,1,2020,1,53,0,0,0,1,0,0,0,1,0,1,1,1,1,1,1,1,1,1,1,1,2,1,1,1,1
2317,1,2020,0,35,0,0,3,0,1,0,0,0,0,3,5,4,3,2,5,6,5,2,6,6,4,3,7,5,0
2318,1,2020,0,39,1,1,1,0,0,0,0,0,1,4,4,4,4,4,4,4,4,4,4,4,4,4,4,4,1
2319,1,2020,1,53,1,1,5,0,1,0,0,0,0,4,5,4,4,2,2,6,5,6,4,3,4,4,5,4,1
2320,1,2020,0,49,1,1,0,1,0,1,0,0,0,4,7,7,1,7,4,7,2,4,5,2,1,1,2,1,1
2321,1,2020,1,54,1,1,0,1,1,0,0,0,0,4,4,4,4,4,4,4,5,4,4,5,4,4,5,4,0
2322,1,2020,1,52,1,1,0,1,1,0,0,0,0,4,5,5,7,2,2,7,1,5,5,1,4,1,5,2,0
2323,1,2020,0,45,1,1,0,1,0,1,0,0,0,5,5,5,6,6,6,6,3,6,3,2,6,3,2,1,0
2324,1,2020,1,50,1,1,3,0,1,0,0,0,0,2,6,5,7,6,2,7,1,5,3,1,3,1,5,6,0
2325,1,2020,0,23,0,0,1,0,0,0,1,0,0,5,6,6,6,5,6,7,4,6,6,5,4,2,5,5,0
2326,1,2020,0,28,0,0,4,0,1,0,0,0,0,2,1,3,2,5,2,6,6,1,7,5,7,6,7,6,1
2327,1,2020,0,41,1,1,5,0,0,1,0,0,0,5,3,5,4,5,5,5,2,5,5,2,2,1,6,3,0
2328,1,2020,1,56,1,1,2,0,1,0,0,0,0,2,5,4,6,1,1,3,1,1,1,1,4,4,3,1,1
2329,1,2020,0,35,0,0,1,0,0,0,0,1,0,1,3,3,5,1,1,6,1,2,5,1,4,1,2,1,1
2330,1,2020,1,44,0,0,0,1,1,0,0,0,0,4,4,4,4,4,4,4,4,4,4,4,4,4,4,4,0
2331,1,2020,1,77,1,1,1,0,0,0,0,1,0,5,5,6,7,6,6,7,1,5,5,1,5,1,7,5,0
2332,1,2020,1,59,0,0,0,1,0,0,0,1,0,1,1,1,1,1,1,1,1,1,2,1,1,1,1,1,1
2333,1,2020,0,68,0,0,0,1,1,0,0,0,0,5,5,5,5,2,5,5,4,5,5,1,1,1,4,4,1
2334,1,2020,1,61,1,1,2,0,1,0,0,0,0,4,2,5,3,3,4,6,5,4,2,1,4,2,5,2,0
2335,1,2020,0,29,1,1,5,0,0,1,0,0,0,5,5,3,4,5,1,7,5,3,5,3,3,3,2,1,0
2336,1,2020,0,55,1,1,0,1,0,1,0,0,0,5,5,5,6,5,5,5,6,5,6,6,6,5,5,5,1
2337,1,2020,0,37,1,1,3,0,0,1,0,0,0,4,4,4,4,4,4,4,4,4,4,4,4,4,4,4,0
2338,1,2020,1,49,1,0,0,1,1,0,0,0,0,2,4,4,6,4,1,7,1,4,2,1,5,1,1,3,1
2339,1,2020,1,49,1,1,5,0,1,0,0,0,0,1,2,2,1,1,1,1,1,2,5,2,1,2,2,2,0
2340,1,2020,1,43,1,1,5,0,1,0,0,0,0,3,3,3,4,5,3,3,3,3,4,2,4,3,5,4,0
2341,1,2020,0,47,0,0,0,1,1,0,0,0,0,5,5,4,3,4,3,5,5,4,5,5,6,4,7,6,0
2342,1,2020,1,46,0,0,5,0,1,0,0,0,0,5,1,5,1,5,5,5,4,5,4,4,1,1,4,4,0
2343,1,2020,1,45,0,0,1,0,0,0,0,1,0,4,4,5,4,4,4,4,4,4,4,4,4,4,4,4,1
2344,1,2020,1,35,0,0,2,0,0,0,0,1,0,4,4,4,4,4,4,4,4,4,4,3,4,4,4,4,0
2345,1,2020,0,37,0,0,4,0,1,0,0,0,0,3,5,4,5,1,1,5,1,4,1,1,2,1,1,1,1
2346,1,2020,0,28,0,0,0,1,0,0,0,0,1,3,3,5,5,4,2,3,4,2,5,6,6,2,6,5,0
2347,1,2020,0,45,1,1,0,1,0,1,0,0,0,4,4,5,3,6,1,7,5,4,4,4,7,4,5,7,1
2348,1,2020,0,35,1,0,5,0,1,0,0,0,0,4,4,4,4,4,1,4,3,4,3,1,1,1,1,2,1
2349,1,2020,1,52,0,0,0,1,1,0,0,0,0,7,6,6,5,3,3,4,4,5,4,3,4,4,4,4,1
2350,1,2020,1,42,1,1,4,0,1,0,0,0,0,6,5,5,5,1,6,7,3,4,5,1,4,1,5,7,0
2351,1,2020,1,50,0,0,4,0,1,0,0,0,0,4,4,4,4,4,4,4,4,4,4,4,4,4,4,4,1
2352,1,2020,1,57,0,0,1,0,0,0,0,1,0,2,2,2,4,1,3,6,4,2,6,5,6,4,7,6,1
2353,1,2020,0,26,1,0,3,0,1,0,0,0,0,2,3,2,4,4,3,1,4,3,3,2,2,2,2,4,0
2354,1,2020,1,51,1,0,4,0,1,0,0,0,0,6,6,6,6,6,2,6,2,4,2,2,1,1,2,4,1
2355,1,2020,1,31,0,0,0,1,0,0,0,0,1,2,2,2,1,2,1,7,4,1,5,4,6,4,4,7,1
2356,1,2020,1,59,0,0,0,1,1,0,0,0,0,5,2,1,3,3,1,6,4,5,4,1,3,1,1,1,0
2357,1,2020,0,32,1,0,5,0,1,0,0,0,0,4,6,4,7,4,5,3,1,6,1,1,1,1,1,1,0
2358,1,2020,0,53,0,0,2,0,0,0,0,0,1,1,1,7,4,7,5,7,4,4,7,3,1,1,2,6,0
2359,1,2020,0,42,1,0,3,0,1,0,0,0,0,5,5,5,6,4,1,6,5,6,5,4,4,4,4,7,1
2360,1,2020,0,40,0,0,0,1,1,0,0,0,0,4,4,4,7,4,4,4,4,7,4,4,1,1,4,4,1
2361,1,2020,0,35,0,0,5,0,1,0,0,0,0,3,6,5,5,6,6,7,5,5,6,3,3,3,6,5,0
2362,1,2020,1,32,0,0,5,0,1,0,0,0,0,3,5,4,6,5,3,7,6,4,6,2,7,7,6,4,1
2363,1,2020,1,67,1,1,3,0,0,0,0,0,1,6,6,6,7,7,7,7,5,6,6,3,5,1,6,5,0
2364,1,2020,1,37,0,0,0,1,1,0,0,0,0,3,5,5,6,6,7,7,6,3,6,1,2,1,7,4,1
2365,1,2020,0,41,0,1,0,1,1,0,0,0,0,3,3,5,3,4,3,3,3,4,3,4,4,3,3,3,1
2366,1,2020,1,50,1,1,0,1,1,0,0,0,0,4,7,4,4,4,4,7,5,4,5,1,4,1,1,7,1
2367,1,2020,0,33,0,0,5,0,1,0,0,0,0,6,6,6,7,6,6,6,1,5,1,1,1,1,1,1,1
2368,1,2020,1,59,1,1,4,0,1,0,0,0,0,2,5,3,2,3,3,6,6,4,4,3,5,4,3,5,1
2369,1,2020,1,51,0,0,3,0,1,0,0,0,0,1,1,1,4,1,1,7,4,4,5,4,5,4,4,4,1
2370,1,2020,1,37,1,1,3,0,1,0,0,0,0,7,2,3,1,3,5,7,7,2,4,1,3,1,4,5,1
2371,1,2020,0,42,1,1,1,0,1,0,0,0,0,2,5,5,2,4,7,7,6,4,6,5,5,1,5,7,0
2372,1,2020,1,31,1,1,4,0,1,0,0,0,0,4,4,4,4,4,4,6,5,4,4,4,6,4,4,4,1
2373,1,2020,0,55,0,0,2,0,1,0,0,0,0,6,6,6,7,2,5,5,2,5,4,1,2,2,4,2,1
2374,1,2020,1,67,1,1,0,1,0,0,0,1,0,6,7,7,7,2,5,7,1,5,5,1,1,1,6,2,0
2375,1,2020,1,44,1,1,4,0,1,0,0,0,0,4,5,4,4,3,5,4,3,4,5,5,4,4,4,3,0
2376,1,2020,0,36,1,1,0,1,1,0,0,0,0,2,5,2,2,2,4,5,7,3,7,5,4,4,5,4,1
2377,1,2020,0,27,1,1,5,0,1,0,0,0,0,5,5,5,7,1,6,7,2,3,5,1,2,1,5,5,0
2378,1,2020,1,49,0,0,0,1,1,0,0,0,0,3,5,4,7,1,5,7,5,5,5,4,5,2,5,7,1
2379,1,2020,1,62,1,0,2,0,1,0,0,0,0,5,5,6,1,6,4,7,4,7,4,4,4,4,4,4,0
2380,1,2020,0,29,0,0,3,0,1,0,0,0,0,3,3,3,4,4,4,4,5,4,2,2,4,4,2,2,1
2381,1,2020,1,51,1,1,4,0,1,0,0,0,0,5,6,6,5,6,2,7,5,4,5,1,5,2,3,4,0
2382,1,2020,1,49,1,1,5,0,1,0,0,0,0,3,3,3,2,4,3,4,3,4,3,2,3,3,3,3,0
2383,1,2020,0,35,0,0,2,0,1,0,0,0,0,6,1,5,7,1,1,7,1,4,5,2,1,1,6,1,0
2384,1,2020,1,65,1,1,5,0,1,0,0,0,0,7,7,6,6,6,7,6,2,6,1,1,2,1,1,1,0
2385,1,2020,1,66,1,1,0,1,1,0,0,0,0,4,4,4,7,4,1,7,1,7,1,1,1,1,6,1,1
2386,1,2020,1,64,1,1,5,0,1,0,0,0,0,6,7,7,7,7,1,7,1,7,5,1,1,1,1,1,1
2387,1,2020,1,41,0,0,0,1,1,0,0,0,0,5,3,4,4,5,5,6,5,5,4,3,6,5,4,3,1
2388,1,2020,1,56,1,0,3,0,1,0,0,0,0,5,6,5,7,2,1,3,4,3,5,2,6,2,2,6,1
2389,1,2020,1,30,1,0,3,0,1,0,0,0,0,5,5,4,5,5,5,5,6,3,5,5,5,4,2,3,1
2390,1,2020,1,50,0,0,3,0,1,0,0,0,0,1,1,1,2,1,3,3,1,2,1,3,1,2,2,2,1
2391,1,2020,0,55,1,1,5,0,0,1,0,0,0,4,3,4,4,4,3,4,2,4,2,2,3,4,2,3,1
2392,1,2020,1,51,1,1,5,0,1,0,0,0,0,6,6,6,6,4,4,6,5,6,5,2,2,3,2,2,1
2393,1,2020,1,47,1,1,5,0,1,0,0,0,0,4,5,5,5,4,4,4,4,3,4,4,4,4,3,3,1
2394,1,2020,0,39,1,1,0,1,1,0,0,0,0,3,4,5,3,3,2,6,5,4,5,4,4,2,3,5,0
2395,1,2020,0,29,1,1,0,1,1,0,0,0,0,4,2,6,2,6,7,7,5,7,6,6,3,1,6,3,0
2396,1,2020,0,46,1,1,0,1,0,1,0,0,0,1,2,4,5,1,5,7,4,4,1,1,4,1,5,7,0
2397,1,2020,0,74,1,1,2,0,0,1,0,0,0,5,2,4,7,4,6,7,5,3,7,3,2,3,7,1,1
2398,1,2020,1,38,1,1,5,0,1,0,0,0,0,4,4,5,6,4,4,6,1,5,4,2,2,4,4,2,0
2399,1,2020,1,53,1,1,5,0,1,0,0,0,0,4,5,5,6,5,5,7,4,5,4,2,3,2,2,3,0
2400,1,2020,0,28,1,0,0,1,1,0,0,0,0,6,5,6,6,6,6,7,4,6,4,1,5,2,4,7,0
2401,1,2020,1,39,1,1,5,0,1,0,0,0,0,2,6,4,5,6,5,5,4,5,1,1,3,1,1,5,0
2402,1,2020,1,19,0,0,0,1,0,0,1,0,0,5,3,4,5,4,5,7,1,4,4,1,3,1,5,7,0
2403,1,2020,0,40,0,0,0,1,1,0,0,0,0,6,5,5,5,1,1,7,2,5,2,2,1,4,2,2,1
2404,1,2020,0,71,0,1,2,0,0,1,0,0,0,4,7,7,7,1,6,7,5,6,5,4,1,2,2,1,0
2405,1,2020,0,47,1,1,4,0,1,0,0,0,0,5,2,5,6,5,5,6,4,4,4,4,5,3,1,5,0
2406,1,2020,0,60,1,1,3,0,1,0,0,0,0,6,6,6,5,6,4,6,4,5,4,3,3,4,4,3,1
2407,1,2020,1,54,0,1,5,0,1,0,0,0,0,5,7,5,7,5,1,7,1,7,4,1,1,1,2,5,0
2408,1,2020,0,31,1,0,0,1,1,0,0,0,0,3,3,4,4,4,4,4,4,4,4,4,4,4,4,4,0
2409,1,2020,0,63,0,0,1,0,0,0,0,1,0,2,1,2,6,1,1,6,1,2,2,1,1,1,6,1,1
2410,1,2020,0,27,0,0,0,1,1,0,0,0,0,7,7,6,6,7,7,7,2,6,4,1,5,1,6,5,0
2411,1,2020,0,59,1,1,0,1,0,1,0,0,0,3,5,4,6,6,5,6,4,5,5,3,4,1,5,4,0
2412,1,2020,0,58,1,0,0,1,0,1,0,0,0,1,5,3,1,1,1,7,5,1,2,1,4,5,3,6,1
2413,1,2020,1,52,1,1,5,0,1,0,0,0,0,1,4,3,7,7,4,7,4,5,4,4,4,4,3,4,1
2414,1,2020,1,55,1,1,5,0,1,0,0,0,0,3,3,4,6,2,2,6,4,4,5,5,6,5,6,6,0
2415,1,2020,0,54,0,0,2,0,1,0,0,0,0,5,1,1,4,3,1,7,4,4,5,4,3,4,3,3,1
2416,1,2020,1,45,0,0,4,0,1,0,0,0,0,6,6,6,7,5,7,7,2,7,3,2,5,1,5,6,0
2417,1,2020,0,26,1,0,2,0,0,1,0,0,0,5,3,3,5,2,5,6,1,5,1,1,3,1,2,2,0
2418,1,2020,1,55,1,1,5,0,1,0,0,0,0,1,1,1,1,1,1,1,1,1,1,1,1,1,1,1,1
2419,1,2020,1,46,0,0,4,0,1,0,0,0,0,3,4,3,4,4,3,3,4,3,4,5,3,4,4,4,1
2420,1,2020,0,62,1,1,3,0,1,0,0,0,0,1,2,1,1,1,1,1,1,1,1,1,1,1,1,1,1
2421,1,2020,1,42,0,0,3,0,1,0,0,0,0,4,3,4,4,3,2,6,4,4,6,3,5,4,6,5,1
2422,1,2020,1,65,1,1,5,0,1,0,0,0,0,3,2,2,5,5,5,5,2,4,2,2,3,2,2,2,0
2423,1,2020,0,73,1,1,0,1,0,1,0,0,0,2,6,5,3,2,2,7,4,5,4,2,3,1,6,2,0
2424,1,2020,0,65,0,1,2,0,0,0,0,1,0,4,5,5,7,4,4,7,1,7,1,1,1,1,1,1,1
2425,1,2020,0,53,1,0,4,0,0,1,0,0,0,6,5,6,5,5,5,6,5,5,7,2,5,1,6,6,1
2426,1,2020,0,46,1,0,2,0,0,0,0,1,0,4,4,5,6,4,4,6,5,5,6,7,7,1,7,7,0
2427,1,2020,0,50,1,1,0,1,1,0,0,0,0,4,2,5,6,6,1,7,2,4,5,3,5,1,2,5,0
2428,1,2020,0,68,1,1,0,1,0,1,0,0,0,5,5,6,6,6,1,7,2,6,2,1,5,1,1,1,0
2429,1,2020,1,57,1,1,5,0,1,0,0,0,0,6,2,5,4,1,1,7,6,1,6,3,1,4,1,5,1
2430,1,2020,0,48,1,0,3,0,0,1,0,0,0,4,2,4,5,4,4,6,2,5,2,2,2,2,2,2,1
2431,1,2020,0,35,0,0,1,0,0,0,0,1,0,1,1,1,7,1,1,1,7,1,7,7,7,1,7,7,1
2432,1,2020,0,47,1,1,4,0,0,1,0,0,0,7,5,7,2,4,4,7,5,4,7,5,7,1,7,7,1
2433,1,2020,0,44,1,1,2,0,1,0,0,0,0,2,5,4,5,1,1,6,7,4,6,4,5,6,6,6,1
2434,1,2020,0,40,1,1,4,0,1,0,0,0,0,2,4,4,4,4,5,6,5,4,4,3,2,1,2,6,1
2435,1,2020,0,56,0,0,2,0,1,0,0,0,0,4,2,4,7,4,4,7,4,4,5,1,7,1,1,7,0
2436,1,2020,1,32,0,0,3,0,1,0,0,0,0,5,4,5,5,1,5,7,1,5,4,1,4,2,3,5,1
2437,1,2020,1,50,1,1,5,0,1,0,0,0,0,6,6,6,7,6,6,7,1,7,1,1,2,1,1,1,0
2438,1,2020,1,54,1,1,5,0,1,0,0,0,0,3,4,2,2,3,5,3,5,4,3,5,2,3,3,3,0
2439,1,2020,1,56,1,1,0,1,1,0,0,0,0,1,1,1,1,1,1,1,1,1,1,1,1,1,1,1,1
2440,1,2020,1,65,1,1,4,0,1,0,0,0,0,5,3,5,2,3,5,6,2,4,5,2,2,2,5,6,0
2441,1,2020,0,45,0,0,0,1,0,0,0,1,0,5,2,5,5,2,5,4,5,5,6,5,4,4,6,6,1
2442,1,2020,0,48,0,1,1,0,0,0,0,1,0,5,5,4,5,2,4,6,5,4,5,4,3,1,4,4,1
2443,1,2020,0,51,1,1,5,0,0,1,0,0,0,2,2,2,2,1,4,7,5,4,4,2,4,2,2,1,0
2444,1,2020,1,34,1,1,4,0,1,0,0,0,0,4,6,4,6,4,1,5,2,2,2,1,5,2,2,5,1
2445,1,2020,0,20,0,0,2,0,0,0,1,0,0,5,5,4,7,2,5,6,1,7,5,1,7,1,4,4,0
2446,1,2020,1,53,1,1,5,0,1,0,0,0,0,6,6,6,4,6,6,4,2,4,2,2,2,2,3,2,0
2447,1,2020,1,49,1,1,0,1,1,0,0,0,0,5,6,6,6,6,4,7,2,6,4,2,5,3,4,5,0
2448,1,2020,1,69,1,1,3,0,1,0,0,0,0,4,3,3,3,3,3,4,3,4,2,3,4,3,3,4,1
2449,1,2020,0,66,1,1,2,0,0,1,0,0,0,3,3,5,5,3,2,7,5,5,6,6,4,4,3,1,0
2450,1,2020,0,50,1,0,0,1,1,0,0,0,0,4,6,4,6,5,1,6,6,5,6,5,2,4,6,7,1
2451,1,2020,1,43,0,0,0,1,1,0,0,0,0,5,5,7,5,5,5,5,2,7,5,3,4,3,3,3,0
2452,1,2020,1,71,1,1,4,0,1,0,0,0,0,4,4,4,2,4,1,7,4,5,6,2,3,4,3,7,1
2453,1,2020,0,27,0,0,0,1,1,0,0,0,0,6,2,6,5,2,5,7,5,4,5,1,2,4,4,5,0
2454,1,2020,0,63,1,0,3,0,0,1,0,0,0,4,4,3,4,4,4,3,4,4,4,4,4,4,5,4,1
2455,1,2020,1,65,1,1,5,0,1,0,0,0,0,6,1,6,6,3,1,7,4,4,3,1,4,3,1,1,1
2456,1,2020,1,62,1,1,3,0,1,0,0,0,0,1,1,2,2,2,2,2,2,1,1,1,1,1,1,1,1
2457,1,2020,0,27,0,0,0,1,1,0,0,0,0,5,4,5,2,5,3,6,3,4,6,4,2,4,3,4,1
2458,1,2020,1,54,0,1,4,0,1,0,0,0,0,5,5,3,7,5,2,7,2,6,5,1,2,1,1,1,0
2459,1,2020,0,44,1,1,0,1,1,0,0,0,0,7,5,6,7,1,1,6,1,6,1,1,7,1,1,4,0
2460,1,2020,0,57,0,0,0,1,0,0,0,0,1,6,6,6,7,2,1,2,2,2,2,1,6,4,7,7,1
2461,1,2020,1,46,1,1,5,0,1,0,0,0,0,3,4,4,4,4,4,4,4,4,4,4,4,4,4,4,0
2462,1,2020,1,57,0,1,4,0,1,0,0,0,0,6,6,5,7,5,1,7,1,4,3,1,5,1,3,5,1
2463,1,2020,0,27,0,0,5,0,1,0,0,0,0,1,1,4,1,6,6,6,5,1,6,4,6,4,6,4,1
2464,1,2020,0,38,1,1,5,0,0,1,0,0,0,4,5,5,5,3,3,6,5,4,5,2,2,1,2,4,0
2465,1,2020,1,50,1,0,3,0,1,0,0,0,0,5,6,4,5,3,2,5,3,5,5,1,4,4,4,5,1
2466,1,2020,0,23,0,0,0,1,1,0,0,0,0,3,3,3,2,2,3,3,2,2,2,2,2,2,3,2,1
2467,1,2020,1,67,1,1,2,0,0,0,0,1,0,3,5,5,5,5,5,5,3,4,4,5,3,3,5,2,1
2468,1,2020,0,59,1,1,0,1,1,0,0,0,0,1,5,2,2,2,2,7,2,2,3,1,6,1,1,7,0
2469,1,2020,0,54,1,1,5,0,1,0,0,0,0,4,4,3,4,5,4,4,4,4,3,3,3,4,3,3,0
2470,1,2020,0,29,0,0,3,0,1,0,0,0,0,2,2,7,7,2,6,7,2,2,5,7,2,2,2,2,1
2471,1,2020,0,76,0,1,0,1,0,0,0,1,0,7,7,7,5,6,4,7,1,7,5,1,2,2,1,1,1
2472,1,2020,1,39,0,0,5,0,1,0,0,0,0,6,3,6,7,3,1,7,5,7,5,1,1,1,1,1,0
2473,1,2020,0,31,0,0,2,0,1,0,0,0,0,5,5,6,6,2,5,6,1,6,2,1,1,1,1,1,0
2474,1,2020,1,52,0,0,0,1,0,0,0,1,0,5,2,3,6,2,2,7,4,1,3,2,5,6,4,1,1
2475,1,2020,1,48,0,0,2,0,1,0,0,0,0,1,4,4,4,1,1,1,1,4,4,4,1,1,7,7,1
2476,1,2020,0,51,1,1,0,1,0,1,0,0,0,5,5,5,5,5,4,5,5,5,5,4,5,5,5,5,1
2477,1,2020,0,36,0,0,3,0,1,0,0,0,0,5,5,5,7,7,1,7,1,1,1,1,1,1,5,1,0
2478,1,2020,1,49,1,1,3,0,1,0,0,0,0,4,5,3,5,4,4,4,3,3,4,3,5,4,2,5,1
2479,1,2020,1,20,0,0,4,0,0,0,0,1,0,7,7,7,1,4,1,4,1,1,1,1,4,5,1,1,1
2480,1,2020,1,44,0,0,4,0,1,0,0,0,0,5,5,4,6,3,5,5,1,5,2,1,2,4,1,1,1
2481,1,2020,0,44,0,0,2,0,1,0,0,0,0,5,5,5,2,4,3,6,1,5,3,2,5,1,5,5,0
2482,1,2020,1,27,0,0,0,1,1,0,0,0,0,6,6,2,5,1,1,1,1,6,1,1,1,1,1,1,1
2483,1,2020,0,43,1,1,4,0,1,0,0,0,0,1,2,4,7,1,1,7,5,4,5,3,5,5,4,7,1
2484,1,2020,0,33,1,0,0,1,1,0,0,0,0,4,4,4,4,4,2,4,4,3,4,4,4,4,4,4,1
2485,1,2020,0,58,1,1,0,1,1,0,0,0,0,4,1,2,7,6,1,7,2,5,1,2,1,2,7,1,0
2486,1,2020,0,60,1,1,5,0,1,0,0,0,0,6,6,5,5,3,6,7,1,6,2,1,2,1,1,4,0
2487,1,2020,0,30,0,0,0,1,1,0,0,0,0,1,1,1,1,1,1,7,1,1,3,1,1,1,1,1,1
2488,1,2020,0,28,1,0,0,1,0,1,0,0,0,2,5,4,2,2,1,4,2,4,2,2,2,2,4,1,1
2489,1,2020,0,67,1,1,3,0,0,1,0,0,0,4,7,7,7,3,5,7,1,1,1,1,1,1,1,1,0
2490,1,2020,1,54,0,0,2,0,0,0,0,1,0,7,6,5,7,6,6,6,1,6,7,2,3,1,2,5,1
2491,1,2020,1,54,0,0,0,1,0,0,0,1,0,1,1,1,1,1,1,4,7,1,7,4,1,1,7,1,1
2492,1,2020,1,47,1,1,5,0,1,0,0,0,0,5,7,5,2,5,5,5,1,4,1,1,4,1,1,1,0
2493,1,2020,1,26,0,0,2,0,1,0,0,0,0,3,4,3,3,3,3,3,4,3,3,3,3,3,3,3,1
2494,1,2020,1,40,1,1,2,0,1,0,0,0,0,3,2,3,4,3,3,4,3,3,4,3,3,4,4,3,1
2495,1,2020,0,53,1,1,0,1,1,0,0,0,0,7,7,4,7,6,2,7,1,7,6,1,7,1,1,1,0
2496,1,2020,0,50,0,0,0,1,1,0,0,0,0,4,4,4,4,4,4,4,4,4,4,4,4,4,4,4,1
2497,1,2020,0,39,1,1,4,0,1,0,0,0,0,4,5,5,5,3,3,6,3,5,5,3,5,3,3,3,1
2498,1,2020,1,44,0,0,5,0,1,0,0,0,0,3,4,4,3,3,4,4,3,4,4,3,3,3,3,3,0
2499,1,2020,0,38,1,1,3,0,1,0,0,0,0,4,5,4,5,4,4,4,5,4,6,6,4,4,5,6,1
2500,1,2020,1,60,0,0,1,0,1,0,0,0,0,4,4,4,6,3,3,6,1,4,5,3,3,1,3,2,1
2501,1,2020,1,67,1,1,5,0,0,0,0,1,0,4,7,5,6,3,6,7,1,5,5,1,7,1,2,1,0
2502,1,2020,1,66,1,1,4,0,1,0,0,0,0,3,6,6,7,1,4,7,2,6,3,1,3,1,3,5,0
2503,1,2020,1,55,1,1,0,1,1,0,0,0,0,4,1,5,5,2,1,7,1,4,2,1,4,1,1,1,1
2504,1,2020,1,58,1,0,0,1,0,0,0,1,0,3,2,7,7,6,2,6,2,6,6,4,6,5,2,2,1
2505,1,2020,1,68,0,0,2,0,1,0,0,0,0,5,5,1,7,1,1,2,1,4,1,1,1,1,1,1,1
2506,1,2020,1,51,1,0,5,0,1,0,0,0,0,1,1,1,1,1,1,1,1,1,1,1,1,1,1,2,1
2507,1,2020,0,47,1,0,0,1,0,1,0,0,0,1,1,2,1,1,4,7,7,1,4,2,7,7,6,1,1
2508,1,2020,1,50,1,1,4,0,1,0,0,0,0,3,3,3,4,5,3,5,5,3,5,3,4,4,5,5,1
2509,1,2020,1,61,1,1,3,0,1,0,0,0,0,3,6,4,6,2,6,6,1,5,5,1,2,1,1,5,0
2510,1,2020,1,46,1,0,4,0,1,0,0,0,0,3,6,5,7,1,3,6,1,4,5,3,2,2,3,6,1
2511,1,2020,1,53,1,0,4,0,0,1,0,0,0,6,6,7,7,5,5,7,5,7,4,2,5,1,5,4,0
2512,1,2020,0,43,1,0,0,1,0,1,0,0,0,7,7,7,7,7,7,7,1,7,1,1,5,5,5,1,0
2513,1,2020,1,72,1,1,2,0,1,0,0,0,0,6,5,5,6,4,2,5,2,5,2,2,2,2,2,2,0
2514,1,2020,1,53,1,1,1,0,1,0,0,0,0,7,7,1,1,1,1,7,7,4,4,4,7,1,4,2,1
2515,1,2020,0,35,0,0,0,1,1,0,0,0,0,5,2,1,5,5,1,7,5,3,5,4,3,5,2,6,1
2516,1,2020,1,52,1,0,3,0,1,0,0,0,0,6,5,5,1,4,4,6,4,6,4,3,6,4,5,5,0
2517,1,2020,1,48,0,0,0,1,1,0,0,0,0,5,4,4,5,4,1,6,5,2,5,1,4,1,1,6,1
2518,1,2020,1,33,1,1,4,0,1,0,0,0,0,4,5,5,6,5,3,4,5,5,2,2,3,4,5,4,1
2519,1,2020,1,44,1,0,5,0,1,0,0,0,0,4,7,5,7,7,5,7,2,7,4,2,1,4,1,1,0
2520,1,2020,1,32,0,0,0,1,1,0,0,0,0,3,3,1,6,3,2,4,4,2,4,4,4,4,4,5,1
2521,1,2020,0,49,0,0,0,1,1,0,0,0,0,5,6,5,7,3,2,7,5,4,5,5,6,5,5,4,1
2522,1,2020,1,29,1,1,2,0,1,0,0,0,0,5,5,5,6,3,6,6,1,6,5,1,3,2,5,3,0
2523,1,2020,1,59,1,1,3,0,1,0,0,0,0,6,5,6,6,3,2,6,2,3,5,4,2,1,2,1,1
2524,1,2020,1,62,0,1,2,0,1,0,0,0,0,5,5,5,6,3,3,5,4,4,4,3,4,4,3,2,1
2525,1,2020,0,28,1,0,2,0,0,1,0,0,0,5,5,6,4,4,5,7,3,3,6,5,1,1,6,3,1
2526,1,2020,1,59,1,1,0,1,1,0,0,0,0,3,7,6,7,3,3,7,2,5,3,2,4,1,2,6,0
2527,1,2020,1,47,0,0,3,0,1,0,0,0,0,5,2,5,6,4,1,7,1,4,1,1,4,1,1,4,0
2528,1,2020,0,50,0,0,0,1,1,0,0,0,0,6,2,7,7,7,1,7,1,7,1,1,2,1,7,6,1
2529,1,2020,1,77,1,1,2,0,0,0,0,1,0,3,5,5,7,1,2,7,6,5,5,1,1,2,1,1,1
2530,1,2020,0,43,1,1,2,0,0,1,0,0,0,4,3,5,5,4,4,5,4,3,2,1,3,5,5,2,1
2531,1,2020,0,43,1,1,0,1,1,0,0,0,0,3,5,5,5,5,3,4,3,3,3,3,2,3,3,3,1
2532,1,2020,0,45,1,1,3,0,0,1,0,0,0,4,4,5,3,1,5,7,7,4,4,4,5,1,4,4,1
2533,1,2020,1,57,0,0,1,0,0,0,0,1,0,4,4,4,4,4,5,5,5,4,4,4,5,5,4,5,0
2534,1,2020,0,57,1,1,0,1,0,1,0,0,0,1,7,6,6,6,1,6,6,2,3,1,7,1,5,6,1
2535,1,2020,0,74,0,1,0,1,0,0,0,1,0,6,7,7,7,4,5,7,2,5,5,1,1,1,1,1,0
2536,1,2020,0,26,0,0,5,0,1,0,0,0,0,4,4,4,4,4,4,4,4,4,4,4,4,4,4,3,0
2537,1,2020,1,60,1,1,0,1,1,0,0,0,0,4,4,4,4,3,4,4,3,4,3,3,4,4,3,3,1
2538,1,2020,0,64,1,1,3,0,1,0,0,0,0,6,6,6,5,1,1,6,5,4,5,5,5,2,6,6,0
2539,1,2020,0,42,1,1,5,0,0,1,0,0,0,5,5,6,5,7,6,7,1,5,5,1,1,1,1,1,0
2540,1,2020,1,32,1,1,0,1,1,0,0,0,0,6,6,6,6,4,4,6,7,3,4,6,7,4,2,6,1
2541,1,2020,0,32,0,0,1,0,1,0,0,0,0,3,2,5,5,2,2,5,4,4,5,4,5,4,7,5,1
2542,1,2020,1,53,1,1,4,0,1,0,0,0,0,5,5,5,4,4,4,5,3,5,3,3,6,3,3,3,1
2543,1,2020,1,42,1,1,3,0,1,0,0,0,0,2,3,4,2,3,5,3,2,4,3,4,3,4,4,4,1
2544,1,2020,1,36,0,0,0,1,1,0,0,0,0,6,5,5,5,2,6,7,5,1,6,5,7,4,6,7,0
2545,1,2020,0,33,1,0,2,0,1,0,0,0,0,3,5,5,5,5,2,5,4,4,4,3,4,3,3,3,1
2546,1,2020,0,47,1,1,3,0,1,0,0,0,0,4,3,6,6,2,1,7,2,5,5,4,5,1,7,5,1
2547,1,2020,0,61,1,1,0,1,1,0,0,0,0,4,2,6,6,5,7,7,2,5,2,2,2,1,2,6,0
2548,1,2020,1,46,1,1,4,0,1,0,0,0,0,2,5,3,3,3,1,7,5,3,5,5,6,4,5,5,1
2549,1,2020,1,52,1,1,3,0,1,0,0,0,0,5,7,5,7,4,2,6,1,4,3,2,1,1,1,5,0
2550,1,2020,0,30,1,0,5,0,1,0,0,0,0,4,5,5,5,5,5,7,3,6,4,1,4,2,2,3,0
2551,1,2020,1,59,0,0,2,0,1,0,0,0,0,1,3,5,1,1,1,3,1,2,5,2,7,1,4,6,1
2552,1,2020,0,61,1,1,2,0,0,1,0,0,0,3,5,5,1,3,1,7,4,4,5,2,1,3,5,1,1
2553,1,2020,1,45,0,0,0,1,1,0,0,0,0,4,5,5,5,2,4,5,3,4,3,3,4,3,3,3,1
2554,1,2020,1,75,1,1,0,1,0,0,0,1,0,3,7,6,6,1,5,6,1,7,6,1,4,1,2,1,0
2555,1,2020,0,39,1,1,4,0,0,1,0,0,0,5,5,5,6,2,2,7,6,2,6,2,5,3,6,7,0
2556,1,2020,0,38,1,0,3,0,1,0,0,0,0,3,7,5,5,7,7,6,5,4,6,5,6,1,6,4,1
2557,1,2020,1,55,1,1,0,1,1,0,0,0,0,5,5,5,4,5,5,4,5,4,5,5,4,5,5,5,1
2558,1,2020,0,55,1,1,2,0,0,1,0,0,0,5,7,7,7,3,5,7,2,7,1,1,6,3,4,4,1
2559,1,2020,1,33,1,1,3,0,1,0,0,0,0,1,1,6,2,1,1,7,1,6,1,1,3,1,5,1,1
2560,1,2020,0,47,1,1,0,1,1,0,0,0,0,5,7,7,7,6,2,7,2,4,5,1,3,1,4,7,0
2561,1,2020,0,71,1,1,2,0,0,0,0,1,0,5,6,5,6,1,6,7,1,6,3,4,4,1,5,4,0
2562,1,2020,1,54,1,1,3,0,1,0,0,0,0,3,2,3,2,3,3,2,1,3,2,1,3,2,2,5,1
2563,1,2020,0,42,1,0,4,0,1,0,0,0,0,5,2,3,7,2,1,7,1,6,5,1,2,3,6,1,1
2564,1,2020,0,43,1,0,4,0,0,1,0,0,0,2,2,7,5,1,1,7,5,5,3,2,2,1,5,5,1
2565,1,2020,1,28,1,1,4,0,1,0,0,0,0,5,5,5,5,4,4,4,4,5,2,4,5,4,3,5,0
2566,1,2020,0,69,1,1,0,1,0,1,0,0,0,3,4,5,5,5,4,5,3,5,3,2,4,1,5,5,1
2567,1,2020,1,30,0,0,0,1,1,0,0,0,0,5,5,5,4,3,3,7,1,4,3,1,2,1,1,6,0
2568,1,2020,1,56,0,0,4,0,1,0,0,0,0,3,4,2,4,1,1,2,6,1,2,1,3,2,1,1,1
2569,1,2020,1,55,0,1,3,0,0,0,0,0,1,4,4,4,5,3,4,5,4,4,5,2,4,3,2,5,1
2570,1,2020,0,54,1,1,4,0,1,0,0,0,0,3,6,6,6,3,3,5,2,5,5,2,5,2,6,5,0
2571,1,2020,1,52,1,0,4,0,1,0,0,0,0,3,4,5,7,3,1,7,1,3,1,1,4,1,1,4,1
2572,1,2020,1,72,1,1,0,1,1,0,0,0,0,4,6,7,5,4,4,5,1,5,1,1,4,1,1,1,1
2573,1,2020,0,22,0,0,0,1,0,0,1,0,0,5,4,3,3,1,4,5,3,3,3,2,4,4,4,3,1
2574,1,2020,0,26,1,0,4,0,1,0,0,0,0,5,6,5,5,1,1,7,5,5,6,1,1,1,3,5,0
2575,1,2020,0,56,0,0,1,0,1,0,0,0,0,6,5,7,6,5,3,7,5,5,5,1,5,4,4,5,0
2576,1,2020,0,63,1,1,2,0,1,0,0,0,0,4,5,5,6,2,1,7,2,4,5,5,2,1,5,5,1
2577,1,2020,0,34,0,0,3,0,1,0,0,0,0,1,4,3,1,1,1,6,4,2,4,1,2,1,5,1,1
2578,1,2020,0,46,1,0,0,1,0,1,0,0,0,4,4,4,4,2,2,7,4,3,6,4,5,2,6,6,1
2579,1,2020,1,28,0,0,3,0,1,0,0,0,0,5,6,5,5,2,5,4,3,5,5,5,6,1,5,3,1
2580,1,2020,0,38,1,0,5,0,1,0,0,0,0,2,2,2,2,4,4,1,2,2,2,2,2,2,3,1,1
2581,1,2020,1,43,0,0,3,0,1,0,0,0,0,5,1,4,7,2,5,7,1,4,5,1,1,1,1,5,1
2582,1,2020,1,51,1,1,4,0,1,0,0,0,0,3,5,5,5,5,1,7,5,5,5,1,5,2,2,6,0
2583,1,2020,0,52,1,1,5,0,0,1,0,0,0,5,5,5,5,5,5,7,1,4,5,1,5,1,5,6,1
2584,1,2020,1,42,1,0,0,1,1,0,0,0,0,4,5,5,5,3,1,7,5,4,4,2,4,1,3,5,1
2585,1,2020,1,46,1,1,5,0,1,0,0,0,0,4,3,4,3,4,4,4,4,3,4,4,4,4,4,4,1
2586,1,2020,0,55,0,0,0,1,0,0,0,1,0,4,4,2,4,4,4,4,4,4,4,4,4,4,4,4,1
2587,1,2020,1,44,0,1,4,0,1,0,0,0,0,4,4,4,4,4,4,4,4,3,4,4,4,4,4,4,0
2588,1,2020,1,59,1,1,3,0,0,0,0,1,0,5,6,6,6,5,6,6,3,5,4,1,4,4,2,1,0
2589,1,2020,1,53,0,0,1,0,0,0,0,1,0,2,2,3,4,2,4,2,1,5,1,1,1,1,3,3,1
2590,1,2020,1,54,1,1,5,0,1,0,0,0,0,1,1,1,1,1,1,1,1,1,1,1,1,1,1,1,1
2591,1,2020,1,65,0,0,0,1,0,0,0,1,0,3,1,4,2,1,1,5,1,2,4,2,3,1,2,2,1
2592,1,2020,0,32,0,0,4,0,1,0,0,0,0,7,7,7,5,5,6,5,5,5,5,4,4,2,5,5,0
2593,1,2020,1,55,1,1,2,0,1,0,0,0,0,4,6,4,6,1,1,7,1,6,1,1,6,1,1,5,1
2594,1,2020,1,66,1,1,5,0,1,0,0,0,0,4,2,4,4,4,4,4,4,4,4,4,4,4,4,4,0
2595,1,2020,1,48,0,0,3,0,1,0,0,0,0,4,4,4,6,1,1,5,1,1,6,4,1,1,4,3,0
2596,1,2020,0,50,1,1,0,1,1,0,0,0,0,4,2,6,4,6,6,7,5,3,5,1,4,1,4,4,1
2597,1,2020,1,35,1,1,4,0,1,0,0,0,0,2,5,1,6,1,1,5,1,2,5,1,4,7,1,4,1
2598,1,2020,0,59,1,1,1,0,1,0,0,0,0,2,4,4,6,2,5,5,2,4,2,3,4,2,5,2,0
2599,1,2020,0,57,0,1,2,0,1,0,0,0,0,3,6,6,7,5,5,7,3,4,6,3,4,4,6,3,1
2600,1,2020,0,43,1,1,0,1,0,1,0,0,0,5,5,5,7,5,5,7,4,7,7,6,7,1,6,6,1
2601,1,2020,0,55,1,1,0,1,0,0,0,0,1,6,5,5,6,6,2,6,1,4,5,1,2,1,5,1,0
2602,1,2020,0,50,1,1,2,0,0,0,0,1,0,2,2,2,5,4,2,4,2,4,2,2,2,2,5,2,1
2603,1,2020,1,46,0,0,5,0,1,0,0,0,0,6,2,6,7,7,2,6,2,4,2,1,2,1,1,1,1
2604,1,2020,0,38,0,0,5,0,1,0,0,0,0,4,5,5,4,4,5,7,5,4,6,5,2,2,2,2,0
2605,1,2020,0,48,1,1,5,0,1,0,0,0,0,4,4,4,5,7,5,5,4,4,5,1,4,4,2,2,1
2606,1,2020,1,45,1,1,3,0,1,0,0,0,0,6,7,7,7,6,6,7,5,6,6,3,7,1,7,6,0
2607,1,2020,0,60,1,1,3,0,0,1,0,0,0,7,7,7,7,1,6,6,1,7,1,1,2,1,1,2,1
2608,1,2020,1,65,1,1,5,0,1,0,0,0,0,5,6,6,6,5,5,6,2,6,4,4,1,1,2,1,0
2609,1,2020,1,41,0,0,4,0,1,0,0,0,0,6,7,6,5,1,1,7,1,3,5,1,5,1,6,4,1
2610,1,2020,1,73,1,1,4,0,1,0,0,0,0,4,4,4,4,4,4,2,4,4,4,4,4,4,4,4,1
2611,1,2020,1,65,1,1,1,0,0,0,0,1,0,4,5,5,6,1,3,5,5,3,5,4,4,1,7,4,1
2612,1,2020,0,50,1,1,0,1,1,0,0,0,0,5,3,4,5,7,7,6,3,4,6,3,5,2,4,5,0
2613,1,2020,0,25,1,0,0,1,0,1,0,0,0,5,2,5,2,7,1,5,6,6,3,1,6,5,3,1,1
2614,1,2020,0,63,1,1,5,0,1,0,0,0,0,5,4,6,5,3,5,5,1,5,1,1,6,3,4,5,0
2615,1,2020,1,25,0,0,5,0,1,0,0,0,0,3,4,3,3,3,4,3,3,3,4,3,3,4,4,3,0
2616,1,2020,0,72,1,1,0,1,0,1,0,0,0,5,5,4,4,4,4,4,4,4,5,4,5,4,4,4,0
2617,1,2020,1,50,1,1,0,1,1,0,0,0,0,4,2,2,6,2,5,5,5,1,5,1,7,1,5,7,0
2618,1,2020,1,59,0,1,5,0,1,0,0,0,0,2,5,5,6,2,2,6,1,2,2,2,4,1,1,5,1
2619,1,2020,0,61,1,1,2,0,0,0,0,0,1,6,4,5,6,6,6,7,1,7,5,5,4,1,5,6,0
2620,1,2020,1,65,1,1,2,0,0,0,0,1,0,5,5,5,7,5,5,6,6,5,5,3,5,1,3,2,1
2621,1,2020,0,38,0,0,2,0,1,0,0,0,0,5,4,4,5,2,6,7,1,4,1,1,4,1,1,1,0
2622,1,2020,1,59,0,0,0,1,0,0,0,1,0,1,1,1,5,1,1,2,4,1,3,1,5,4,5,5,1
2623,1,2020,1,22,0,0,4,0,0,0,1,0,0,6,5,5,5,6,7,7,5,5,7,7,7,2,5,5,0
2624,1,2020,1,50,1,1,2,0,1,0,0,0,0,2,2,3,3,3,3,2,2,2,3,3,2,3,2,2,1
2625,1,2020,1,44,1,1,0,1,0,0,0,0,1,3,3,3,3,3,3,4,3,3,3,3,3,4,4,3,1
2626,1,2020,1,29,0,0,3,0,1,0,0,0,0,3,4,4,1,4,4,6,1,2,1,1,2,1,2,5,0
2627,1,2020,0,55,0,0,1,0,1,0,0,0,0,4,1,3,5,5,2,6,7,2,5,2,6,3,7,7,1
2628,1,2020,0,23,0,0,3,0,1,0,0,0,0,5,2,1,1,2,2,6,3,3,5,2,6,1,2,5,0
2629,1,2020,1,40,1,1,3,0,1,0,0,0,0,5,5,5,5,5,5,5,5,5,5,5,5,5,5,4,0
2630,1,2020,0,62,1,1,0,1,0,1,0,0,0,4,5,5,4,4,5,5,4,5,4,5,5,5,4,4,0
2631,1,2020,1,58,0,0,0,1,0,0,0,1,0,4,7,5,7,1,6,7,2,4,6,1,1,1,2,1,0
2632,1,2020,0,29,1,1,4,0,0,1,0,0,0,1,2,4,5,1,5,7,5,4,7,5,5,1,7,4,1
2633,1,2020,1,30,0,0,5,0,1,0,0,0,0,6,6,4,2,1,2,3,1,1,2,1,2,1,1,2,0
2634,1,2020,1,55,1,0,2,0,1,0,0,0,0,2,2,2,2,2,2,2,2,2,2,2,2,2,2,2,1
2635,1,2020,1,52,1,1,5,0,1,0,0,0,0,5,5,5,5,3,1,7,5,5,3,1,6,2,5,5,1
2636,1,2020,0,46,0,0,0,1,1,0,0,0,0,6,5,5,3,4,4,7,4,3,6,6,4,1,2,4,1
2637,1,2020,1,43,0,0,4,0,1,0,0,0,0,6,4,4,6,4,4,5,4,3,4,4,4,6,4,3,1
2638,1,2020,1,69,1,1,3,0,0,0,0,1,0,5,6,5,5,2,2,5,1,4,2,1,4,2,3,1,1
2639,1,2020,0,56,1,1,4,0,1,0,0,0,0,7,7,5,5,7,7,7,1,5,5,1,7,1,7,7,0
2640,1,2020,0,48,0,0,3,0,1,0,0,0,0,5,5,6,5,4,4,6,5,4,5,4,5,4,4,6,0
2641,1,2020,1,68,1,1,1,0,0,0,0,1,0,1,6,2,7,3,7,7,3,2,5,4,4,4,7,3,1
2642,1,2020,1,55,1,1,5,0,1,0,0,0,0,5,3,3,7,3,7,2,3,3,3,7,3,3,5,6,1
2643,1,2020,0,18,0,1,0,1,0,1,0,0,0,4,5,5,5,5,1,7,5,4,5,1,3,1,4,1,0
2644,1,2020,0,38,1,1,0,1,1,0,0,0,0,2,2,2,6,1,1,5,4,4,4,1,2,5,2,1,1
2645,1,2020,1,47,1,1,5,0,1,0,0,0,0,1,1,1,7,6,1,7,1,1,1,1,1,7,1,7,1
2646,1,2020,0,40,0,0,1,0,0,1,0,0,0,6,7,4,5,7,2,6,2,7,7,4,7,1,3,7,1
2647,1,2020,0,41,0,0,0,1,1,0,0,0,0,5,6,4,2,3,5,7,5,2,5,4,7,4,5,7,1
2648,1,2020,1,48,0,0,3,0,1,0,0,0,0,4,4,4,4,4,4,4,4,4,4,4,4,4,4,4,1
2649,1,2020,1,29,1,0,3,0,1,0,0,0,0,5,5,5,6,3,7,7,3,7,1,1,4,1,5,4,0
2650,1,2020,0,41,1,0,4,0,1,0,0,0,0,4,4,7,7,1,1,7,1,7,5,4,5,2,7,5,0
2651,1,2020,0,33,1,1,4,0,1,0,0,0,0,6,5,6,6,1,5,7,5,5,5,1,2,1,3,4,1
2652,1,2020,0,41,1,1,3,0,1,0,0,0,0,6,5,5,3,4,1,7,5,4,6,3,3,1,3,6,1
2653,1,2020,1,60,1,0,0,1,1,0,0,0,0,2,5,4,4,1,1,6,2,5,2,1,1,2,1,1,1
2654,1,2020,1,69,1,0,5,0,1,0,0,0,0,2,4,3,6,4,2,5,4,4,4,1,4,2,5,4,1
2655,1,2020,1,53,1,1,2,0,1,0,0,0,0,4,4,4,4,5,5,4,5,4,4,4,4,4,4,4,0
2656,1,2020,1,51,1,1,5,0,1,0,0,0,0,4,4,4,4,5,5,4,2,4,3,4,3,3,4,3,1
2657,1,2020,0,46,1,0,5,0,0,1,0,0,0,4,4,3,4,4,5,3,4,5,4,3,4,5,5,3,1
2658,1,2020,0,29,0,0,4,0,1,0,0,0,0,6,5,5,5,2,4,4,2,3,4,1,4,1,6,4,1
2659,1,2020,1,42,1,1,4,0,1,0,0,0,0,5,5,5,6,4,1,6,5,4,5,2,5,1,5,2,1
1,2,2021,1,54,1,1,4,0,1,0,0,0,0,1,1,1,1,1,1,1,1,1,1,1,1,2,1,3,1
2,2,2021,0,68,1,1,5,0,0,1,0,0,0,5,5,6,7,7,1,7,1,5,4,1,1,1,1,1,0
3,2,2021,1,49,0,0,3,0,1,0,0,0,0,5,3,3,6,1,1,6,1,4,1,1,1,1,1,1,1
4,2,2021,1,63,1,1,5,0,1,0,0,0,0,4,6,5,6,1,1,6,2,5,2,2,2,2,2,2,0
5,2,2021,1,60,1,1,5,0,1,0,0,0,0,4,2,4,5,4,1,4,3,5,3,2,3,3,2,2,1
6,2,2021,1,59,0,1,3,0,1,0,0,0,0,4,4,4,7,1,1,7,4,7,1,1,4,4,1,1,1
7,2,2021,1,67,1,1,2,0,1,0,0,0,0,6,7,7,6,1,1,7,1,5,1,1,1,1,1,1,1
8,2,2021,1,50,0,0,0,1,1,0,0,0,0,4,1,3,4,4,4,7,4,4,4,4,6,4,6,5,1
9,2,2021,1,43,0,0,4,0,0,0,0,0,1,1,4,4,4,4,4,6,4,3,4,4,4,4,4,4,1
10,2,2021,1,52,0,0,4,0,1,0,0,0,0,3,5,5,5,2,3,7,3,5,4,1,4,2,3,2,1
11,2,2021,1,67,1,1,3,0,1,0,0,0,0,2,2,3,5,4,5,6,5,4,5,2,5,4,3,4,1
12,2,2021,1,66,0,1,2,0,0,0,0,1,0,5,5,3,3,2,5,6,4,4,3,2,2,4,2,2,0
13,2,2021,1,63,0,0,2,0,1,0,0,0,0,1,1,1,6,1,1,1,1,4,1,1,4,4,1,1,1
14,2,2021,1,56,1,1,5,0,1,0,0,0,0,5,6,5,6,5,1,6,2,4,2,1,2,2,1,1,1
15,2,2021,1,52,0,0,2,0,1,0,0,0,0,2,2,2,2,1,1,6,2,3,1,1,4,1,1,4,1
16,2,2021,1,65,1,0,3,0,0,0,0,1,0,5,5,5,7,5,5,5,1,7,1,1,1,1,1,1,1
17,2,2021,1,62,1,1,3,0,1,0,0,0,0,5,5,6,6,4,4,6,5,5,4,5,5,4,6,6,0
18,2,2021,1,69,1,1,0,1,0,0,0,1,0,5,5,5,7,5,5,6,1,6,1,1,1,1,1,1,0
19,2,2021,0,49,0,0,3,0,1,0,0,0,0,4,4,7,6,4,1,7,1,4,1,1,1,1,1,1,1
20,2,2021,1,73,0,0,3,0,0,0,0,1,0,5,6,5,6,6,1,7,1,6,2,1,3,1,1,1,0
21,2,2021,0,73,0,1,1,0,0,0,0,0,1,6,4,6,7,2,5,7,1,6,1,1,2,1,1,1,1
22,2,2021,0,51,1,1,4,0,1,0,0,0,0,3,3,3,5,3,3,6,3,4,5,4,4,3,4,3,1
23,2,2021,0,46,1,1,5,0,1,0,0,0,0,4,5,7,7,6,5,7,1,7,1,1,1,1,1,1,1
24,2,2021,1,73,1,1,2,0,0,0,0,1,0,3,3,3,5,2,1,6,4,2,4,3,4,4,2,2,1
25,2,2021,1,64,1,1,5,0,1,0,0,0,0,5,6,1,4,4,4,7,4,3,4,4,3,4,4,4,0
26,2,2021,1,69,1,0,2,0,0,0,0,1,0,4,1,1,3,4,1,7,1,4,1,1,1,4,1,1,1
27,2,2021,1,63,1,1,5,0,0,1,0,0,0,5,3,4,5,5,5,5,3,5,3,3,4,3,3,3,1
28,2,2021,1,51,1,1,5,0,1,0,0,0,0,2,6,6,6,3,2,6,1,6,1,1,1,1,2,1,0
29,2,2021,1,71,1,1,3,0,0,0,0,1,0,4,2,2,6,4,1,6,1,4,1,1,1,1,1,1,0
30,2,2021,0,50,1,1,0,1,0,1,0,0,0,1,4,3,6,4,1,7,1,5,6,3,4,1,3,2,1
31,2,2021,0,55,1,1,5,0,1,0,0,0,0,2,5,5,6,1,1,7,5,5,5,1,2,5,1,4,0
32,2,2021,0,60,0,0,2,0,1,0,0,0,0,4,4,5,6,1,2,6,5,4,5,2,2,3,2,2,1
33,2,2021,0,57,0,1,3,0,1,0,0,0,0,6,2,5,6,5,1,7,1,5,1,1,4,1,1,4,1
34,2,2021,1,41,1,1,3,0,1,0,0,0,0,4,4,4,4,4,4,7,1,5,1,1,4,1,1,1,1
35,2,2021,0,49,1,0,5,0,0,1,0,0,0,6,6,5,5,3,1,6,6,4,5,3,2,3,1,4,1
36,2,2021,0,75,1,1,3,0,0,1,0,0,0,5,6,5,7,5,7,7,2,4,6,2,2,1,1,1,0
37,2,2021,1,59,1,1,3,0,1,0,0,0,0,5,1,2,7,5,1,7,1,6,2,1,6,2,1,1,0
38,2,2021,0,64,1,1,5,0,1,0,0,0,0,1,1,1,1,1,1,7,7,1,7,7,7,7,6,7,1
39,2,2021,1,57,1,1,2,0,1,0,0,0,0,1,5,1,4,5,1,4,4,4,4,3,4,4,3,3,1
40,2,2021,1,59,1,1,4,0,1,0,0,0,0,6,4,3,6,5,4,4,5,4,4,4,5,4,4,4,0
41,2,2021,0,67,1,1,3,0,0,1,0,0,0,4,5,5,7,3,3,7,3,4,5,3,3,3,3,4,1
42,2,2021,1,68,1,1,3,0,1,0,0,0,0,4,1,5,6,2,4,7,1,4,1,1,4,1,1,1,1
43,2,2021,0,56,0,1,2,0,1,0,0,0,0,1,1,5,7,1,7,7,1,5,6,1,5,1,1,4,1
44,2,2021,1,65,1,1,5,0,1,0,0,0,0,6,6,6,6,6,6,6,3,6,3,3,3,3,3,2,0
45,2,2021,0,53,1,1,4,0,0,1,0,0,0,5,3,5,6,1,1,5,4,5,2,2,4,4,2,2,0
46,2,2021,1,66,0,0,1,0,0,0,0,0,1,1,4,4,4,1,1,7,4,4,5,1,4,4,1,4,1
47,2,2021,1,62,1,1,5,0,0,0,0,1,0,5,7,6,7,1,4,6,1,5,1,1,1,1,1,1,0
48,2,2021,1,72,1,1,5,0,0,0,0,1,0,5,5,6,6,4,1,6,2,5,4,4,4,6,3,4,0
49,2,2021,0,47,1,1,0,1,1,0,0,0,0,4,1,4,5,5,5,6,7,4,2,2,3,7,3,3,0
50,2,2021,1,52,1,1,5,0,1,0,0,0,0,7,6,6,5,5,1,5,2,5,5,1,1,1,1,1,1
51,2,2021,1,59,1,1,4,0,1,0,0,0,0,1,1,1,1,1,1,1,1,1,1,1,6,4,1,4,1
52,2,2021,1,79,1,1,4,0,0,0,0,1,0,4,4,4,4,4,4,4,4,4,4,4,3,4,4,4,1
53,2,2021,1,57,0,0,4,0,1,0,0,0,0,1,1,1,6,6,1,6,1,6,4,1,1,1,1,2,1
54,2,2021,0,53,1,1,3,0,0,1,0,0,0,1,3,4,7,5,1,7,5,3,4,2,4,4,5,3,1
55,2,2021,0,61,1,1,3,0,0,1,0,0,0,4,5,6,7,2,1,7,5,4,4,4,1,4,1,4,0
56,2,2021,1,72,1,1,3,0,0,0,0,1,0,4,4,4,5,3,1,4,4,4,4,2,2,1,2,1,1
57,2,2021,1,65,0,0,1,0,0,0,0,1,0,1,1,1,6,1,1,5,1,1,1,1,2,1,1,1,1
58,2,2021,1,53,0,0,3,0,1,0,0,0,0,5,3,4,7,1,1,7,2,7,4,3,3,1,1,3,0
59,2,2021,1,57,1,0,0,1,1,0,0,0,0,3,2,4,7,3,2,5,2,4,1,1,5,2,1,5,1
60,2,2021,1,70,0,0,1,0,0,0,0,1,0,3,4,3,7,1,1,6,1,5,1,1,6,1,6,7,1
61,2,2021,1,59,1,0,4,0,1,0,0,0,0,6,1,3,6,1,1,5,5,3,4,4,4,1,5,2,1
62,2,2021,1,62,1,1,5,0,1,0,0,0,0,2,6,4,7,5,2,6,2,4,4,2,1,1,1,1,1
63,2,2021,1,66,0,0,1,0,0,0,0,1,0,3,3,3,4,3,3,3,3,4,4,3,4,4,3,3,1
64,2,2021,1,56,1,1,2,0,1,0,0,0,0,5,1,1,5,4,1,6,4,3,4,2,4,1,1,1,1
65,2,2021,1,80,1,1,2,0,0,0,0,0,1,5,4,5,5,5,5,5,3,5,3,3,4,3,3,4,0
66,2,2021,0,46,0,0,4,0,1,0,0,0,0,1,5,4,7,1,1,7,1,4,1,1,1,1,1,1,0
67,2,2021,1,61,0,0,3,0,1,0,0,0,0,2,1,2,6,1,1,7,1,4,2,2,2,2,2,4,0
68,2,2021,1,72,1,1,5,0,1,0,0,0,0,3,5,4,4,4,5,3,5,5,4,3,3,4,4,5,1
69,2,2021,0,59,1,1,1,0,0,1,0,0,0,3,3,4,5,1,1,6,3,4,3,1,3,1,1,1,1
70,2,2021,1,46,1,1,4,0,1,0,0,0,0,4,4,3,4,4,3,3,5,4,5,4,4,4,4,4,0
71,2,2021,0,55,1,1,0,1,0,0,0,0,1,7,7,7,6,7,1,7,2,6,5,1,1,4,1,1,0
72,2,2021,1,56,1,0,0,1,1,0,0,0,0,4,4,3,3,4,4,4,4,4,4,4,4,4,5,4,1
73,2,2021,1,64,1,1,5,0,1,0,0,0,0,6,6,7,7,6,2,7,1,7,1,1,2,2,1,1,0
74,2,2021,1,46,1,0,4,0,1,0,0,0,0,3,4,4,4,3,3,4,4,4,4,4,4,3,4,4,0
75,2,2021,0,54,1,1,4,0,1,0,0,0,0,5,7,4,7,5,1,5,3,4,1,1,3,5,1,1,1
76,2,2021,1,73,1,1,2,0,1,0,0,0,0,1,1,3,7,5,5,6,1,4,1,1,3,1,5,5,1
77,2,2021,0,47,0,0,2,0,1,0,0,0,0,4,2,5,3,5,5,6,3,6,5,2,4,2,2,3,0
78,2,2021,0,69,1,1,2,0,0,1,0,0,0,5,4,6,5,1,1,6,2,5,6,3,2,1,1,1,0
79,2,2021,1,57,1,0,3,0,1,0,0,0,0,4,4,5,7,7,1,7,1,4,1,1,5,1,1,1,1
80,2,2021,0,59,0,1,4,0,1,0,0,0,0,4,5,4,4,3,1,4,4,4,5,5,4,4,4,4,1
81,2,2021,1,75,1,1,2,0,1,0,0,0,0,6,5,5,6,4,5,6,3,6,4,2,4,3,3,2,0
82,2,2021,1,64,0,0,1,0,0,0,0,0,1,4,2,2,6,1,1,7,1,4,5,2,3,1,1,4,1
83,2,2021,1,79,0,1,2,0,0,0,0,0,1,4,6,4,4,1,4,6,1,4,4,1,3,1,1,2,1
84,2,2021,1,51,1,1,5,0,1,0,0,0,0,3,1,6,6,1,1,6,1,5,1,1,1,1,1,1,1
85,2,2021,1,57,1,1,5,0,1,0,0,0,0,5,7,6,6,4,3,7,1,4,3,1,7,2,1,1,1
86,2,2021,1,51,1,1,5,0,1,0,0,0,0,5,7,7,7,5,2,7,2,5,3,1,1,1,1,1,0
87,2,2021,0,49,0,0,1,0,1,0,0,0,0,4,4,4,4,4,4,4,4,4,4,4,4,4,4,4,1
88,2,2021,1,45,1,1,5,0,1,0,0,0,0,1,1,1,1,1,1,1,1,1,1,1,1,1,1,1,1
89,2,2021,1,59,1,1,5,0,1,0,0,0,0,3,4,4,5,3,3,4,4,4,4,4,4,3,4,4,1
90,2,2021,0,53,1,0,5,0,0,1,0,0,0,5,5,4,2,5,5,7,1,5,3,2,1,2,1,1,0
91,2,2021,1,58,1,0,5,0,1,0,0,0,0,5,6,3,6,1,1,5,1,4,4,1,1,1,1,1,0
92,2,2021,1,66,1,1,5,0,1,0,0,0,0,5,6,6,6,1,1,6,2,6,2,2,2,2,2,2,0
93,2,2021,1,62,1,1,2,0,1,0,0,0,0,4,4,4,4,4,4,4,4,4,4,4,4,4,4,4,1
94,2,2021,1,55,0,0,3,0,1,0,0,0,0,2,1,5,5,1,1,7,4,1,5,2,4,4,2,2,1
95,2,2021,0,42,1,1,4,0,1,0,0,0,0,1,1,4,7,1,5,7,1,4,1,1,1,1,1,1,1
96,2,2021,1,70,1,1,2,0,0,0,0,1,0,5,1,1,7,1,1,7,1,4,1,1,1,1,1,1,1
97,2,2021,1,72,0,0,4,0,0,0,0,1,0,6,1,5,6,1,1,2,1,5,2,1,1,1,1,1,1
98,2,2021,1,63,1,1,2,0,1,0,0,0,0,3,3,4,5,3,2,5,4,4,3,3,3,4,3,3,0
99,2,2021,1,50,0,0,4,0,1,0,0,0,0,7,6,7,7,7,1,7,1,4,4,1,1,1,1,1,0
100,2,2021,0,51,0,0,3,0,1,0,0,0,0,1,1,1,4,1,1,1,1,5,1,1,1,1,1,1,1
101,2,2021,0,56,1,1,3,0,1,0,0,0,0,2,2,3,6,1,1,6,1,6,2,2,4,2,4,4,1
102,2,2021,0,72,1,0,2,0,0,1,0,0,0,5,1,5,5,2,2,5,4,4,3,3,4,4,3,3,1
103,2,2021,1,56,1,1,5,0,1,0,0,0,0,4,4,4,4,4,4,3,4,4,4,4,4,4,4,4,1
104,2,2021,1,68,1,1,2,0,0,0,0,1,0,5,5,6,5,6,1,6,1,6,1,1,1,1,1,1,1
105,2,2021,1,71,1,1,4,0,0,0,0,1,0,1,5,4,6,1,1,6,5,4,5,1,1,1,5,1,0
106,2,2021,0,61,1,1,5,0,0,1,0,0,0,7,7,7,7,7,7,7,1,7,1,1,1,1,1,1,0
107,2,2021,0,59,1,1,5,0,0,1,0,0,0,4,1,4,3,6,5,7,3,5,4,3,4,1,4,4,0
108,2,2021,0,71,1,1,5,0,1,0,0,0,0,4,5,5,6,1,1,6,1,6,1,1,1,1,1,1,1
109,2,2021,1,56,1,1,5,0,1,0,0,0,0,1,1,1,7,1,1,1,4,4,4,4,4,4,4,4,0
110,2,2021,1,69,1,1,2,0,1,0,0,0,0,4,3,3,6,1,1,7,5,5,3,1,3,1,1,1,1
111,2,2021,1,50,0,0,3,0,1,0,0,0,0,2,5,2,6,3,1,7,3,5,4,1,2,1,1,1,1
112,2,2021,0,66,1,1,3,0,1,0,0,0,0,2,6,6,6,3,6,7,4,7,5,3,7,1,1,1,0
113,2,2021,1,52,1,1,4,0,1,0,0,0,0,1,1,1,1,1,1,7,1,1,1,1,1,1,1,1,1
114,2,2021,1,69,1,1,3,0,0,0,0,1,0,3,5,6,6,3,5,7,5,7,5,3,4,3,2,4,1
115,2,2021,1,51,0,0,4,0,1,0,0,0,0,3,5,4,6,2,1,7,2,5,2,1,4,4,2,2,1
116,2,2021,1,78,1,1,3,0,0,0,0,1,0,4,2,5,5,2,2,4,4,4,3,2,5,3,2,4,1
117,2,2021,1,65,0,1,2,0,0,0,0,1,0,5,4,4,6,2,2,7,4,4,4,1,2,2,1,1,1
118,2,2021,1,54,1,1,5,0,1,0,0,0,0,5,5,5,6,5,2,7,2,6,2,2,3,2,2,2,1
119,2,2021,1,70,1,1,4,0,1,0,0,0,0,4,4,4,4,4,4,4,4,4,4,4,4,4,4,4,0
120,2,2021,0,70,1,1,2,0,0,1,0,0,0,6,7,7,2,1,1,6,1,6,6,1,1,2,1,1,1
121,2,2021,1,59,1,1,5,0,1,0,0,0,0,6,6,5,6,5,1,7,2,5,2,1,2,2,1,1,1
122,2,2021,1,60,1,1,5,0,1,0,0,0,0,7,7,7,6,7,6,6,6,5,5,6,5,5,5,5,1
123,2,2021,1,50,1,1,3,0,1,0,0,0,0,3,5,3,5,1,1,6,3,4,2,1,3,4,1,3,0
124,2,2021,1,44,0,0,5,0,1,0,0,0,0,3,1,1,3,1,1,7,4,2,2,2,5,1,2,2,1
125,2,2021,1,60,1,1,4,0,1,0,0,0,0,4,4,4,6,5,1,7,4,2,3,1,5,1,2,6,1
126,2,2021,0,75,0,1,5,0,1,0,0,0,0,1,5,4,7,6,1,7,1,7,4,1,1,1,1,1,1
127,2,2021,0,52,0,0,2,0,1,0,0,0,0,5,1,5,7,1,5,7,2,4,2,2,3,3,2,2,0
128,2,2021,1,62,0,0,4,0,0,0,0,1,0,4,6,5,7,2,1,7,1,4,2,1,1,1,1,1,0
129,2,2021,1,72,1,1,5,0,1,0,0,0,0,1,5,6,5,1,1,7,2,5,3,2,2,2,1,2,1
130,2,2021,1,57,1,1,5,0,1,0,0,0,0,3,1,5,6,4,1,6,2,6,2,2,1,1,2,2,0
131,2,2021,1,54,0,0,2,0,0,0,0,0,1,4,7,7,7,2,1,7,6,4,4,3,7,1,1,4,1
132,2,2021,1,61,1,1,5,0,1,0,0,0,0,1,1,1,4,1,5,5,2,4,2,1,1,4,1,1,1
133,2,2021,1,50,1,1,4,0,1,0,0,0,0,1,7,5,7,6,1,7,7,1,7,4,7,7,1,5,1
134,2,2021,0,58,1,0,4,0,1,0,0,0,0,4,4,4,4,4,1,6,4,4,2,2,2,2,2,2,1
135,2,2021,1,58,0,0,3,0,1,0,0,0,0,1,5,1,1,1,1,1,1,1,1,1,1,1,1,1,1
136,2,2021,1,50,1,1,3,0,1,0,0,0,0,5,4,5,6,4,4,5,4,6,4,4,1,4,4,4,1
137,2,2021,1,53,1,1,5,0,1,0,0,0,0,4,5,4,5,5,5,7,4,7,4,1,1,3,1,3,1
138,2,2021,1,72,1,1,0,1,1,0,0,0,0,6,7,5,6,5,1,7,1,7,1,2,7,1,1,1,0
139,2,2021,0,66,1,1,3,0,0,1,0,0,0,5,4,5,7,1,5,7,1,7,1,1,1,1,1,1,1
140,2,2021,1,69,1,1,2,0,1,0,0,0,0,4,4,4,3,4,4,4,4,4,4,4,3,3,4,3,1
141,2,2021,1,54,0,0,4,0,1,0,0,0,0,4,5,4,5,4,4,4,4,4,4,4,4,4,4,4,1
142,2,2021,0,46,1,1,3,0,1,0,0,0,0,6,7,5,6,7,2,7,4,6,4,1,1,1,1,1,0
143,2,2021,1,53,1,1,5,0,1,0,0,0,0,3,3,3,5,3,3,3,3,3,3,3,3,3,3,3,0
144,2,2021,0,76,0,1,1,0,0,1,0,0,0,4,7,7,4,5,5,6,1,6,4,1,4,1,1,1,0
145,2,2021,1,51,0,1,2,0,1,0,0,0,0,4,1,4,6,1,1,5,2,5,2,2,2,2,2,2,1
146,2,2021,1,50,1,1,4,0,1,0,0,0,0,3,5,5,6,6,1,7,1,6,5,1,4,1,1,1,1
147,2,2021,1,54,1,1,5,0,0,0,0,0,1,4,4,4,6,2,1,7,4,6,2,1,1,1,1,1,0
148,2,2021,1,53,0,1,1,0,0,0,0,1,0,5,5,2,4,4,1,7,4,4,1,1,7,1,1,1,1
149,2,2021,0,62,1,1,5,0,0,1,0,0,0,4,7,6,7,3,1,5,5,6,1,1,4,2,1,1,0
150,2,2021,1,66,1,0,2,0,0,0,0,1,0,6,6,4,6,2,1,5,1,4,5,2,1,4,2,1,1
151,2,2021,1,60,0,0,2,0,0,0,0,1,0,1,1,4,6,3,1,6,4,2,6,2,5,1,4,3,1
152,2,2021,1,61,1,1,0,1,1,0,0,0,0,2,4,2,3,5,1,7,5,7,4,1,7,1,1,5,1
153,2,2021,1,57,1,1,5,0,1,0,0,0,0,1,3,2,4,5,1,6,1,6,1,1,2,1,1,1,1
154,2,2021,1,78,1,1,3,0,0,0,0,0,1,5,7,7,6,5,2,7,4,5,2,2,3,4,2,2,1
155,2,2021,0,69,1,0,2,0,0,1,0,0,0,5,1,5,6,5,1,6,2,6,1,1,4,1,1,1,1
156,2,2021,1,57,0,0,1,0,0,0,0,0,1,1,5,6,1,1,1,6,6,3,7,6,6,4,4,4,1
157,2,2021,1,59,1,1,3,0,1,0,0,0,0,4,4,4,4,3,4,4,4,4,4,4,4,4,4,4,1
158,2,2021,1,56,0,0,0,1,1,0,0,0,0,4,1,5,7,6,5,5,1,5,1,1,5,1,1,3,0
159,2,2021,1,49,0,0,1,0,1,0,0,0,0,6,6,6,7,1,1,5,1,1,1,1,7,1,1,1,1
160,2,2021,1,63,1,1,5,0,1,0,0,0,0,3,5,5,7,3,2,6,1,5,1,1,1,2,6,3,0
161,2,2021,1,58,0,0,5,0,1,0,0,0,0,3,2,3,6,3,1,6,3,3,3,3,3,3,3,3,1
162,2,2021,1,46,1,1,0,1,1,0,0,0,0,3,5,5,3,3,1,7,5,4,5,2,4,2,2,3,1
163,2,2021,1,74,1,1,5,0,0,0,0,1,0,6,4,6,6,2,5,7,1,4,4,1,1,1,1,1,0
164,2,2021,1,66,1,1,2,0,0,0,0,1,0,4,5,4,4,1,5,6,5,4,5,4,4,4,3,3,1
165,2,2021,1,65,1,1,3,0,0,0,0,1,0,6,5,5,4,5,5,4,4,5,5,5,4,4,4,6,0
166,2,2021,1,59,1,0,4,0,1,0,0,0,0,4,6,6,7,4,4,7,4,4,4,1,4,4,1,1,1
167,2,2021,1,45,0,0,3,0,1,0,0,0,0,3,3,3,3,4,3,3,3,3,4,4,4,3,4,3,1
168,2,2021,0,53,1,0,5,0,1,0,0,0,0,6,2,6,7,5,5,7,2,7,3,1,7,1,1,2,1
169,2,2021,1,63,0,0,2,0,1,0,0,0,0,1,1,1,1,1,1,1,1,1,1,1,1,1,1,1,1
170,2,2021,1,79,0,0,2,0,0,0,0,1,0,6,5,4,2,2,1,7,2,5,2,1,4,4,1,1,0
171,2,2021,0,78,0,1,3,0,0,0,0,1,0,6,6,6,7,6,1,7,2,6,4,3,2,1,2,1,1
172,2,2021,1,57,1,1,5,0,1,0,0,0,0,3,4,5,6,6,1,6,2,5,2,2,2,2,2,2,1
173,2,2021,1,55,0,0,2,0,1,0,0,0,0,1,1,7,1,1,1,5,1,5,1,1,7,1,1,1,1
174,2,2021,0,46,1,1,4,0,1,0,0,0,0,5,4,4,4,4,4,4,4,4,3,3,4,4,4,4,1
175,2,2021,0,68,1,1,2,0,1,0,0,0,0,4,6,5,4,5,5,5,4,4,4,4,4,4,4,4,1
176,2,2021,1,62,1,0,5,0,1,0,0,0,0,2,1,2,1,1,1,1,1,1,2,1,2,1,1,1,1
177,2,2021,1,61,0,1,3,0,1,0,0,0,0,1,1,5,5,1,1,6,3,3,1,1,2,3,1,1,1
178,2,2021,1,60,0,0,2,0,1,0,0,0,0,2,5,5,7,1,1,2,1,3,1,1,5,1,1,1,1
179,2,2021,1,58,1,1,1,0,0,0,0,1,0,3,5,5,4,1,1,7,4,3,4,4,7,1,4,4,1
180,2,2021,0,63,1,1,3,0,0,1,0,0,0,5,4,4,4,4,4,7,1,4,4,1,4,1,1,1,1
181,2,2021,1,75,1,1,2,0,0,0,0,0,1,3,5,3,6,1,6,6,1,4,1,1,3,1,1,1,1
182,2,2021,1,64,1,1,2,0,1,0,0,0,0,2,6,5,2,2,1,7,6,2,6,2,4,4,1,1,1
183,2,2021,1,69,1,1,5,0,0,0,0,1,0,4,5,4,6,2,5,6,4,4,4,2,2,3,2,2,0
184,2,2021,1,46,1,1,5,0,1,0,0,0,0,4,5,4,7,4,2,6,3,4,4,1,1,1,1,1,1
185,2,2021,1,59,1,1,5,0,1,0,0,0,0,3,5,4,5,1,1,4,4,5,3,2,5,3,6,4,0
186,2,2021,1,54,1,0,2,0,1,0,0,0,0,1,4,4,6,1,1,7,5,4,1,1,1,4,1,7,1
187,2,2021,1,68,1,0,5,0,1,0,0,0,0,2,6,5,6,6,6,6,4,6,4,4,4,4,4,4,0
188,2,2021,1,49,0,0,3,0,1,0,0,0,0,2,5,3,6,1,1,1,1,6,5,1,1,1,1,1,1
189,2,2021,0,51,0,1,5,0,1,0,0,0,0,5,1,1,5,1,1,6,1,1,3,1,2,1,1,1,0
190,2,2021,0,59,0,0,2,0,1,0,0,0,0,2,3,5,5,3,4,6,3,3,4,2,4,3,2,5,1
191,2,2021,1,49,0,0,2,0,1,0,0,0,0,7,1,4,4,1,1,4,1,4,1,1,4,1,1,1,1
192,2,2021,1,62,1,1,5,0,1,0,0,0,0,7,7,7,6,7,4,7,1,5,4,1,1,1,1,1,0
193,2,2021,1,75,1,1,2,0,1,0,0,0,0,5,7,4,6,5,1,1,1,5,1,1,2,3,1,1,0
194,2,2021,1,60,0,0,4,0,1,0,0,0,0,5,1,3,5,1,1,1,2,4,4,4,7,4,1,2,1
195,2,2021,1,59,1,1,4,0,1,0,0,0,0,4,7,4,4,3,1,5,1,6,1,1,2,1,1,1,0
196,2,2021,0,71,0,1,2,0,0,0,0,0,1,5,5,5,5,5,5,5,4,5,4,4,3,4,3,4,1
197,2,2021,1,74,1,1,2,0,0,0,0,1,0,4,7,4,6,5,4,7,4,4,4,1,4,4,1,1,1
198,2,2021,1,54,1,1,3,0,1,0,0,0,0,5,4,1,4,1,1,1,4,4,4,4,4,4,4,4,1
199,2,2021,1,58,1,0,3,0,1,0,0,0,0,4,4,4,3,4,4,4,3,4,3,3,3,3,3,3,1
200,2,2021,1,61,1,1,4,0,1,0,0,0,0,1,1,1,1,1,1,1,1,1,1,1,1,1,1,1,1
201,2,2021,0,36,0,0,2,0,1,0,0,0,0,5,1,5,5,5,5,4,4,6,4,1,1,2,1,1,1
202,2,2021,1,61,1,1,5,0,1,0,0,0,0,3,1,5,7,7,1,7,1,7,3,1,5,2,1,4,1
203,2,2021,0,69,1,1,0,1,0,1,0,0,0,6,5,5,7,5,1,6,3,5,5,1,3,3,2,1,1
204,2,2021,0,45,1,1,3,0,0,1,0,0,0,4,5,5,5,4,4,5,4,4,5,3,5,3,2,5,1
205,2,2021,1,64,1,1,5,0,1,0,0,0,0,3,4,3,5,5,4,3,5,5,5,4,4,5,4,4,0
206,2,2021,1,48,1,1,4,0,1,0,0,0,0,5,6,5,6,5,4,7,1,6,2,1,4,1,1,1,0
207,2,2021,1,55,1,1,3,0,1,0,0,0,0,5,2,4,4,3,1,5,4,4,4,4,4,2,4,4,1
208,2,2021,0,62,1,1,0,1,0,1,0,0,0,5,5,5,6,6,5,5,4,5,5,3,4,2,2,2,1
209,2,2021,0,44,1,1,4,0,0,1,0,0,0,4,5,5,4,2,2,6,5,6,4,1,2,4,3,3,0
210,2,2021,1,54,0,0,1,0,1,0,0,0,0,4,1,4,4,4,4,4,4,4,4,4,6,4,4,4,1
211,2,2021,1,62,1,1,2,0,1,0,0,0,0,5,4,6,7,6,6,6,1,6,2,2,2,1,1,1,1
212,2,2021,1,32,0,0,3,0,1,0,0,0,0,4,4,4,3,1,1,4,6,4,4,4,5,4,4,5,1
213,2,2021,0,56,1,1,2,0,1,0,0,0,0,4,5,5,5,5,4,5,4,5,5,4,7,4,5,6,1
214,2,2021,0,48,1,1,4,0,0,1,0,0,0,4,2,5,6,4,1,7,1,4,3,1,4,1,1,1,0
215,2,2021,1,62,1,0,3,0,1,0,0,0,0,2,1,2,6,3,3,7,2,5,2,1,1,1,3,4,1
216,2,2021,1,58,1,1,4,0,1,0,0,0,0,1,1,1,5,1,1,1,1,3,1,1,1,1,1,1,1
217,2,2021,1,64,0,0,2,0,0,0,0,0,1,1,1,1,1,1,1,1,1,1,1,1,1,1,1,1,1
218,2,2021,1,59,1,1,5,0,1,0,0,0,0,5,5,5,5,5,5,5,1,5,1,1,5,1,1,1,0
219,2,2021,1,58,1,1,5,0,1,0,0,0,0,4,6,6,7,5,1,6,1,4,4,1,4,2,1,3,0
220,2,2021,1,45,0,0,0,1,1,0,0,0,0,4,4,4,4,4,4,4,4,4,4,4,4,4,4,4,1
221,2,2021,1,44,1,1,5,0,1,0,0,0,0,4,5,6,7,1,1,7,5,6,1,1,4,1,1,6,0
222,2,2021,1,59,1,0,5,0,1,0,0,0,0,2,4,5,7,2,5,5,1,6,1,1,4,1,1,1,0
223,2,2021,1,51,1,0,2,0,1,0,0,0,0,1,1,1,6,7,1,1,1,1,1,1,6,1,1,1,1
224,2,2021,0,76,1,1,3,0,0,1,0,0,0,4,5,5,7,1,1,7,4,7,4,4,2,1,1,3,0
225,2,2021,0,83,1,1,3,0,0,1,0,0,0,5,4,6,5,4,6,6,1,4,5,1,4,2,4,3,0
226,2,2021,0,40,0,0,3,0,1,0,0,0,0,5,5,5,5,1,1,7,5,5,5,3,2,1,1,3,1
227,2,2021,1,56,1,1,4,0,1,0,0,0,0,5,5,5,4,4,1,4,4,4,4,4,4,4,4,4,1
228,2,2021,1,49,1,1,5,0,1,0,0,0,0,4,4,5,4,4,4,4,4,4,4,4,4,4,4,4,0
229,2,2021,1,60,0,0,1,0,1,0,0,0,0,7,3,4,2,3,1,6,2,4,2,1,3,5,2,3,1
230,2,2021,1,64,1,1,2,0,1,0,0,0,0,5,5,5,5,4,3,5,5,5,5,3,5,5,3,3,0
231,2,2021,1,49,0,0,3,0,1,0,0,0,0,5,5,1,5,1,1,7,4,4,2,2,2,1,1,1,1
232,2,2021,1,40,1,1,5,0,1,0,0,0,0,4,4,5,4,3,4,4,4,4,4,4,4,4,4,4,0
233,2,2021,1,66,1,0,3,0,1,0,0,0,0,4,5,4,5,5,4,4,4,4,4,4,4,4,4,4,0
234,2,2021,0,49,0,0,5,0,1,0,0,0,0,1,1,2,5,1,1,5,5,4,3,1,1,5,2,1,1
235,2,2021,0,49,1,1,4,0,1,0,0,0,0,3,4,5,4,2,2,7,6,1,6,3,5,6,3,7,0
236,2,2021,1,44,0,0,3,0,1,0,0,0,0,1,1,1,1,1,1,1,1,1,1,1,1,1,1,1,1
237,2,2021,0,49,0,0,4,0,1,0,0,0,0,4,5,5,6,5,5,7,4,5,4,2,4,2,3,3,0
238,2,2021,1,70,1,1,2,0,0,0,0,1,0,1,1,1,1,1,1,7,1,1,4,1,1,6,1,1,0
239,2,2021,0,67,1,1,5,0,0,1,0,0,0,1,1,5,1,1,1,7,1,1,1,1,5,5,1,4,1
240,2,2021,0,69,1,1,3,0,0,1,0,0,0,6,5,6,7,4,2,7,2,6,4,3,4,3,2,2,0
241,2,2021,1,72,1,1,5,0,1,0,0,0,0,5,6,6,5,2,5,7,2,6,3,1,6,2,1,7,0
242,2,2021,1,51,0,0,3,0,1,0,0,0,0,7,1,1,6,5,1,7,2,4,1,1,2,1,1,1,0
243,2,2021,0,33,1,1,5,0,1,0,0,0,0,5,5,4,4,3,1,6,1,4,1,1,3,1,1,1,1
244,2,2021,1,65,1,1,2,0,0,0,0,1,0,2,5,5,6,3,1,5,4,4,5,4,6,1,1,1,1
245,2,2021,1,67,1,0,3,0,0,0,0,1,0,5,3,5,4,5,3,5,4,5,4,5,5,5,5,3,1
246,2,2021,1,80,1,1,3,0,0,0,0,1,0,4,5,5,7,5,1,6,1,5,5,1,4,1,1,1,1
247,2,2021,0,68,1,0,3,0,0,1,0,0,0,4,2,5,7,5,1,7,1,7,1,1,1,1,1,1,0
248,2,2021,0,48,1,1,5,0,0,0,0,0,1,4,4,4,4,4,4,4,4,4,4,4,4,4,4,1,1
249,2,2021,0,71,1,1,4,0,0,1,0,0,0,2,3,5,5,2,1,6,5,3,5,1,3,3,3,1,0
250,2,2021,0,41,1,0,5,0,0,1,0,0,0,6,1,6,7,1,1,7,1,4,1,1,1,1,1,1,1
251,2,2021,1,64,1,1,2,0,1,0,0,0,0,4,4,4,4,4,4,4,4,4,4,4,5,4,4,4,0
252,2,2021,1,46,0,0,3,0,1,0,0,0,0,4,4,4,5,4,1,7,1,6,2,2,1,1,1,1,1
253,2,2021,1,67,1,1,4,0,1,0,0,0,0,4,4,5,6,4,4,6,3,4,4,3,4,4,4,4,1
254,2,2021,0,44,1,1,5,0,1,0,0,0,0,5,5,7,6,6,2,7,5,4,4,1,2,4,4,4,0
255,2,2021,0,63,0,0,1,0,1,0,0,0,0,2,1,3,4,4,3,4,6,2,5,4,7,5,5,6,1
256,2,2021,1,71,1,1,3,0,0,0,0,1,0,6,5,5,5,1,1,6,1,5,1,1,1,1,1,1,0
257,2,2021,1,57,1,1,4,0,1,0,0,0,0,3,5,1,3,1,1,7,1,3,2,1,3,1,1,1,1
258,2,2021,1,49,1,1,4,0,1,0,0,0,0,6,6,4,6,5,1,5,1,6,1,1,5,1,1,1,1
259,2,2021,0,55,1,0,5,0,0,1,0,0,0,4,6,6,5,1,2,7,4,2,4,1,4,4,2,1,1
260,2,2021,0,57,1,1,5,0,0,1,0,0,0,4,2,2,6,4,3,5,1,7,1,1,1,1,1,1,0
261,2,2021,1,57,1,0,0,1,1,0,0,0,0,4,4,4,4,4,4,4,4,4,4,4,4,4,4,4,1
262,2,2021,1,63,1,1,5,0,1,0,0,0,0,7,7,5,7,6,1,7,1,7,1,1,1,1,1,1,1
263,2,2021,1,75,0,0,1,0,0,0,0,1,0,4,1,4,5,1,1,6,4,4,4,3,4,4,4,4,1
264,2,2021,1,81,1,1,2,0,0,1,0,0,0,4,7,6,6,6,3,7,2,6,3,3,3,3,3,3,0
265,2,2021,0,47,1,0,4,0,1,0,0,0,0,1,1,1,5,1,1,5,1,1,5,5,5,1,1,4,1
266,2,2021,0,43,1,0,4,0,1,0,0,0,0,5,3,3,3,4,3,5,3,5,5,3,4,4,5,5,1
267,2,2021,1,62,1,0,2,0,1,0,0,0,0,2,1,4,5,3,3,5,3,5,2,2,3,1,1,1,1
268,2,2021,1,75,0,1,2,0,1,0,0,0,0,4,4,4,7,1,2,4,4,4,2,1,3,1,1,1,0
269,2,2021,1,73,1,1,3,0,0,0,0,1,0,4,5,5,4,2,2,6,3,4,3,2,3,3,2,2,0
270,2,2021,0,66,1,1,0,1,0,1,0,0,0,3,5,5,6,3,1,7,1,4,5,3,2,2,2,2,1
271,2,2021,1,52,0,0,2,0,0,0,0,0,1,7,7,7,7,5,7,5,1,4,1,1,7,1,1,4,1
272,2,2021,0,46,1,1,0,1,0,1,0,0,0,1,1,2,3,1,1,6,3,3,4,1,2,1,1,1,1
273,2,2021,0,52,1,1,2,0,0,1,0,0,0,5,5,5,7,5,1,7,1,6,1,1,1,1,1,1,1
274,2,2021,1,59,0,0,2,0,1,0,0,0,0,3,4,4,6,3,2,5,4,2,3,2,4,2,2,2,1
275,2,2021,1,82,1,1,5,0,0,0,0,1,0,2,5,4,7,1,4,7,1,6,2,1,1,2,2,1,0
276,2,2021,0,59,0,1,2,0,1,0,0,0,0,4,5,4,4,5,5,6,4,4,6,5,4,3,5,5,1
277,2,2021,1,50,1,0,4,0,1,0,0,0,0,4,5,5,5,4,4,4,4,5,4,4,4,4,4,4,1
278,2,2021,0,57,1,1,2,0,0,1,0,0,0,1,1,7,7,5,1,7,7,1,7,1,4,4,4,4,1
279,2,2021,1,63,1,1,4,0,0,0,0,1,0,5,5,6,6,1,1,5,3,4,5,2,1,1,2,1,1
280,2,2021,1,60,1,1,4,0,1,0,0,0,0,3,3,3,6,3,3,5,3,3,3,1,3,3,3,3,0
281,2,2021,1,66,1,1,1,0,0,0,0,1,0,1,2,6,5,1,6,6,1,4,6,4,5,2,2,1,0
282,2,2021,1,48,0,0,4,0,1,0,0,0,0,7,1,1,7,7,1,7,1,7,1,1,1,1,1,1,0
283,2,2021,1,44,0,0,2,0,1,0,0,0,0,3,5,3,4,4,3,3,4,4,4,4,4,4,4,4,1
284,2,2021,1,41,1,1,4,0,1,0,0,0,0,1,1,1,1,1,1,1,1,1,1,1,1,1,1,1,1
285,2,2021,0,54,0,0,0,1,0,0,0,0,1,7,1,7,1,1,1,7,7,2,7,3,4,7,1,5,1
286,2,2021,0,65,1,0,2,0,0,0,0,1,0,5,5,5,4,5,5,5,6,6,6,5,4,4,4,6,1
287,2,2021,1,51,1,1,5,0,1,0,0,0,0,5,3,6,7,2,3,6,2,4,4,1,1,1,1,1,0
288,2,2021,0,68,1,0,0,1,1,0,0,0,0,1,1,5,6,4,4,7,2,5,2,2,4,4,1,2,0
289,2,2021,1,49,1,1,5,0,1,0,0,0,0,4,4,3,5,3,3,6,3,4,4,2,1,1,2,1,1
290,2,2021,1,47,1,1,5,0,1,0,0,0,0,1,1,1,2,1,1,7,2,5,2,1,4,3,1,2,0
291,2,2021,1,46,1,1,5,0,1,0,0,0,0,2,5,1,6,2,4,5,1,4,2,1,1,1,1,1,1
292,2,2021,1,45,1,1,3,0,1,0,0,0,0,3,3,3,3,3,3,3,3,3,3,3,3,3,3,3,1
293,2,2021,0,68,0,1,2,0,1,0,0,0,0,2,2,2,4,1,5,7,2,6,2,2,1,2,2,2,1
294,2,2021,1,54,0,0,2,0,1,0,0,0,0,6,4,4,4,4,4,4,4,4,4,4,4,4,4,4,1
295,2,2021,1,57,0,0,0,1,1,0,0,0,0,6,5,7,6,4,4,7,1,4,2,1,4,1,1,4,0
296,2,2021,1,45,1,0,4,0,1,0,0,0,0,4,3,3,4,4,4,5,4,5,4,4,4,4,4,4,1
297,2,2021,0,47,1,1,4,0,1,0,0,0,0,5,4,4,1,1,1,7,7,2,5,4,7,7,1,1,1
298,2,2021,1,39,0,0,4,0,1,0,0,0,0,5,5,6,7,1,1,7,1,4,5,1,1,1,1,1,0
299,2,2021,1,42,0,0,3,0,1,0,0,0,0,4,5,5,7,1,1,5,1,4,1,1,1,1,1,1,1
300,2,2021,1,60,1,1,5,0,1,0,0,0,0,5,3,4,3,4,2,5,4,2,3,3,5,5,5,5,0
301,2,2021,1,75,1,0,1,0,0,0,0,0,1,4,4,4,4,4,4,4,4,4,4,4,5,4,4,4,0
302,2,2021,0,70,1,1,3,0,0,1,0,0,0,5,7,4,7,1,3,7,4,7,1,1,1,1,1,1,0
303,2,2021,0,51,1,1,5,0,0,1,0,0,0,5,2,5,4,1,1,6,5,4,4,4,4,6,4,4,0
304,2,2021,0,54,1,1,5,0,1,0,0,0,0,3,4,5,7,1,1,7,1,4,1,1,1,1,1,1,1
305,2,2021,1,62,0,0,2,0,1,0,0,0,0,3,3,3,3,3,3,3,3,3,3,3,3,3,3,3,0
306,2,2021,1,60,1,1,2,0,1,0,0,0,0,3,2,6,5,4,1,4,6,4,6,4,6,4,4,5,0
307,2,2021,0,63,0,1,2,0,1,0,0,0,0,5,4,4,5,3,2,7,1,6,5,1,1,3,1,1,1
308,2,2021,1,52,0,0,2,0,0,0,0,1,0,3,1,4,5,3,1,4,1,2,4,1,1,1,1,1,1
309,2,2021,1,50,0,0,1,0,1,0,0,0,0,4,5,3,3,1,1,1,1,4,1,1,2,4,1,4,1
310,2,2021,1,60,1,1,3,0,1,0,0,0,0,4,5,4,4,4,4,4,4,4,4,4,4,4,4,4,0
311,2,2021,0,72,1,1,4,0,0,1,0,0,0,6,5,6,7,5,5,7,1,5,2,3,1,1,1,1,0
312,2,2021,0,48,0,0,2,0,1,0,0,0,0,3,4,4,4,3,4,5,4,4,4,4,5,4,4,4,0
313,2,2021,1,49,0,0,5,0,1,0,0,0,0,4,4,4,4,4,4,5,4,4,4,4,5,4,4,4,1
314,2,2021,1,61,1,0,2,0,1,0,0,0,0,5,7,4,7,5,7,6,5,5,4,3,6,1,2,2,0
315,2,2021,0,49,1,0,4,0,1,0,0,0,0,2,7,6,7,5,1,5,4,3,1,1,5,1,1,1,1
316,2,2021,1,80,1,0,3,0,0,0,0,1,0,1,2,2,5,1,1,6,2,4,4,1,4,1,4,1,1
317,2,2021,1,56,1,1,5,0,1,0,0,0,0,4,4,4,7,1,1,7,1,3,3,1,5,1,1,1,1
318,2,2021,1,77,1,1,3,0,0,0,0,1,0,4,1,6,6,4,4,5,4,4,5,1,4,1,1,1,1
319,2,2021,1,74,0,1,2,0,0,0,0,1,0,6,2,5,6,1,3,6,1,4,2,1,4,1,1,1,0
320,2,2021,1,73,0,1,1,0,0,0,0,1,0,1,1,1,4,1,1,1,1,4,1,1,5,4,1,1,1
321,2,2021,0,68,1,1,3,0,0,1,0,0,0,4,7,6,5,5,1,7,2,6,1,1,5,2,1,1,0
322,2,2021,0,74,1,1,3,0,0,0,0,1,0,3,6,6,6,3,3,5,4,4,4,4,4,4,4,4,1
323,2,2021,0,60,1,1,2,0,1,0,0,0,0,4,4,6,7,4,1,4,1,6,1,1,1,1,1,1,1
324,2,2021,0,57,1,1,5,0,1,0,0,0,0,6,6,6,6,6,6,6,1,5,5,1,2,1,2,1,1
325,2,2021,1,76,1,1,3,0,0,0,0,0,1,2,3,6,3,1,6,6,4,6,3,2,2,2,1,1,1
326,2,2021,0,69,1,1,5,0,1,0,0,0,0,5,5,4,6,5,1,5,1,4,1,1,3,1,1,1,0
327,2,2021,1,69,0,1,3,0,1,0,0,0,0,5,7,5,7,5,7,7,1,7,1,1,1,1,1,1,0
328,2,2021,1,74,1,1,3,0,0,0,0,1,0,6,4,5,6,2,2,6,2,6,5,2,2,2,2,2,0
329,2,2021,1,59,0,0,1,0,1,0,0,0,0,4,2,5,2,1,1,1,3,4,3,1,2,2,2,1,1
330,2,2021,1,52,1,1,1,0,1,0,0,0,0,4,4,4,4,4,4,4,4,4,4,4,4,4,4,4,0
331,2,2021,1,61,0,0,1,0,1,0,0,0,0,1,1,1,1,1,1,5,1,1,1,1,5,1,6,1,1
332,2,2021,1,51,0,0,2,0,1,0,0,0,0,1,7,1,7,1,1,1,1,1,1,1,1,1,1,1,1
333,2,2021,0,57,1,1,5,0,0,1,0,0,0,5,7,3,6,1,1,7,2,6,2,2,4,1,1,2,1
334,2,2021,1,37,0,0,2,0,1,0,0,0,0,6,5,4,3,3,3,6,5,4,5,7,5,3,4,5,1
335,2,2021,1,52,1,1,5,0,1,0,0,0,0,5,6,4,5,6,4,6,4,4,3,3,4,4,3,4,0
336,2,2021,1,62,1,0,3,0,1,0,0,0,0,2,2,2,5,5,3,6,2,5,4,2,5,3,2,2,0
337,2,2021,1,69,0,1,2,0,1,0,0,0,0,6,5,5,3,3,1,6,1,6,2,1,2,5,1,1,1
338,2,2021,1,75,1,1,5,0,0,0,0,1,0,3,4,5,5,4,4,5,5,4,4,4,5,4,3,4,1
339,2,2021,1,85,1,1,5,0,1,0,0,0,0,2,2,3,1,1,7,7,5,4,5,4,4,4,1,1,0
340,2,2021,0,54,0,1,3,0,0,0,0,0,1,1,1,1,1,1,1,1,1,1,1,1,1,1,2,1,1
341,2,2021,1,73,1,1,4,0,1,0,0,0,0,6,6,6,5,1,1,7,1,5,2,1,1,1,5,5,0
342,2,2021,0,43,1,1,3,0,1,0,0,0,0,2,1,4,1,1,1,7,4,2,4,4,4,4,4,4,1
343,2,2021,0,72,1,0,4,0,0,1,0,0,0,5,4,3,5,3,4,5,3,4,4,3,3,3,3,4,0
344,2,2021,0,48,1,1,5,0,0,1,0,0,0,1,1,4,1,1,1,7,7,3,7,6,5,7,1,4,1
345,2,2021,0,53,0,0,4,0,1,0,0,0,0,6,5,6,6,5,5,7,4,2,6,3,4,2,2,3,1
346,2,2021,0,63,1,1,3,0,0,1,0,0,0,5,2,6,6,2,1,6,1,5,1,1,2,1,1,1,1
347,2,2021,1,48,0,1,1,0,0,0,0,1,0,5,5,5,3,1,5,6,1,4,1,1,1,1,1,1,1
348,2,2021,0,60,1,1,5,0,0,1,0,0,0,6,7,7,7,3,5,7,4,7,6,3,7,1,3,1,1
349,2,2021,1,68,1,1,3,0,0,0,0,1,0,1,1,7,7,7,7,7,1,7,1,1,1,1,1,1,1
350,2,2021,0,34,1,0,5,0,0,1,0,0,0,5,2,6,3,1,1,4,3,4,1,1,1,2,1,1,1
351,2,2021,0,58,1,1,5,0,0,1,0,0,0,4,3,5,7,3,1,7,4,4,3,1,2,1,1,1,0
352,2,2021,0,73,0,1,0,1,0,1,0,0,0,3,5,4,6,5,5,6,2,4,1,1,3,1,2,1,0
353,2,2021,1,69,1,1,5,0,1,0,0,0,0,5,4,6,6,1,1,7,1,4,5,2,4,1,3,2,1
354,2,2021,0,76,0,1,3,0,0,0,0,1,0,5,4,3,5,3,1,6,4,4,3,4,4,2,2,2,0
355,2,2021,0,55,1,1,5,0,1,0,0,0,0,6,6,6,5,6,6,6,2,6,1,1,4,2,2,4,0
356,2,2021,0,61,1,0,2,0,1,0,0,0,0,4,4,5,5,4,4,4,4,5,4,3,4,4,3,3,1
357,2,2021,1,52,1,1,4,0,1,0,0,0,0,1,2,2,1,2,2,1,1,1,1,1,1,1,1,1,1
358,2,2021,1,61,1,1,4,0,1,0,0,0,0,4,4,4,4,4,4,4,4,4,4,4,4,4,4,4,0
359,2,2021,0,65,0,1,2,0,0,0,0,1,0,2,2,5,4,2,2,7,1,4,2,1,4,1,1,1,1
360,2,2021,1,44,0,0,5,0,1,0,0,0,0,4,5,4,6,5,1,6,1,4,2,2,2,1,2,2,0
361,2,2021,1,61,0,0,1,0,1,0,0,0,0,2,4,5,5,3,3,3,4,5,3,3,4,3,2,2,1
362,2,2021,1,54,1,1,3,0,1,0,0,0,0,4,4,4,5,4,4,4,4,4,4,4,4,4,4,4,1
363,2,2021,1,69,1,1,3,0,0,0,0,1,0,4,4,5,4,4,2,4,4,4,4,4,4,4,4,1,0
364,2,2021,1,70,1,1,2,0,0,0,0,1,0,4,3,3,6,4,4,6,2,5,3,2,4,2,3,2,0
365,2,2021,1,46,1,1,0,1,1,0,0,0,0,3,4,4,4,3,4,4,4,4,4,4,4,4,4,4,1
366,2,2021,1,43,0,0,3,0,1,0,0,0,0,4,1,5,4,4,4,4,4,4,4,4,3,3,4,4,1
367,2,2021,1,50,1,0,5,0,1,0,0,0,0,5,5,5,3,4,3,4,3,3,4,5,3,5,5,3,1
368,2,2021,1,51,1,1,5,0,1,0,0,0,0,3,6,6,6,2,2,5,5,5,5,3,5,6,4,6,1
369,2,2021,1,49,1,1,5,0,1,0,0,0,0,5,4,5,6,2,2,7,1,5,1,1,4,1,1,1,1
370,2,2021,0,45,1,1,0,1,0,1,0,0,0,5,6,5,6,1,1,7,5,4,5,3,1,1,2,2,1
371,2,2021,0,56,1,0,4,0,0,1,0,0,0,2,4,5,5,1,1,7,5,1,7,5,6,4,1,4,1
372,2,2021,0,34,1,0,0,1,1,0,0,0,0,1,2,1,1,1,1,1,1,1,1,1,1,1,1,1,1
373,2,2021,1,73,1,1,0,1,1,0,0,0,0,4,4,4,5,4,4,4,1,4,1,1,6,1,1,1,1
374,2,2021,1,59,0,0,0,1,0,0,0,0,1,4,4,4,4,4,4,4,4,4,4,4,5,4,4,4,1
375,2,2021,1,65,1,1,5,0,1,0,0,0,0,4,4,5,7,5,4,6,1,4,1,1,1,1,1,1,1
376,2,2021,0,55,0,0,3,0,1,0,0,0,0,6,6,6,4,4,4,4,5,2,4,4,4,2,4,4,1
377,2,2021,1,58,1,1,5,0,1,0,0,0,0,3,1,5,6,1,1,4,5,1,5,4,7,4,4,2,1
378,2,2021,0,43,0,0,2,0,1,0,0,0,0,1,7,1,4,1,1,7,5,1,5,3,3,4,5,4,1
379,2,2021,1,48,1,1,4,0,1,0,0,0,0,7,7,2,7,5,1,7,1,7,3,1,2,1,1,1,0
380,2,2021,1,43,1,1,4,0,1,0,0,0,0,4,4,4,4,4,4,4,4,4,4,4,4,4,4,4,1
381,2,2021,0,52,1,1,5,0,1,0,0,0,0,7,7,7,7,1,2,7,7,1,7,7,2,7,7,7,1
382,2,2021,0,59,0,0,2,0,1,0,0,0,0,4,4,4,4,4,4,4,3,4,3,3,3,3,3,4,1
383,2,2021,1,61,0,1,0,1,0,0,0,0,1,5,3,5,4,4,4,6,5,4,6,5,6,5,5,5,1
384,2,2021,1,62,1,1,5,0,1,0,0,0,0,1,1,1,1,1,1,1,1,1,1,1,1,1,1,1,0
385,2,2021,0,47,0,0,0,1,1,0,0,0,0,1,2,5,3,1,1,7,5,4,6,3,4,4,5,5,1
386,2,2021,1,59,1,1,5,0,0,0,0,0,1,1,1,1,4,1,1,6,5,4,2,2,2,2,2,2,1
387,2,2021,0,46,1,0,3,0,1,0,0,0,0,1,1,6,7,5,5,7,1,5,1,1,1,1,1,1,1
388,2,2021,1,55,1,1,4,0,1,0,0,0,0,5,3,5,7,1,5,7,1,4,6,2,2,1,1,5,0
389,2,2021,1,85,1,1,3,0,0,0,0,0,1,1,1,2,7,5,1,7,1,7,5,1,4,1,1,1,1
390,2,2021,1,54,0,0,0,1,1,0,0,0,0,4,4,4,4,4,4,4,4,4,4,4,5,4,4,4,1
391,2,2021,1,57,1,1,5,0,1,0,0,0,0,3,5,5,6,7,2,6,1,6,3,1,1,1,1,1,0
392,2,2021,0,72,1,1,5,0,1,0,0,0,0,1,2,6,5,1,1,7,5,4,3,2,5,3,1,2,1
393,2,2021,0,57,0,0,3,0,1,0,0,0,0,4,4,5,7,1,1,7,4,4,5,2,4,4,1,2,1
394,2,2021,0,61,0,1,5,0,1,0,0,0,0,4,2,7,4,5,5,7,1,7,4,1,1,1,1,1,0
395,2,2021,1,66,1,1,5,0,1,0,0,0,0,2,3,5,5,2,1,7,3,5,2,1,1,1,1,6,0
396,2,2021,1,45,0,0,2,0,1,0,0,0,0,2,2,2,1,1,2,1,1,1,1,1,1,1,1,1,1
397,2,2021,1,62,1,1,2,0,1,0,0,0,0,5,1,2,4,5,4,5,4,4,2,2,4,3,5,4,1
398,2,2021,1,73,1,1,2,0,1,0,0,0,0,4,3,4,6,5,5,7,5,5,5,3,5,4,2,2,1
399,2,2021,0,51,1,0,4,0,0,1,0,0,0,6,4,6,6,6,1,7,5,6,5,3,3,4,2,1,0
400,2,2021,0,49,0,0,0,1,0,0,0,1,0,5,1,5,5,1,1,6,4,4,4,4,4,4,4,4,1
401,2,2021,0,51,1,0,3,0,1,0,0,0,0,1,4,3,5,1,6,6,1,4,1,1,1,1,1,1,0
402,2,2021,0,44,1,0,0,1,0,1,0,0,0,2,2,2,4,1,1,5,4,1,4,3,6,4,2,1,1
403,2,2021,1,49,0,0,0,1,0,0,0,0,1,4,5,4,4,3,3,4,4,4,4,4,4,4,4,4,0
404,2,2021,1,47,0,0,0,1,0,0,0,0,1,1,1,1,7,1,1,7,1,7,5,1,3,1,1,1,0
405,2,2021,1,52,0,0,3,0,1,0,0,0,0,4,4,4,4,4,4,4,4,4,4,4,4,4,4,1,1
406,2,2021,1,50,1,1,5,0,1,0,0,0,0,3,4,5,6,6,2,5,2,4,2,2,2,2,2,2,1
407,2,2021,0,48,1,0,4,0,0,1,0,0,0,3,4,3,5,3,3,5,4,4,5,3,4,4,4,3,1
408,2,2021,0,60,1,1,0,1,1,0,0,0,0,4,5,6,5,4,4,7,6,6,6,4,4,4,4,2,1
409,2,2021,0,41,0,0,2,0,1,0,0,0,0,4,3,4,4,4,1,6,3,2,5,4,4,3,3,3,0
410,2,2021,1,49,0,0,5,0,1,0,0,0,0,7,1,1,7,1,1,1,1,7,1,1,1,1,1,1,1
411,2,2021,1,52,0,0,3,0,1,0,0,0,0,1,1,6,1,1,1,1,1,1,1,1,1,1,1,1,1
412,2,2021,1,51,1,1,5,0,1,0,0,0,0,3,5,4,3,3,4,4,5,4,4,4,4,3,4,4,1
413,2,2021,1,44,1,1,3,0,1,0,0,0,0,4,2,5,4,3,1,6,5,6,2,1,6,5,1,1,1
414,2,2021,1,52,1,1,4,0,1,0,0,0,0,4,6,4,5,3,3,4,4,4,4,4,4,4,4,4,0
415,2,2021,0,71,1,1,2,0,1,0,0,0,0,3,7,7,7,5,1,7,1,5,1,1,3,1,1,2,0
416,2,2021,1,81,1,1,3,0,0,0,0,1,0,6,6,6,6,5,5,7,6,5,5,7,7,7,6,6,1
417,2,2021,1,64,0,1,0,1,1,0,0,0,0,6,5,4,1,5,1,6,1,5,1,1,5,1,1,1,1
418,2,2021,1,52,1,1,5,0,1,0,0,0,0,4,4,4,4,4,4,6,6,2,4,4,6,4,6,6,0
419,2,2021,0,43,1,1,3,0,1,0,0,0,0,1,1,1,4,1,1,7,5,1,4,1,1,1,1,1,1
420,2,2021,1,57,0,0,2,0,1,0,0,0,0,4,4,3,3,4,3,4,3,4,4,4,3,4,3,4,1
421,2,2021,1,45,0,0,2,0,1,0,0,0,0,4,4,4,4,4,4,4,4,4,4,4,4,4,4,4,1
422,2,2021,1,69,0,1,0,1,1,0,0,0,0,6,7,6,7,7,1,7,1,7,1,1,1,1,1,1,1
423,2,2021,1,63,1,1,5,0,1,0,0,0,0,2,2,3,2,2,2,2,5,1,4,3,2,3,2,2,0
424,2,2021,0,53,0,0,0,1,0,0,0,0,1,1,3,4,2,5,1,4,4,3,4,2,4,2,2,2,1
425,2,2021,1,71,0,0,2,0,0,0,0,1,0,5,2,4,7,4,1,4,1,4,1,1,4,1,1,1,1
426,2,2021,1,67,1,1,3,0,1,0,0,0,0,4,1,6,7,3,1,7,1,7,5,1,1,1,1,3,1
427,2,2021,0,68,0,1,3,0,0,1,0,0,0,7,7,7,7,5,7,7,1,7,2,1,1,2,1,4,0
428,2,2021,1,63,1,1,5,0,1,0,0,0,0,4,6,6,6,1,1,6,2,6,2,2,2,2,2,2,1
429,2,2021,1,59,1,0,2,0,0,0,0,1,0,5,5,4,6,2,2,5,1,4,4,2,2,2,2,1,1
430,2,2021,1,73,0,0,2,0,0,0,0,1,0,3,1,5,3,1,1,7,1,6,1,1,1,1,1,1,1
431,2,2021,1,71,1,0,2,0,0,0,0,1,0,4,4,4,4,4,4,4,4,4,4,4,4,4,4,4,0
432,2,2021,1,66,1,1,4,0,1,0,0,0,0,5,5,5,5,4,5,4,5,5,5,5,5,5,5,5,0
433,2,2021,1,81,1,1,5,0,0,0,0,1,0,7,7,4,7,4,4,7,4,7,4,7,4,4,1,1,0
434,2,2021,0,70,0,0,2,0,0,0,0,1,0,2,2,2,2,2,2,2,2,2,2,2,2,2,2,2,1
435,2,2021,1,43,1,1,5,0,1,0,0,0,0,1,3,3,1,1,1,7,2,4,3,1,3,1,1,1,1
436,2,2021,1,57,0,0,1,0,0,0,0,1,0,4,4,3,4,4,4,4,4,4,4,4,4,4,4,3,1
437,2,2021,1,45,0,0,2,0,1,0,0,0,0,3,3,3,3,4,5,1,3,5,4,4,1,5,4,3,1
438,2,2021,1,46,1,1,4,0,1,0,0,0,0,3,1,4,7,2,5,2,4,6,7,5,7,5,5,4,0
439,2,2021,1,57,1,0,3,0,1,0,0,0,0,4,5,5,5,1,1,6,1,5,1,1,3,4,1,1,1
440,2,2021,1,55,0,0,2,0,0,0,0,0,1,1,1,1,6,1,1,7,2,4,4,1,4,4,1,4,1
441,2,2021,1,71,1,1,5,0,0,0,0,1,0,2,2,6,7,7,1,7,1,7,1,1,1,1,1,1,1
442,2,2021,0,61,1,0,2,0,0,1,0,0,0,3,3,6,7,6,1,7,2,6,2,2,1,1,1,1,1
443,2,2021,1,67,0,0,1,0,0,0,0,1,0,1,4,3,6,1,1,7,4,2,4,4,4,4,4,4,0
444,2,2021,0,48,1,1,5,0,1,0,0,0,0,4,5,6,7,5,5,7,1,6,1,1,2,1,1,1,0
445,2,2021,0,42,0,1,2,0,1,0,0,0,0,4,1,4,6,1,1,6,1,1,1,1,4,1,1,1,0
446,2,2021,1,57,1,1,5,0,1,0,0,0,0,4,6,5,4,5,1,5,3,4,4,3,5,2,3,4,0
447,2,2021,0,47,1,0,2,0,0,1,0,0,0,5,5,7,7,1,1,7,4,4,1,1,1,1,1,1,1
448,2,2021,1,54,1,1,5,0,1,0,0,0,0,7,7,7,4,6,1,4,4,4,4,4,4,4,4,4,0
449,2,2021,1,47,1,1,4,0,1,0,0,0,0,2,3,3,3,2,2,2,3,2,2,2,5,3,2,3,1
450,2,2021,1,48,1,1,5,0,1,0,0,0,0,6,6,6,6,6,1,6,6,6,3,1,6,6,1,1,0
451,2,2021,1,51,0,0,5,0,1,0,0,0,0,1,4,1,2,2,1,6,2,3,2,1,3,4,1,1,1
452,2,2021,1,73,1,1,3,0,1,0,0,0,0,4,4,4,4,4,4,4,4,4,4,4,4,4,4,4,1
453,2,2021,1,47,0,0,3,0,0,0,0,1,0,4,4,4,4,4,4,4,1,4,1,1,1,1,1,1,1
454,2,2021,1,64,0,0,0,1,0,0,0,1,0,5,7,7,6,7,5,7,1,6,1,1,3,1,1,1,0
455,2,2021,1,42,1,1,4,0,1,0,0,0,0,6,4,4,4,6,4,4,4,4,4,4,4,4,4,4,0
456,2,2021,1,48,1,1,2,0,1,0,0,0,0,2,6,6,6,1,1,7,1,3,4,1,2,1,1,1,1
457,2,2021,1,59,1,1,4,0,1,0,0,0,0,4,5,7,6,4,5,7,4,4,4,4,3,3,3,3,0
458,2,2021,1,51,1,0,3,0,1,0,0,0,0,1,1,1,3,1,1,6,4,2,3,4,3,3,4,4,1
459,2,2021,1,64,1,1,2,0,1,0,0,0,0,4,4,4,5,2,1,4,4,5,4,4,4,4,4,4,1
460,2,2021,1,56,1,1,5,0,1,0,0,0,0,7,7,4,7,1,1,7,1,7,1,1,1,1,1,1,0
461,2,2021,1,69,1,1,3,0,1,0,0,0,0,2,2,2,3,2,2,7,2,4,3,3,2,2,3,2,1
462,2,2021,0,47,1,1,3,0,1,0,0,0,0,5,5,6,6,6,2,7,2,5,6,5,2,3,2,2,1
463,2,2021,0,54,1,0,3,0,1,0,0,0,0,2,2,4,6,3,3,6,4,3,6,4,4,5,4,5,0
464,2,2021,1,61,1,1,5,0,1,0,0,0,0,3,4,4,3,3,3,3,4,3,3,4,4,4,3,4,1
465,2,2021,0,69,1,1,2,0,0,1,0,0,0,7,7,6,7,6,6,7,1,5,4,2,1,1,1,1,0
466,2,2021,1,58,1,1,3,0,1,0,0,0,0,4,5,6,5,4,2,7,1,6,6,1,7,1,1,7,1
467,2,2021,1,68,1,1,3,0,1,0,0,0,0,4,5,5,4,4,4,4,4,4,4,4,4,4,4,4,0
468,2,2021,0,42,1,1,5,0,0,1,0,0,0,5,5,7,3,6,1,7,5,5,6,3,1,4,1,7,0
469,2,2021,0,50,1,1,3,0,0,1,0,0,0,4,5,4,6,1,1,6,6,2,6,5,4,4,4,4,1
470,2,2021,1,58,1,1,5,0,1,0,0,0,0,1,1,1,7,5,1,6,1,4,1,1,6,1,1,1,1
471,2,2021,1,52,0,0,1,0,1,0,0,0,0,1,1,1,1,1,1,1,2,1,1,1,7,1,1,7,1
472,2,2021,1,59,1,0,5,0,1,0,0,0,0,1,6,6,7,1,1,7,1,7,2,1,1,1,1,1,1
473,2,2021,1,57,1,1,4,0,1,0,0,0,0,5,4,5,3,5,4,4,4,3,5,3,4,5,3,3,1
474,2,2021,0,46,1,1,5,0,1,0,0,0,0,5,4,5,6,1,1,6,2,3,1,1,3,1,1,1,0
475,2,2021,0,56,1,0,3,0,1,0,0,0,0,2,5,5,2,3,1,6,6,4,4,2,1,6,2,2,1
476,2,2021,1,59,1,1,5,0,1,0,0,0,0,4,4,4,7,4,4,7,5,7,3,1,5,3,1,2,1
477,2,2021,0,47,0,0,4,0,1,0,0,0,0,7,5,6,6,6,6,7,2,7,2,1,2,2,1,1,0
478,2,2021,0,49,0,0,2,0,1,0,0,0,0,1,1,7,7,1,1,7,1,6,1,1,1,1,1,1,1
479,2,2021,0,54,0,0,3,0,1,0,0,0,0,5,5,5,5,5,5,5,3,5,3,3,3,3,3,3,0
480,2,2021,0,36,1,1,5,0,1,0,0,0,0,4,6,6,7,7,6,6,6,7,3,2,3,3,3,3,0
481,2,2021,1,48,1,1,5,0,0,0,0,0,1,5,5,4,4,5,3,5,4,3,5,3,3,4,4,4,0
482,2,2021,0,47,1,1,5,0,1,0,0,0,0,3,3,5,3,3,1,5,4,3,3,1,3,2,2,3,1
483,2,2021,0,37,0,0,2,0,1,0,0,0,0,5,5,5,5,1,1,5,4,5,5,4,5,4,3,4,1
484,2,2021,0,58,1,1,5,0,0,1,0,0,0,1,5,6,7,7,1,7,1,5,1,1,1,1,1,1,0
485,2,2021,0,52,1,1,3,0,1,0,0,0,0,2,2,7,6,5,3,6,3,4,3,2,7,2,2,5,0
486,2,2021,0,33,1,0,0,1,1,0,0,0,0,1,4,5,4,1,1,7,4,4,4,4,4,4,4,3,1
487,2,2021,0,47,1,1,0,1,0,1,0,0,0,5,3,5,5,2,2,7,3,5,3,1,1,1,2,1,1
488,2,2021,1,73,1,1,5,0,0,0,0,1,0,4,5,4,6,4,4,7,4,5,4,1,4,2,1,1,0
489,2,2021,1,66,0,0,1,0,0,0,0,1,0,5,1,5,6,1,1,5,1,4,2,1,1,1,1,1,1
490,2,2021,0,43,1,0,0,1,1,0,0,0,0,6,7,6,7,3,3,7,1,7,1,1,7,1,1,1,1
491,2,2021,0,57,0,0,4,0,1,0,0,0,0,1,1,5,5,2,1,7,2,2,3,2,5,1,2,5,1
492,2,2021,0,68,1,1,3,0,0,0,0,0,1,5,5,5,3,5,2,6,2,3,2,2,4,4,2,5,1
493,2,2021,1,51,0,0,1,0,0,0,0,1,0,1,1,1,1,1,1,1,1,1,1,1,5,1,1,1,1
494,2,2021,1,70,1,1,2,0,0,0,0,1,0,4,6,4,5,5,2,6,2,4,3,2,4,1,1,1,1
495,2,2021,1,54,1,1,5,0,1,0,0,0,0,4,5,4,4,4,4,4,4,4,4,4,4,4,4,4,1
496,2,2021,1,58,1,1,3,0,1,0,0,0,0,1,1,1,1,1,1,1,1,1,1,1,4,1,1,1,1
497,2,2021,1,71,1,1,2,0,0,0,0,1,0,4,2,5,7,1,5,5,1,6,1,1,1,1,1,1,1
498,2,2021,1,55,1,1,4,0,1,0,0,0,0,6,2,2,7,3,3,7,2,4,4,1,1,1,1,3,1
499,2,2021,0,71,1,1,3,0,0,1,0,0,0,3,5,3,5,5,5,7,2,5,4,2,4,2,2,2,0
500,2,2021,1,63,1,1,5,0,1,0,0,0,0,4,7,7,7,4,6,7,1,7,1,1,4,1,1,1,0
501,2,2021,0,60,1,1,3,0,1,0,0,0,0,7,7,7,7,2,3,7,4,7,4,2,1,7,4,4,0
502,2,2021,1,59,1,0,0,1,1,0,0,0,0,3,2,2,4,1,1,7,4,4,2,1,4,4,2,2,1
503,2,2021,1,71,1,0,4,0,1,0,0,0,0,3,1,5,3,4,4,5,3,5,2,2,5,3,3,2,1
504,2,2021,1,76,1,1,0,1,0,0,0,0,1,1,1,1,6,1,1,1,1,1,2,1,1,1,1,1,1
505,2,2021,1,63,1,0,5,0,1,0,0,0,0,1,4,4,2,4,1,6,1,6,1,1,7,1,1,1,1
506,2,2021,0,58,1,0,2,0,0,1,0,0,0,1,1,6,7,1,1,7,4,6,5,2,7,1,1,1,1
507,2,2021,1,68,1,1,3,0,1,0,0,0,0,7,1,4,7,7,5,7,1,7,1,1,1,1,1,1,0
508,2,2021,0,59,0,0,4,0,1,0,0,0,0,4,4,4,4,4,4,4,4,4,4,4,4,4,4,4,1
509,2,2021,1,54,1,0,4,0,1,0,0,0,0,6,5,5,7,5,5,7,1,5,1,1,1,1,1,1,0
510,2,2021,0,44,1,1,5,0,0,1,0,0,0,2,3,5,5,2,2,2,3,5,3,3,3,3,3,2,1
511,2,2021,1,55,0,0,4,0,1,0,0,0,0,3,4,4,4,4,4,4,4,4,4,4,4,4,4,4,1
512,2,2021,1,45,0,0,3,0,1,0,0,0,0,4,4,3,2,4,4,3,4,4,3,3,4,3,3,4,1
513,2,2021,1,61,1,0,5,0,1,0,0,0,0,7,7,7,7,7,1,1,2,7,1,1,1,1,1,1,1
514,2,2021,0,42,1,1,3,0,0,1,0,0,0,4,5,4,3,4,3,7,5,4,5,3,6,3,4,4,1
515,2,2021,0,62,1,1,1,0,0,1,0,0,0,3,3,5,5,3,3,5,3,4,3,4,3,3,4,3,1
516,2,2021,1,51,1,1,5,0,1,0,0,0,0,4,4,4,4,3,3,4,4,4,4,5,4,4,4,4,0
517,2,2021,0,47,1,0,5,0,1,0,0,0,0,1,6,5,2,4,1,7,7,2,5,6,4,6,4,7,1
518,2,2021,1,63,1,1,5,0,1,0,0,0,0,2,6,6,7,1,5,7,2,7,1,1,5,2,1,1,0
519,2,2021,0,79,0,1,0,1,0,1,0,0,0,6,5,7,7,6,4,5,1,5,1,1,1,1,1,1,0
520,2,2021,0,71,1,1,3,0,0,1,0,0,0,4,4,5,5,5,1,7,3,5,4,3,4,2,1,4,0
521,2,2021,1,51,1,1,5,0,1,0,0,0,0,4,4,4,7,5,3,7,1,7,5,2,2,1,1,1,0
522,2,2021,1,70,1,1,5,0,1,0,0,0,0,4,6,6,7,4,4,7,3,7,3,1,3,4,1,2,0
523,2,2021,1,44,1,1,0,1,1,0,0,0,0,2,1,1,5,2,1,7,2,4,1,1,3,1,1,1,1
524,2,2021,0,55,1,1,4,0,0,1,0,0,0,5,5,5,5,5,5,5,5,5,5,5,5,5,5,5,0
525,2,2021,0,55,0,0,1,0,0,0,0,1,0,6,2,2,6,5,1,6,1,5,1,1,5,1,1,3,1
526,2,2021,1,73,1,1,4,0,0,0,0,1,0,4,3,4,7,1,6,7,5,6,5,1,1,1,1,1,0
527,2,2021,1,55,1,1,3,0,1,0,0,0,0,1,2,2,6,2,1,5,4,4,5,4,4,4,4,4,0
528,2,2021,1,50,0,0,5,0,1,0,0,0,0,2,2,2,3,2,2,2,2,2,3,2,3,2,2,2,1
529,2,2021,1,72,1,1,2,0,0,0,0,1,0,4,5,6,6,1,1,7,1,4,1,1,1,1,1,1,1
530,2,2021,1,58,0,0,2,0,1,0,0,0,0,4,4,4,4,4,4,5,7,4,7,7,7,7,7,7,1
531,2,2021,1,52,0,0,3,0,1,0,0,0,0,6,5,4,5,2,4,4,2,5,2,1,5,1,1,1,0
532,2,2021,0,69,1,1,0,1,0,1,0,0,0,2,1,6,5,1,1,7,5,7,4,4,2,2,1,1,1
533,2,2021,0,60,1,1,2,0,1,0,0,0,0,5,2,4,7,2,2,7,1,3,7,1,7,1,2,1,1
534,2,2021,1,69,1,1,2,0,1,0,0,0,0,1,1,4,7,3,1,7,1,4,2,1,3,1,1,1,1
535,2,2021,0,58,0,1,2,0,1,0,0,0,0,4,4,4,6,4,3,6,5,4,5,1,5,1,1,2,1
536,2,2021,0,64,1,1,0,1,0,1,0,0,0,4,1,6,7,4,2,7,4,4,5,4,7,4,4,1,0
537,2,2021,0,48,0,0,2,0,1,0,0,0,0,6,2,6,3,4,4,6,2,5,2,2,2,2,1,3,0
538,2,2021,0,35,1,1,3,0,1,0,0,0,0,5,5,5,5,5,1,7,5,5,4,4,4,4,4,6,0
539,2,2021,0,67,1,1,3,0,0,1,0,0,0,1,5,4,7,5,1,7,1,5,5,1,1,1,1,1,1
540,2,2021,1,69,1,0,2,0,1,0,0,0,0,2,2,5,6,2,2,6,2,5,6,2,2,1,2,2,1
541,2,2021,1,41,0,0,3,0,1,0,0,0,0,4,2,3,4,4,4,4,4,4,4,4,4,4,4,4,1
542,2,2021,1,56,1,1,5,0,1,0,0,0,0,2,2,2,2,2,2,2,3,2,3,3,3,2,2,2,1
543,2,2021,1,54,1,1,5,0,1,0,0,0,0,4,4,5,6,5,1,4,2,4,3,1,1,1,1,1,0
544,2,2021,1,44,1,0,3,0,1,0,0,0,0,1,1,4,1,1,1,7,5,7,1,1,1,1,1,1,1
545,2,2021,1,73,0,1,2,0,0,0,0,1,0,5,7,3,4,4,3,5,5,4,5,2,5,2,2,1,1
546,2,2021,1,39,0,0,0,1,1,0,0,0,0,7,5,6,2,4,6,6,3,5,2,2,2,2,2,2,0
547,2,2021,1,63,1,1,0,1,1,0,0,0,0,1,2,1,2,1,1,3,1,2,1,1,4,1,1,1,1
548,2,2021,1,59,0,0,0,1,0,0,0,1,0,5,4,1,4,6,1,5,1,5,1,1,4,1,1,1,1
549,2,2021,1,69,1,1,5,0,1,0,0,0,0,6,6,6,6,5,4,6,4,6,4,4,5,4,4,5,0
550,2,2021,1,49,0,0,3,0,1,0,0,0,0,1,1,1,2,1,1,5,5,3,5,2,4,4,2,5,1
551,2,2021,1,46,1,1,4,0,1,0,0,0,0,4,1,1,4,5,1,7,4,4,4,1,4,1,1,1,1
552,2,2021,1,60,1,1,3,0,1,0,0,0,0,6,7,4,7,5,3,6,2,5,5,1,4,4,2,2,1
553,2,2021,1,71,1,1,4,0,0,0,0,1,0,5,7,6,7,4,1,7,1,4,1,1,1,1,1,1,1
554,2,2021,0,58,0,0,2,0,1,0,0,0,0,1,1,4,7,1,1,7,1,7,1,1,1,1,1,1,1
555,2,2021,0,54,0,0,0,1,0,0,0,1,0,4,4,5,5,4,4,6,4,4,5,4,6,4,4,4,1
556,2,2021,1,58,0,0,1,0,1,0,0,0,0,7,2,5,7,1,1,6,1,6,5,1,2,1,1,1,1
557,2,2021,1,62,1,1,3,0,1,0,0,0,0,4,5,5,6,5,1,4,1,4,1,1,1,1,1,1,1
558,2,2021,1,43,0,0,3,0,1,0,0,0,0,5,4,5,3,3,5,5,4,3,3,3,2,5,6,6,0
559,2,2021,1,76,1,1,4,0,0,0,0,1,0,1,4,6,6,1,1,7,4,2,5,2,4,1,1,1,0
560,2,2021,1,66,1,1,1,0,0,0,0,1,0,4,5,5,4,4,4,4,4,4,4,4,4,4,4,4,0
561,2,2021,1,50,1,1,5,0,1,0,0,0,0,4,4,4,4,4,4,4,4,4,4,4,4,4,4,4,0
562,2,2021,0,49,1,1,5,0,0,1,0,0,0,2,1,2,3,1,1,6,4,2,4,4,3,4,4,5,1
563,2,2021,1,72,1,1,3,0,0,0,0,1,0,3,7,5,2,2,2,6,5,3,3,4,1,6,3,4,1
564,2,2021,0,37,0,0,4,0,1,0,0,0,0,1,6,3,5,1,4,7,6,1,2,1,4,6,1,4,1
565,2,2021,1,53,0,0,4,0,1,0,0,0,0,2,2,2,2,2,2,4,1,4,2,2,1,1,2,2,1
566,2,2021,1,60,0,0,2,0,1,0,0,0,0,4,4,4,4,4,4,3,4,4,4,4,4,4,4,4,1
567,2,2021,0,51,0,0,0,1,1,0,0,0,0,1,1,3,5,1,1,7,1,3,1,1,1,1,1,1,1
568,2,2021,0,61,0,0,3,0,1,0,0,0,0,5,1,4,7,5,1,6,2,4,2,2,2,2,2,2,1
569,2,2021,1,45,0,0,5,0,1,0,0,0,0,5,6,4,5,5,1,5,4,4,4,2,2,2,2,2,1
570,2,2021,0,58,1,1,5,0,1,0,0,0,0,5,5,5,7,5,1,7,2,6,2,1,1,1,1,1,0
571,2,2021,1,73,1,1,2,0,0,0,0,1,0,5,6,6,6,6,1,6,1,6,5,1,1,1,1,1,1
572,2,2021,0,70,1,1,2,0,0,1,0,0,0,6,5,6,6,4,3,7,1,6,2,1,1,1,1,1,0
573,2,2021,1,63,1,1,5,0,1,0,0,0,0,4,4,5,4,4,4,6,4,4,4,4,6,4,4,4,1
574,2,2021,1,79,1,1,2,0,0,0,0,1,0,5,5,5,5,5,4,5,3,5,3,3,3,3,3,3,1
575,2,2021,1,61,1,1,5,0,1,0,0,0,0,2,4,4,4,4,4,4,4,4,4,4,4,4,4,4,1
576,2,2021,1,70,1,1,5,0,1,0,0,0,0,4,4,4,7,6,1,6,1,6,4,2,1,1,1,1,0
577,2,2021,1,76,0,0,5,0,0,0,0,1,0,4,4,4,7,1,1,6,1,6,3,3,1,2,2,1,1
578,2,2021,0,48,0,0,2,0,1,0,0,0,0,1,5,5,5,1,1,6,5,3,5,4,4,5,4,3,1
579,2,2021,0,54,1,1,3,0,1,0,0,0,0,1,2,4,5,1,1,7,1,4,1,1,4,1,1,1,1
580,2,2021,1,45,0,0,5,0,1,0,0,0,0,5,5,5,5,3,5,5,5,5,5,5,5,3,5,5,0
581,2,2021,0,52,0,0,3,0,1,0,0,0,0,2,2,2,3,7,7,7,4,4,2,2,4,1,1,1,1
582,2,2021,0,36,1,1,2,0,1,0,0,0,0,1,1,2,5,1,1,6,4,5,4,4,4,4,4,4,0
583,2,2021,1,72,1,1,5,0,1,0,0,0,0,6,4,6,6,6,6,7,6,6,6,6,6,2,6,6,0
584,2,2021,1,55,1,1,5,0,1,0,0,0,0,5,2,4,3,4,3,5,5,5,4,4,5,3,3,4,1
585,2,2021,1,55,1,1,4,0,1,0,0,0,0,1,1,1,1,1,1,1,1,1,2,1,1,1,1,1,0
586,2,2021,1,67,1,1,2,0,1,0,0,0,0,4,4,4,5,2,2,6,2,5,3,3,4,2,2,2,0
587,2,2021,1,38,0,0,2,0,1,0,0,0,0,1,1,1,1,1,1,1,1,1,1,1,1,1,1,1,1
588,2,2021,1,50,1,1,5,0,1,0,0,0,0,5,4,4,6,3,3,6,3,4,5,1,1,2,1,1,1
589,2,2021,1,59,0,0,2,0,1,0,0,0,0,4,4,4,3,4,4,4,2,3,2,2,3,3,2,2,1
590,2,2021,1,59,1,1,3,0,1,0,0,0,0,4,5,4,3,1,1,7,4,4,4,4,4,4,4,4,1
591,2,2021,1,48,1,1,3,0,1,0,0,0,0,4,5,5,6,6,5,5,6,6,6,6,6,6,6,5,0
592,2,2021,1,65,0,0,2,0,1,0,0,0,0,4,4,4,4,4,1,4,4,4,4,4,4,4,4,4,1
593,2,2021,1,56,1,0,5,0,1,0,0,0,0,7,7,7,7,7,4,7,4,5,5,4,5,2,3,3,1
594,2,2021,0,51,1,0,5,0,0,1,0,0,0,5,2,5,5,4,1,6,5,5,5,2,2,4,3,2,0
595,2,2021,1,67,1,1,3,0,0,0,0,1,0,1,1,1,6,6,1,6,1,4,1,1,3,1,1,1,1
596,2,2021,1,49,0,0,3,0,1,0,0,0,0,6,1,3,3,2,1,7,4,3,5,2,6,4,4,4,1
597,2,2021,1,49,1,1,3,0,1,0,0,0,0,3,1,1,5,4,1,6,5,3,6,1,5,6,5,6,1
598,2,2021,0,38,1,1,4,0,1,0,0,0,0,4,6,6,6,5,3,6,3,4,3,3,4,3,3,3,1
599,2,2021,0,73,1,1,2,0,0,1,0,0,0,4,7,6,5,4,1,7,1,6,2,1,1,1,1,1,0
600,2,2021,0,41,1,1,2,0,0,1,0,0,0,4,4,4,4,4,4,4,4,4,4,4,4,4,4,1,0
601,2,2021,1,38,1,1,5,0,1,0,0,0,0,1,1,1,1,4,1,4,1,4,1,1,1,1,1,1,1
602,2,2021,1,57,1,1,5,0,1,0,0,0,0,4,4,4,4,4,4,4,4,4,4,4,3,4,4,4,1
603,2,2021,0,62,1,1,0,1,0,1,0,0,0,4,2,5,3,1,1,6,2,5,5,3,4,3,3,4,0
604,2,2021,1,41,0,0,0,1,0,0,0,1,0,1,1,1,1,1,1,1,1,1,1,1,1,1,1,1,1
605,2,2021,1,57,0,0,3,0,1,0,0,0,0,5,6,4,5,4,4,4,4,5,4,4,4,4,4,4,0
606,2,2021,1,44,1,1,5,0,1,0,0,0,0,5,5,4,4,4,4,4,4,4,4,4,4,4,4,4,1
607,2,2021,1,54,1,1,3,0,1,0,0,0,0,2,2,4,4,2,2,2,5,2,5,5,4,2,5,4,1
608,2,2021,1,58,1,1,5,0,1,0,0,0,0,4,5,4,5,4,1,5,1,4,1,1,3,1,1,1,1
609,2,2021,0,73,1,1,4,0,0,1,0,0,0,4,2,6,7,1,1,6,1,6,3,2,1,1,1,1,0
610,2,2021,1,58,1,0,5,0,1,0,0,0,0,4,5,5,6,4,5,6,2,5,2,2,2,2,2,2,1
611,2,2021,0,47,1,1,5,0,1,0,0,0,0,3,4,5,5,3,3,3,5,4,4,6,1,2,5,1,1
612,2,2021,1,57,1,1,2,0,1,0,0,0,0,4,4,4,4,4,4,4,4,4,4,4,4,4,4,4,1
613,2,2021,0,70,1,1,1,0,0,1,0,0,0,7,7,7,7,7,1,7,1,7,5,1,1,1,1,1,1
614,2,2021,1,53,1,1,5,0,1,0,0,0,0,4,7,4,7,4,4,6,1,5,1,1,3,1,1,3,0
615,2,2021,1,34,0,0,1,0,0,0,0,0,1,5,1,1,3,1,1,1,1,1,1,1,4,1,1,1,1
616,2,2021,0,64,1,1,5,0,0,1,0,0,0,5,5,5,6,5,5,5,4,6,4,4,6,6,4,4,0
617,2,2021,0,47,0,0,3,0,1,0,0,0,0,4,3,2,6,1,1,6,2,4,2,1,3,1,1,1,1
618,2,2021,0,53,1,1,5,0,1,0,0,0,0,4,3,5,3,4,3,3,1,1,1,1,3,1,1,1,1
619,2,2021,1,58,1,1,3,0,1,0,0,0,0,4,1,3,7,1,1,6,1,5,1,1,1,1,1,1,1
620,2,2021,1,63,0,0,2,0,0,0,0,1,0,1,5,7,1,1,1,1,1,1,1,1,1,1,1,1,1
621,2,2021,1,61,1,1,5,0,1,0,0,0,0,5,5,5,6,5,1,6,2,4,4,1,3,1,1,3,0
622,2,2021,0,49,0,0,1,0,0,0,0,0,1,1,1,1,1,1,1,5,5,1,4,4,7,4,4,4,1
623,2,2021,1,68,1,0,1,0,0,0,0,1,0,1,2,1,7,1,1,1,1,1,1,1,1,1,1,1,1
624,2,2021,0,52,1,1,0,1,0,1,0,0,0,2,4,7,4,1,1,7,4,4,4,3,4,2,4,3,0
625,2,2021,1,46,0,0,3,0,1,0,0,0,0,5,1,2,3,2,5,5,5,5,2,2,3,1,2,2,1
626,2,2021,0,47,1,1,4,0,0,1,0,0,0,1,5,4,7,1,1,7,1,4,1,1,4,1,1,1,0
627,2,2021,0,55,1,1,0,1,0,1,0,0,0,5,4,4,4,4,4,4,4,4,4,4,4,4,4,4,0
628,2,2021,1,55,0,0,4,0,1,0,0,0,0,3,2,2,4,1,1,6,2,4,2,2,2,2,2,2,1
629,2,2021,1,66,1,1,2,0,0,0,0,1,0,5,5,5,6,5,1,6,2,5,5,1,4,3,1,1,1
630,2,2021,1,48,0,0,5,0,1,0,0,0,0,5,6,6,6,1,5,6,4,6,5,2,2,4,2,2,1
631,2,2021,0,54,0,0,1,0,1,0,0,0,0,1,1,1,1,1,1,7,1,1,7,1,1,1,5,1,1
632,2,2021,1,41,0,0,3,0,0,0,0,0,1,2,2,4,3,2,1,6,4,2,2,1,4,2,4,4,1
633,2,2021,1,61,1,1,4,0,1,0,0,0,0,2,5,2,6,2,2,2,2,2,2,2,2,2,2,2,1
634,2,2021,0,54,0,0,0,1,1,0,0,0,0,3,2,4,7,1,5,7,3,4,1,1,1,1,1,1,1
635,2,2021,1,64,0,0,2,0,0,0,0,1,0,2,5,5,6,1,1,1,1,4,4,2,1,1,2,1,1
636,2,2021,0,41,0,0,3,0,1,0,0,0,0,1,1,1,3,1,1,7,3,4,4,3,4,3,3,3,1
637,2,2021,1,63,1,1,2,0,1,0,0,0,0,4,7,5,7,4,5,7,4,4,4,3,6,4,4,4,1
638,2,2021,1,44,1,1,0,1,1,0,0,0,0,4,5,4,5,4,4,5,4,4,4,4,4,5,4,3,1
639,2,2021,1,57,1,1,4,0,1,0,0,0,0,4,4,4,4,4,4,4,4,4,4,4,4,4,4,4,1
640,2,2021,0,66,0,0,2,0,0,0,0,1,0,7,4,7,7,4,4,7,1,4,4,1,2,1,1,1,0
641,2,2021,1,54,0,0,5,0,1,0,0,0,0,4,1,1,5,1,1,1,4,4,4,4,2,4,4,4,0
642,2,2021,1,76,1,1,5,0,0,0,0,1,0,5,5,5,4,4,4,4,4,4,4,4,4,4,4,4,1
643,2,2021,1,55,1,1,5,0,1,0,0,0,0,7,7,5,7,3,1,7,2,7,1,1,1,1,1,1,0
644,2,2021,0,63,1,1,3,0,0,1,0,0,0,3,2,3,7,2,1,5,1,5,5,3,3,1,2,1,1
645,2,2021,1,46,0,0,3,0,1,0,0,0,0,1,1,5,5,3,1,6,2,3,5,3,2,1,2,2,1
646,2,2021,1,58,0,0,1,0,1,0,0,0,0,4,4,4,6,1,1,6,4,2,5,3,4,4,5,4,1
647,2,2021,0,42,1,1,5,0,1,0,0,0,0,1,2,5,5,2,1,5,4,4,5,1,2,4,1,1,1
648,2,2021,0,74,1,1,2,0,0,1,0,0,0,6,4,6,7,5,5,7,2,7,5,2,2,2,2,1,0
649,2,2021,1,73,0,0,1,0,0,0,0,0,1,5,7,4,5,2,1,6,1,4,2,1,1,1,1,1,1
650,2,2021,1,61,0,0,5,0,1,0,0,0,0,5,5,3,5,2,1,2,1,4,2,1,1,1,1,2,0
651,2,2021,1,52,1,1,5,0,1,0,0,0,0,4,4,4,4,4,4,7,4,4,4,4,4,4,4,4,0
652,2,2021,0,52,0,0,4,0,1,0,0,0,0,5,4,5,6,5,3,7,1,4,2,1,1,1,1,1,0
653,2,2021,1,72,1,1,4,0,1,0,0,0,0,5,5,7,7,4,7,7,1,7,5,3,2,1,1,1,0
654,2,2021,0,35,1,1,0,1,1,0,0,0,0,3,4,5,5,7,2,6,4,4,4,3,4,4,1,3,1
655,2,2021,1,50,0,1,2,0,1,0,0,0,0,4,7,5,6,2,2,6,3,5,5,2,4,3,2,2,1
656,2,2021,0,73,1,1,5,0,1,0,0,0,0,4,1,4,5,4,1,6,1,4,2,2,4,1,2,1,0
657,2,2021,1,65,1,1,4,0,1,0,0,0,0,6,3,5,5,5,5,6,2,5,5,4,2,2,2,3,0
658,2,2021,1,44,0,0,3,0,1,0,0,0,0,2,2,2,2,2,2,2,2,4,2,2,2,2,2,2,1
659,2,2021,1,53,0,0,2,0,1,0,0,0,0,1,7,7,4,4,4,4,4,4,4,4,4,4,4,4,1
660,2,2021,1,56,1,0,2,0,1,0,0,0,0,1,1,1,7,1,1,7,1,1,6,1,5,1,1,2,0
661,2,2021,0,53,1,0,4,0,0,1,0,0,0,6,6,6,6,3,2,6,5,4,5,3,4,4,2,2,1
662,2,2021,1,72,1,1,0,1,1,0,0,0,0,3,3,7,7,3,1,7,2,6,4,2,5,1,2,1,1
663,2,2021,1,56,1,1,4,0,1,0,0,0,0,4,5,4,4,4,4,3,3,4,3,5,3,3,5,5,1
664,2,2021,1,59,0,0,2,0,1,0,0,0,0,2,2,4,6,6,4,5,1,4,1,1,7,1,1,5,1
665,2,2021,1,57,1,1,3,0,1,0,0,0,0,5,2,5,5,6,5,7,2,5,5,2,5,2,1,5,0
666,2,2021,0,50,0,0,2,0,0,0,0,1,0,4,3,3,4,1,1,7,6,5,4,3,5,4,1,4,1
667,2,2021,1,55,1,1,4,0,1,0,0,0,0,2,4,4,1,4,4,7,4,4,5,4,5,6,4,6,1
668,2,2021,0,56,1,1,0,1,1,0,0,0,0,4,1,2,4,6,5,6,4,4,3,1,5,3,1,1,1
669,2,2021,0,74,1,1,3,0,0,1,0,0,0,4,6,7,6,5,3,7,4,6,5,3,4,4,4,2,0
670,2,2021,1,67,1,1,1,0,0,0,0,1,0,4,4,4,4,4,4,4,4,4,1,1,4,4,1,4,1
671,2,2021,1,63,1,1,5,0,1,0,0,0,0,4,1,2,7,4,2,5,2,4,1,1,1,3,1,1,0
672,2,2021,0,70,1,1,5,0,0,1,0,0,0,2,5,5,7,5,5,7,5,5,5,4,1,1,3,1,1
673,2,2021,1,50,1,0,5,0,1,0,0,0,0,1,1,1,5,1,1,6,1,5,1,1,4,1,1,1,1
674,2,2021,1,39,1,1,5,0,1,0,0,0,0,4,5,5,4,4,4,4,4,4,4,4,1,4,4,4,1
675,2,2021,0,66,1,1,3,0,0,1,0,0,0,5,2,5,6,2,2,7,4,4,5,3,4,2,1,1,0
676,2,2021,1,41,1,1,5,0,1,0,0,0,0,2,5,2,6,1,5,7,2,5,2,1,1,1,1,1,0
677,2,2021,0,62,0,1,2,0,1,0,0,0,0,2,4,4,4,2,1,7,1,5,3,1,2,1,1,1,1
678,2,2021,0,44,1,1,3,0,1,0,0,0,0,4,7,5,7,3,2,7,1,6,1,1,3,1,1,1,0
679,2,2021,1,53,1,1,4,0,1,0,0,0,0,1,5,3,5,5,1,6,3,3,5,3,4,2,3,3,1
680,2,2021,0,40,1,1,3,0,0,1,0,0,0,3,3,3,3,2,3,3,3,3,3,3,5,3,3,3,0
681,2,2021,1,37,0,0,1,0,1,0,0,0,0,1,6,4,1,1,1,7,1,1,1,1,4,1,1,1,1
682,2,2021,0,41,1,0,0,1,1,0,0,0,0,2,2,4,5,2,2,5,5,3,5,1,3,2,3,1,1
683,2,2021,1,77,1,1,2,0,0,0,0,1,0,5,5,5,5,3,3,7,4,5,4,4,4,4,4,4,0
684,2,2021,1,46,0,0,1,0,1,0,0,0,0,2,3,3,2,3,3,2,2,2,2,2,2,2,2,3,1
685,2,2021,1,58,0,0,1,0,0,0,0,1,0,4,5,4,5,1,1,4,3,5,3,3,3,3,3,3,1
686,2,2021,1,50,0,0,2,0,1,0,0,0,0,1,1,4,5,5,1,1,5,3,2,2,4,1,1,1,1
687,2,2021,0,57,1,1,3,0,0,1,0,0,0,2,2,5,3,2,5,7,6,3,6,4,6,3,3,4,1
688,2,2021,1,73,1,1,2,0,0,0,0,1,0,7,6,4,6,5,1,6,2,6,5,5,6,2,5,4,0
689,2,2021,1,39,0,0,1,0,0,0,0,1,0,1,1,1,1,1,1,1,1,1,1,1,1,1,1,1,1
690,2,2021,1,50,1,0,5,0,1,0,0,0,0,6,6,6,6,6,6,6,6,6,6,6,6,6,6,6,0
691,2,2021,1,60,1,1,0,1,1,0,0,0,0,5,3,4,6,1,5,6,3,4,3,2,1,2,2,2,1
692,2,2021,1,57,1,1,4,0,1,0,0,0,0,1,1,5,1,5,1,6,6,1,6,6,5,5,6,4,1
693,2,2021,1,58,1,1,4,0,1,0,0,0,0,1,5,4,4,1,1,7,4,4,4,3,4,4,2,6,1
694,2,2021,1,74,1,1,2,0,1,0,0,0,0,5,5,2,5,5,5,6,2,6,2,2,2,1,2,1,0
695,2,2021,1,44,1,1,5,0,1,0,0,0,0,6,5,6,7,1,1,6,4,4,1,1,4,2,1,5,0
696,2,2021,0,58,0,1,4,0,0,0,0,1,0,3,5,3,6,3,3,5,1,5,1,1,1,1,1,1,1
697,2,2021,1,63,1,1,3,0,1,0,0,0,0,7,7,6,7,5,1,7,5,6,5,2,7,3,2,5,1
698,2,2021,0,33,1,0,3,0,1,0,0,0,0,4,5,5,5,3,1,7,1,5,4,2,5,2,1,1,0
699,2,2021,0,48,0,0,3,0,1,0,0,0,0,5,4,4,4,5,5,4,4,4,4,4,5,5,4,4,0
700,2,2021,1,56,0,0,2,0,1,0,0,0,0,3,1,1,5,1,1,4,2,1,1,1,2,2,1,1,1
701,2,2021,1,59,0,0,5,0,1,0,0,0,0,5,6,6,6,1,1,5,7,1,6,1,4,6,1,3,1
702,2,2021,0,74,1,1,2,0,0,1,0,0,0,6,6,6,6,6,5,5,1,6,2,1,5,2,2,1,0
703,2,2021,1,41,0,0,4,0,1,0,0,0,0,4,4,4,4,4,4,4,4,4,4,4,4,4,4,4,1
704,2,2021,1,36,0,0,3,0,1,0,0,0,0,3,2,2,5,4,1,4,1,2,1,1,4,2,1,1,1
705,2,2021,1,47,1,0,4,0,1,0,0,0,0,6,7,6,3,5,2,7,2,6,1,1,1,1,1,1,1
706,2,2021,1,55,1,1,3,0,1,0,0,0,0,2,5,4,4,1,1,5,1,4,1,1,3,1,1,3,0
707,2,2021,1,36,0,0,5,0,1,0,0,0,0,3,5,2,4,2,1,4,4,2,4,4,4,4,4,4,1
708,2,2021,0,43,1,1,5,0,1,0,0,0,0,5,4,5,5,4,4,6,5,5,4,4,4,3,4,5,0
709,2,2021,1,78,1,1,4,0,0,0,0,1,0,4,6,6,7,3,2,7,1,5,1,3,4,1,1,1,1
710,2,2021,1,71,1,1,3,0,0,0,0,1,0,3,5,3,5,4,1,6,3,3,2,5,5,2,2,2,0
711,2,2021,0,39,1,1,5,0,0,1,0,0,0,5,5,5,7,5,5,5,6,4,1,1,1,6,1,1,1
712,2,2021,1,50,1,0,5,0,1,0,0,0,0,3,3,3,5,4,3,6,4,4,4,4,4,4,4,4,0
713,2,2021,1,39,0,0,5,0,1,0,0,0,0,7,7,5,6,2,6,7,1,4,5,1,1,1,1,1,0
714,2,2021,1,57,1,1,5,0,1,0,0,0,0,5,1,5,1,7,1,7,4,5,5,2,2,2,1,2,1
715,2,2021,0,71,0,1,3,0,1,0,0,0,0,1,1,4,5,1,5,5,5,4,5,4,6,4,3,3,1
716,2,2021,1,62,1,1,2,0,0,0,0,1,0,5,6,6,5,1,1,5,4,4,4,3,4,3,4,4,1
717,2,2021,1,63,0,0,2,0,1,0,0,0,0,2,2,5,2,3,3,7,5,3,6,6,6,3,3,6,1
718,2,2021,1,65,1,1,0,1,0,0,0,1,0,5,5,4,5,5,4,5,4,5,4,4,4,4,4,4,1
719,2,2021,0,62,1,1,0,1,0,1,0,0,0,5,4,5,5,5,4,4,1,5,3,1,3,1,1,1,1
720,2,2021,1,72,0,0,1,0,0,0,0,1,0,4,4,4,4,4,4,3,4,4,4,4,4,4,4,4,1
721,2,2021,1,41,0,0,0,1,1,0,0,0,0,1,1,1,7,1,1,7,1,4,1,1,1,1,1,1,1
722,2,2021,0,46,0,0,0,1,1,0,0,0,0,3,1,3,5,5,1,3,1,3,1,1,3,3,2,1,0
723,2,2021,1,61,0,0,4,0,1,0,0,0,0,4,4,4,4,4,4,4,4,4,4,4,4,4,4,4,1
724,2,2021,0,46,1,1,4,0,1,0,0,0,0,4,7,6,6,1,1,6,5,5,3,3,2,5,3,3,0
725,2,2021,0,46,1,1,5,0,0,1,0,0,0,1,2,2,6,3,3,7,2,4,3,1,4,1,1,3,1
726,2,2021,1,70,1,1,2,0,1,0,0,0,0,5,5,5,6,5,5,5,3,5,5,2,5,4,4,4,1
727,2,2021,1,53,1,1,3,0,1,0,0,0,0,2,3,6,6,7,2,7,3,7,4,1,4,2,1,2,1
728,2,2021,0,72,1,1,2,0,0,1,0,0,0,5,4,5,5,4,2,5,4,5,5,4,4,4,4,4,0
729,2,2021,0,33,0,0,3,0,1,0,0,0,0,3,3,3,2,1,1,6,5,3,4,2,1,1,2,2,0
730,2,2021,0,55,1,0,4,0,0,1,0,0,0,3,2,4,7,3,1,7,2,5,5,1,1,1,3,1,1
731,2,2021,0,39,0,0,3,0,1,0,0,0,0,1,2,3,6,1,4,6,4,1,7,6,6,6,5,6,1
732,2,2021,1,41,0,0,2,0,1,0,0,0,0,4,4,4,4,4,3,4,4,4,4,4,4,4,4,4,1
733,2,2021,0,44,0,0,0,1,0,0,0,1,0,1,1,1,4,1,1,1,1,1,1,1,1,1,1,1,1
734,2,2021,0,50,1,0,2,0,1,0,0,0,0,4,4,4,4,4,3,4,4,4,4,4,4,4,4,4,1
735,2,2021,0,53,1,0,3,0,1,0,0,0,0,1,1,1,5,1,1,7,5,4,6,1,5,1,1,6,1
736,2,2021,0,52,0,0,1,0,1,0,0,0,0,1,1,1,2,4,1,7,7,2,7,7,7,1,7,1,1
737,2,2021,1,60,1,0,1,0,0,0,0,0,1,2,2,2,7,2,4,3,1,4,1,1,4,1,1,1,1
738,2,2021,0,46,1,1,3,0,1,0,0,0,0,4,4,4,5,5,1,7,6,4,5,2,4,5,3,4,1
739,2,2021,1,49,0,0,4,0,1,0,0,0,0,4,4,4,4,4,4,5,4,4,4,4,5,4,4,4,1
740,2,2021,0,50,0,0,3,0,0,0,0,1,0,3,2,3,6,3,1,7,1,5,1,1,3,1,3,3,1
741,2,2021,0,54,1,0,3,0,0,1,0,0,0,4,4,4,6,4,1,6,4,4,5,1,4,2,1,1,1
742,2,2021,1,63,1,1,2,0,1,0,0,0,0,1,1,1,1,1,1,1,1,1,1,1,1,1,1,1,1
743,2,2021,1,56,1,1,5,0,1,0,0,0,0,4,5,4,4,4,4,5,4,4,4,4,4,4,4,4,1
744,2,2021,0,56,1,0,0,1,0,0,0,1,0,6,5,7,7,6,1,7,1,6,1,1,1,1,1,1,1
745,2,2021,0,62,1,1,3,0,1,0,0,0,0,3,1,5,6,2,1,5,4,4,4,3,5,1,2,1,1
746,2,2021,0,46,0,0,2,0,1,0,0,0,0,3,4,3,4,4,1,6,2,5,5,4,3,2,1,2,1
747,2,2021,1,50,1,1,5,0,1,0,0,0,0,4,4,4,4,4,5,6,4,4,4,4,4,4,4,4,0
748,2,2021,0,53,1,0,5,0,1,0,0,0,0,2,2,5,4,1,1,7,4,4,4,3,4,1,3,3,1
749,2,2021,0,51,1,1,0,1,1,0,0,0,0,2,1,4,4,4,1,5,7,1,5,2,5,1,1,4,0
750,2,2021,0,57,0,0,1,0,1,0,0,0,0,4,4,4,4,4,4,4,4,4,4,4,4,4,4,6,1
751,2,2021,1,66,1,1,5,0,1,0,0,0,0,2,2,1,1,2,2,2,1,1,1,1,1,1,1,1,0
752,2,2021,1,56,0,0,3,0,1,0,0,0,0,4,5,5,5,2,3,6,5,5,5,3,4,3,3,3,0
753,2,2021,0,49,1,1,5,0,0,0,0,0,1,4,4,6,6,4,4,4,5,5,5,1,1,2,3,3,0
754,2,2021,1,49,0,0,5,0,1,0,0,0,0,3,2,2,5,2,2,7,5,4,5,3,3,3,3,3,1
755,2,2021,0,60,0,0,1,0,0,0,0,0,1,3,4,5,5,3,2,5,2,4,2,2,2,2,2,2,1
756,2,2021,1,57,1,0,5,0,1,0,0,0,0,5,4,4,6,5,4,6,2,6,2,2,2,2,2,2,0
757,2,2021,1,46,1,0,5,0,1,0,0,0,0,5,7,6,5,5,4,6,4,5,3,4,5,4,4,4,0
758,2,2021,1,53,1,0,3,0,1,0,0,0,0,6,4,6,6,4,1,5,2,4,4,3,3,3,3,3,1
759,2,2021,1,55,1,0,5,0,1,0,0,0,0,5,6,4,5,1,1,7,2,4,2,1,3,2,1,1,1
760,2,2021,0,40,1,1,5,0,1,0,0,0,0,4,2,5,6,4,5,6,6,6,6,3,4,3,6,5,1
761,2,2021,0,49,1,1,3,0,1,0,0,0,0,1,1,5,4,1,1,7,4,4,4,4,4,4,4,4,1
762,2,2021,1,59,1,0,3,0,1,0,0,0,0,6,5,6,6,5,1,6,3,4,3,2,4,2,2,2,1
763,2,2021,1,50,1,1,5,0,1,0,0,0,0,4,4,4,4,4,4,3,4,4,4,3,4,4,3,3,0
764,2,2021,0,53,1,1,3,0,0,1,0,0,0,4,5,6,6,3,7,7,3,5,6,7,4,2,3,3,1
765,2,2021,0,39,1,1,2,0,0,1,0,0,0,4,4,5,4,5,4,4,4,5,4,4,4,4,4,4,0
766,2,2021,1,48,1,1,2,0,1,0,0,0,0,4,6,4,6,4,1,5,4,4,4,4,2,4,4,3,1
767,2,2021,1,65,1,1,2,0,0,0,0,1,0,3,5,4,6,3,5,7,2,4,4,1,1,1,1,1,0
768,2,2021,1,50,1,1,0,1,1,0,0,0,0,1,1,1,3,1,1,7,1,3,1,1,2,1,1,1,1
769,2,2021,0,70,1,1,2,0,1,0,0,0,0,4,7,7,5,1,1,7,1,5,2,2,4,1,1,5,0
770,2,2021,1,58,0,0,4,0,1,0,0,0,0,6,5,3,4,4,1,1,1,5,1,1,1,1,1,1,1
771,2,2021,0,69,1,1,2,0,0,1,0,0,0,4,4,4,4,4,4,4,4,4,4,4,4,4,4,4,1
772,2,2021,1,79,1,1,2,0,0,0,0,1,0,1,1,1,7,1,1,6,1,6,2,1,1,2,1,1,1
773,2,2021,1,52,1,0,5,0,1,0,0,0,0,7,7,7,6,4,4,7,5,6,5,7,4,6,5,5,1
774,2,2021,1,51,1,1,5,0,1,0,0,0,0,5,7,6,6,5,1,5,1,7,2,1,1,1,1,1,0
775,2,2021,0,56,1,1,0,1,0,1,0,0,0,1,7,4,3,1,1,7,1,4,1,1,7,4,7,5,0
776,2,2021,0,56,1,1,4,0,0,1,0,0,0,7,6,6,6,6,7,7,7,7,6,6,6,6,5,5,0
777,2,2021,1,45,1,1,5,0,1,0,0,0,0,4,5,5,5,4,3,5,3,5,3,3,3,3,3,3,0
778,2,2021,1,54,1,1,5,0,1,0,0,0,0,7,7,7,5,1,1,7,5,5,4,4,6,4,5,5,1
779,2,2021,0,44,1,1,5,0,0,1,0,0,0,4,1,4,4,4,3,6,5,4,1,1,4,1,1,5,1
780,2,2021,1,33,0,0,4,0,1,0,0,0,0,6,7,6,7,5,5,7,1,7,1,1,1,1,1,1,0
781,2,2021,0,49,1,1,4,0,0,1,0,0,0,3,5,5,5,3,1,7,1,5,5,3,4,1,3,3,0
782,2,2021,1,69,1,1,2,0,1,0,0,0,0,1,4,4,7,1,1,7,5,6,4,4,6,4,1,2,1
783,2,2021,1,35,1,1,0,1,1,0,0,0,0,3,5,5,3,2,1,5,2,4,4,2,3,2,3,4,0
784,2,2021,0,40,0,0,1,0,0,0,0,1,0,1,1,1,1,1,1,7,1,3,2,1,4,1,1,1,1
785,2,2021,0,44,0,0,3,0,1,0,0,0,0,4,5,5,5,5,1,5,4,4,4,4,2,4,4,4,1
786,2,2021,1,51,1,1,5,0,1,0,0,0,0,4,4,4,5,4,4,4,4,4,4,4,2,4,4,4,0
787,2,2021,1,56,0,0,3,0,1,0,0,0,0,4,4,4,5,4,1,5,4,4,4,4,3,4,4,4,0
788,2,2021,1,58,0,0,2,0,1,0,0,0,0,4,4,4,4,3,1,7,4,4,4,4,4,4,4,4,1
789,2,2021,1,69,1,1,2,0,0,0,0,1,0,4,5,4,4,5,2,6,1,5,1,1,1,1,1,2,0
790,2,2021,1,68,1,1,2,0,0,0,0,1,0,3,4,4,5,3,2,6,5,4,4,3,3,3,3,3,0
791,2,2021,1,45,0,0,4,0,1,0,0,0,0,1,1,1,1,1,1,1,1,1,1,1,1,1,1,1,0
792,2,2021,0,40,1,0,3,0,1,0,0,0,0,4,5,4,6,2,2,7,2,5,2,2,3,2,2,2,0
793,2,2021,0,49,1,0,5,0,0,1,0,0,0,7,7,7,5,1,6,5,1,5,2,1,1,1,1,1,1
794,2,2021,1,49,0,0,3,0,1,0,0,0,0,6,6,5,4,4,5,6,4,6,4,4,4,4,4,4,1
795,2,2021,1,47,0,0,3,0,1,0,0,0,0,5,5,5,5,5,5,5,5,5,5,5,5,5,5,5,0
796,2,2021,1,66,1,1,4,0,0,0,0,1,0,3,6,4,6,4,1,6,3,5,4,2,4,3,3,2,1
797,2,2021,1,47,0,0,3,0,1,0,0,0,0,1,1,3,2,1,1,5,1,4,3,2,2,2,2,2,1
798,2,2021,1,53,0,0,2,0,1,0,0,0,0,4,2,3,7,2,2,6,4,5,3,2,5,4,2,5,0
799,2,2021,0,39,1,0,1,0,1,0,0,0,0,4,4,4,4,4,4,5,4,4,4,4,4,4,4,4,1
800,2,2021,1,53,0,0,1,0,1,0,0,0,0,4,4,4,4,4,4,4,4,4,4,4,4,4,4,4,1
801,2,2021,1,61,1,0,5,0,1,0,0,0,0,1,5,7,7,1,1,7,1,5,1,1,1,1,1,1,1
802,2,2021,0,77,1,1,4,0,0,1,0,0,0,1,4,2,4,1,1,7,1,5,1,1,1,1,1,1,1
803,2,2021,0,69,1,1,0,1,1,0,0,0,0,5,5,5,5,4,4,5,4,5,4,4,5,4,4,4,1
804,2,2021,0,52,0,0,2,0,1,0,0,0,0,7,7,6,7,5,5,5,7,7,7,7,7,7,7,7,1
805,2,2021,1,66,0,0,2,0,1,0,0,0,0,5,7,6,6,1,1,7,1,3,5,5,3,1,1,1,1
806,2,2021,0,48,1,0,5,0,1,0,0,0,0,6,7,5,7,6,1,5,1,3,1,1,2,1,1,1,0
807,2,2021,1,62,1,0,1,0,0,0,0,0,1,4,4,4,4,4,1,4,4,4,4,4,4,4,4,1,1
808,2,2021,0,56,0,0,2,0,0,0,0,1,0,5,6,6,6,5,1,7,1,5,2,1,1,1,1,4,1
809,2,2021,0,71,1,1,3,0,0,1,0,0,0,5,6,6,6,3,1,6,1,5,1,1,1,1,1,1,0
810,2,2021,0,40,1,0,0,1,1,0,0,0,0,4,7,6,7,4,6,6,4,7,2,1,1,3,1,1,1
811,2,2021,1,68,1,1,5,0,1,0,0,0,0,2,2,5,6,4,2,6,1,6,2,1,2,2,1,1,1
812,2,2021,1,45,0,0,3,0,1,0,0,0,0,5,6,5,7,1,1,6,3,4,6,4,7,4,4,4,1
813,2,2021,0,38,1,1,4,0,0,1,0,0,0,4,4,5,4,4,4,4,4,4,4,4,2,2,4,4,0
814,2,2021,1,59,1,0,2,0,1,0,0,0,0,1,1,1,1,1,1,1,1,1,1,1,1,1,1,1,1
815,2,2021,0,45,1,1,3,0,0,1,0,0,0,7,4,4,6,1,1,7,2,2,4,4,5,4,1,1,1
816,2,2021,1,46,1,0,0,1,1,0,0,0,0,4,7,4,4,4,4,4,4,4,4,4,4,4,4,4,0
817,2,2021,1,56,0,0,2,0,1,0,0,0,0,3,1,5,7,3,1,7,3,4,2,3,2,6,2,1,1
818,2,2021,1,55,1,1,4,0,1,0,0,0,0,4,3,3,4,4,4,4,4,4,4,4,4,4,4,4,0
819,2,2021,1,64,1,1,2,0,1,0,0,0,0,4,5,4,7,5,1,7,2,5,2,2,5,1,1,5,0
820,2,2021,1,56,0,0,0,1,1,0,0,0,0,4,6,6,4,4,4,7,4,2,6,5,4,4,4,4,0
821,2,2021,1,48,0,0,2,0,1,0,0,0,0,1,1,1,1,1,1,1,1,1,1,1,1,1,1,1,1
822,2,2021,1,55,1,1,5,0,1,0,0,0,0,7,7,7,4,7,4,7,4,7,1,1,1,1,1,4,0
823,2,2021,1,71,0,0,2,0,0,0,0,1,0,1,1,1,4,1,1,5,1,5,5,1,1,1,1,1,1
824,2,2021,1,75,1,1,5,0,1,0,0,0,0,6,6,6,6,7,6,7,1,6,2,1,2,2,1,2,0
825,2,2021,1,68,1,1,0,1,0,0,0,1,0,4,3,3,4,3,3,5,4,4,4,4,5,3,3,3,0
826,2,2021,1,73,0,1,2,0,1,0,0,0,0,6,7,6,5,6,4,5,2,6,2,2,5,1,2,2,0
827,2,2021,1,54,1,0,2,0,1,0,0,0,0,3,5,4,5,3,5,6,5,4,5,3,7,4,4,6,1
828,2,2021,1,52,1,1,5,0,1,0,0,0,0,5,1,5,6,2,2,7,1,6,2,1,5,1,1,1,0
829,2,2021,1,59,1,0,0,1,1,0,0,0,0,4,4,4,6,4,4,6,3,6,5,5,5,2,3,3,0
830,2,2021,1,53,1,0,5,0,1,0,0,0,0,4,4,5,6,5,4,5,4,5,4,3,3,4,3,4,0
831,2,2021,1,56,0,0,0,1,1,0,0,0,0,4,4,4,1,4,5,7,6,1,6,4,7,4,4,7,1
832,2,2021,0,65,1,1,0,1,1,0,0,0,0,5,7,2,7,5,2,5,3,5,1,1,3,2,1,1,0
833,2,2021,1,43,1,0,5,0,1,0,0,0,0,4,5,5,4,5,5,7,4,5,4,4,1,4,4,1,1
834,2,2021,1,46,1,1,4,0,1,0,0,0,0,3,4,5,4,5,3,5,3,5,3,3,4,3,4,3,0
835,2,2021,1,75,1,0,2,0,0,0,0,1,0,6,2,5,6,5,1,6,2,4,6,2,2,1,2,1,1
836,2,2021,0,85,0,1,0,1,0,0,0,1,0,3,5,6,4,5,4,6,4,4,3,3,4,4,4,4,1
837,2,2021,0,53,1,1,5,0,1,0,0,0,0,3,3,2,4,4,3,4,4,4,4,3,3,3,3,2,0
838,2,2021,0,62,1,1,5,0,1,0,0,0,0,5,5,5,3,6,6,6,2,3,2,2,2,2,6,4,1
839,2,2021,1,45,1,1,2,0,1,0,0,0,0,4,4,4,4,4,4,4,4,4,4,4,4,4,4,4,1
840,2,2021,1,59,1,1,5,0,1,0,0,0,0,4,4,5,6,2,2,4,4,7,3,2,1,1,4,2,1
841,2,2021,1,73,1,1,2,0,0,0,0,1,0,6,6,6,6,6,1,6,2,6,2,1,4,4,1,2,1
842,2,2021,0,46,1,0,4,0,0,1,0,0,0,3,3,3,2,2,2,2,2,3,3,2,1,2,2,2,0
843,2,2021,1,45,1,0,5,0,1,0,0,0,0,4,7,5,4,5,4,4,4,4,4,4,4,4,4,4,0
844,2,2021,1,64,0,0,2,0,0,0,0,1,0,4,1,7,7,4,1,4,7,1,2,1,6,4,1,1,1
845,2,2021,0,51,0,0,0,1,1,0,0,0,0,5,5,6,5,5,1,5,2,4,2,1,3,2,2,2,0
846,2,2021,0,79,1,1,3,0,1,0,0,0,0,5,6,5,6,3,3,7,2,5,3,1,4,1,1,1,0
847,2,2021,0,45,0,0,1,0,1,0,0,0,0,4,1,5,3,1,1,6,4,4,4,4,4,3,4,3,1
848,2,2021,1,50,1,0,3,0,1,0,0,0,0,4,7,7,4,4,4,4,4,4,4,4,4,4,4,4,1
849,2,2021,0,71,1,1,3,0,0,1,0,0,0,4,5,6,7,4,3,7,5,7,5,1,1,1,1,1,0
850,2,2021,0,72,0,1,1,0,1,0,0,0,0,1,1,1,7,6,1,7,1,7,1,1,1,1,1,1,0
851,2,2021,0,46,0,0,2,0,1,0,0,0,0,4,5,5,2,1,1,7,1,5,1,1,4,1,1,1,1
852,2,2021,0,54,0,0,2,0,1,0,0,0,0,4,4,4,4,4,4,4,4,4,4,4,4,4,4,4,1
853,2,2021,0,47,1,1,0,1,1,0,0,0,0,3,5,3,5,3,3,4,4,4,4,2,5,3,4,5,1
854,2,2021,1,68,0,1,2,0,1,0,0,0,0,3,2,4,5,3,3,6,4,5,2,4,5,2,1,6,1
855,2,2021,1,56,0,1,1,0,0,0,0,1,0,1,1,1,1,1,1,1,1,1,1,1,1,1,1,1,1
856,2,2021,0,55,1,1,3,0,1,0,0,0,0,4,4,4,7,1,1,7,2,6,2,2,4,4,2,2,1
857,2,2021,1,59,1,0,5,0,1,0,0,0,0,4,1,3,5,4,3,5,4,4,5,4,5,4,3,4,1
858,2,2021,0,52,0,0,4,0,1,0,0,0,0,4,6,4,6,3,1,7,4,4,3,1,4,1,1,7,1
859,2,2021,1,79,1,1,2,0,0,0,0,0,1,4,6,4,7,1,1,7,1,7,1,1,1,1,1,1,1
860,2,2021,1,70,1,1,3,0,1,0,0,0,0,4,4,5,5,3,3,5,3,5,3,3,4,3,3,3,0
861,2,2021,0,37,1,1,3,0,0,1,0,0,0,1,1,6,1,1,1,7,4,1,6,1,5,1,1,1,1
862,2,2021,1,72,1,1,3,0,0,0,0,1,0,5,1,1,3,1,1,7,1,4,1,1,4,1,1,1,0
863,2,2021,1,61,0,0,4,0,1,0,0,0,0,6,4,4,7,4,1,6,1,6,1,1,1,1,1,1,0
864,2,2021,0,44,0,0,0,1,1,0,0,0,0,1,1,1,5,1,1,7,4,4,4,4,4,4,4,4,1
865,2,2021,0,41,1,1,5,0,1,0,0,0,0,4,5,5,6,4,5,6,2,5,1,1,2,1,1,5,0
866,2,2021,0,69,0,1,0,1,1,0,0,0,0,1,5,5,2,2,2,6,5,3,2,2,4,4,1,4,1
867,2,2021,1,56,0,0,2,0,1,0,0,0,0,4,4,4,7,4,4,4,1,6,4,4,4,1,4,4,0
868,2,2021,0,56,0,0,2,0,1,0,0,0,0,1,7,7,3,5,1,1,3,3,4,4,4,3,4,3,1
869,2,2021,1,68,1,1,3,0,1,0,0,0,0,6,3,5,6,6,5,6,1,4,2,2,2,1,1,1,0
870,2,2021,1,51,0,0,0,1,1,0,0,0,0,5,5,5,6,3,4,6,4,4,4,4,6,4,4,4,1
871,2,2021,1,56,0,0,4,0,1,0,0,0,0,2,2,1,2,2,2,2,2,2,2,1,2,2,2,2,1
872,2,2021,1,61,1,1,5,0,1,0,0,0,0,5,7,6,5,5,6,5,5,4,5,5,5,5,5,5,0
873,2,2021,1,62,1,0,4,0,1,0,0,0,0,4,4,4,4,4,3,5,3,4,5,4,2,3,3,3,1
874,2,2021,1,63,0,0,4,0,1,0,0,0,0,6,6,6,4,4,2,5,2,4,2,2,4,2,2,2,1
875,2,2021,1,36,0,0,3,0,1,0,0,0,0,5,5,5,5,4,4,7,5,2,6,5,4,4,6,5,1
876,2,2021,1,65,1,1,5,0,1,0,0,0,0,4,4,5,4,4,4,4,4,4,2,1,4,4,2,4,0
877,2,2021,1,47,0,1,1,0,0,0,0,1,0,3,3,4,2,3,3,4,4,1,6,5,3,4,5,4,1
878,2,2021,1,67,1,1,5,0,0,0,0,1,0,6,6,5,7,5,1,7,1,7,1,1,3,1,1,1,0
879,2,2021,0,50,0,0,2,0,1,0,0,0,0,5,1,4,6,1,1,4,1,4,1,1,1,2,1,1,1
880,2,2021,1,75,1,1,2,0,0,0,0,1,0,5,6,5,6,2,2,6,1,6,5,2,1,1,1,1,1
881,2,2021,1,67,1,1,5,0,1,0,0,0,0,5,5,5,4,5,4,7,5,4,4,4,1,4,4,4,0
882,2,2021,1,71,1,1,3,0,0,0,0,1,0,6,5,5,7,6,4,7,2,7,2,2,4,2,2,2,0
883,2,2021,1,39,1,1,3,0,1,0,0,0,0,2,2,7,1,5,2,2,2,3,2,2,3,2,2,1,1
884,2,2021,0,75,0,1,1,0,0,1,0,0,0,5,3,5,7,1,7,7,4,7,6,1,7,4,1,1,1
885,2,2021,0,71,1,1,2,0,0,1,0,0,0,4,6,6,6,4,3,7,2,5,5,4,1,1,1,1,0
886,2,2021,0,69,1,1,2,0,1,0,0,0,0,1,5,5,7,5,6,6,2,5,5,1,2,1,1,1,1
887,2,2021,0,48,0,0,2,0,1,0,0,0,0,4,5,6,3,7,1,5,5,3,5,4,5,5,4,4,1
888,2,2021,1,62,1,1,0,1,1,0,0,0,0,1,1,1,7,1,1,7,1,5,1,1,5,1,1,1,0
889,2,2021,0,64,0,0,2,0,0,0,0,1,0,5,6,7,6,3,5,7,1,4,2,1,1,1,1,1,1
890,2,2021,1,57,0,0,4,0,1,0,0,0,0,1,1,1,1,1,1,1,1,1,1,1,1,1,1,1,1
891,2,2021,1,81,1,1,0,1,0,1,0,0,0,4,6,6,5,4,4,6,1,5,2,2,1,1,1,1,0
892,2,2021,1,60,1,1,5,0,1,0,0,0,0,3,4,3,4,4,4,4,3,4,3,3,4,3,3,3,1
893,2,2021,0,57,1,0,3,0,0,1,0,0,0,4,4,4,7,4,1,7,5,4,5,1,7,1,5,4,1
894,2,2021,1,77,0,0,2,0,0,0,0,1,0,3,2,4,7,5,2,7,1,4,1,1,2,4,2,1,0
895,2,2021,1,60,1,0,2,0,1,0,0,0,0,4,4,4,4,4,1,7,4,4,4,4,2,2,2,4,1
896,2,2021,0,52,1,1,2,0,1,0,0,0,0,3,6,6,5,4,2,7,6,3,6,4,3,5,5,5,1
897,2,2021,1,37,0,0,5,0,1,0,0,0,0,5,5,4,3,3,3,6,3,4,3,3,5,3,3,3,1
898,2,2021,1,58,1,1,0,1,1,0,0,0,0,4,4,4,4,4,4,4,4,4,4,4,4,4,4,4,1
899,2,2021,0,46,0,0,4,0,1,0,0,0,0,2,2,2,4,2,3,3,3,4,3,5,4,4,3,4,1
900,2,2021,1,32,0,0,2,0,1,0,0,0,0,3,1,2,3,1,1,3,4,3,5,3,7,5,5,5,1
901,2,2021,1,73,0,1,1,0,0,0,0,0,1,2,4,1,1,1,1,4,2,4,2,1,5,1,1,1,1
902,2,2021,1,73,1,1,2,0,1,0,0,0,0,4,5,4,7,2,2,7,2,4,3,3,6,1,2,2,0
903,2,2021,1,61,1,0,5,0,1,0,0,0,0,4,1,5,4,1,1,7,5,4,4,3,4,4,3,3,1
904,2,2021,1,62,1,1,0,1,0,0,0,1,0,1,2,4,6,6,1,6,2,4,3,2,3,2,2,1,1
905,2,2021,1,46,1,1,4,0,1,0,0,0,0,5,3,6,5,4,4,7,5,5,5,3,5,3,3,5,1
906,2,2021,1,59,1,1,3,0,1,0,0,0,0,3,5,5,5,5,5,5,2,5,2,2,3,2,5,3,0
907,2,2021,1,64,0,0,5,0,1,0,0,0,0,3,5,5,1,2,1,1,1,1,1,1,1,1,1,1,1
908,2,2021,0,45,1,0,3,0,1,0,0,0,0,3,5,5,6,1,1,7,1,4,2,1,1,1,1,1,1
909,2,2021,0,77,1,0,2,0,0,0,0,1,0,3,6,6,7,1,1,6,4,6,6,6,4,2,4,4,0
910,2,2021,0,61,1,1,0,1,0,1,0,0,0,4,2,6,5,6,5,7,3,4,3,1,3,3,1,2,1
911,2,2021,0,51,0,0,2,0,1,0,0,0,0,5,1,6,7,7,1,7,7,1,7,6,4,4,1,1,1
912,2,2021,0,48,1,1,5,0,1,0,0,0,0,4,5,7,7,7,1,7,1,7,3,1,1,1,1,1,0
913,2,2021,1,75,1,1,5,0,0,0,0,1,0,1,1,4,7,1,1,7,1,5,4,1,7,1,1,1,1
914,2,2021,0,59,1,1,5,0,1,0,0,0,0,4,6,6,5,4,4,4,1,4,1,1,4,1,1,1,0
915,2,2021,0,57,1,0,2,0,1,0,0,0,0,7,7,7,6,3,3,7,2,3,2,1,4,1,2,1,1
916,2,2021,1,60,1,1,5,0,1,0,0,0,0,4,4,4,6,1,1,4,1,2,1,6,7,1,3,5,1
917,2,2021,0,74,1,1,0,1,0,1,0,0,0,5,5,5,6,5,5,7,3,6,3,2,3,3,2,5,0
918,2,2021,0,65,1,1,2,0,0,1,0,0,0,4,3,5,6,5,1,6,3,5,5,3,4,2,2,1,1
919,2,2021,1,64,1,1,5,0,1,0,0,0,0,4,3,4,4,4,4,4,4,4,4,4,4,4,4,4,0
920,2,2021,1,44,1,0,5,0,1,0,0,0,0,5,2,6,3,4,3,4,4,2,5,5,3,3,5,4,1
921,2,2021,1,66,1,1,5,0,0,0,0,1,0,5,5,6,7,1,1,6,1,4,2,1,1,1,1,1,1
922,2,2021,0,49,1,0,0,1,0,1,0,0,0,1,6,4,6,4,5,7,4,5,5,1,4,4,1,1,1
923,2,2021,1,42,0,0,5,0,1,0,0,0,0,1,1,1,1,1,1,1,1,1,1,1,1,1,1,1,1
924,2,2021,1,70,1,1,2,0,0,0,0,1,0,7,7,7,6,7,1,6,1,6,1,1,1,1,1,1,0
925,2,2021,0,40,1,0,5,0,1,0,0,0,0,2,2,6,2,1,1,7,5,4,5,1,3,1,1,1,1
926,2,2021,0,59,1,0,4,0,1,0,0,0,0,4,5,5,6,1,6,6,5,5,3,1,1,1,1,1,0
927,2,2021,1,78,1,1,3,0,0,0,0,1,0,6,2,2,7,5,1,7,1,6,1,1,2,1,1,1,0
928,2,2021,0,56,1,0,3,0,0,1,0,0,0,5,1,2,7,7,1,1,1,4,1,1,1,1,1,1,1
929,2,2021,1,55,0,0,0,1,1,0,0,0,0,1,6,6,2,1,1,6,4,4,4,4,4,3,4,3,0
930,2,2021,1,63,1,1,2,0,1,0,0,0,0,1,1,1,7,1,1,1,1,1,1,1,1,1,1,1,1
931,2,2021,0,73,0,1,1,0,0,0,0,1,0,4,5,6,6,2,4,7,2,4,2,2,2,2,1,1,0
932,2,2021,1,41,0,0,0,1,1,0,0,0,0,4,1,1,3,1,1,6,2,4,3,1,3,2,1,2,1
933,2,2021,0,59,1,1,3,0,1,0,0,0,0,4,4,5,5,5,3,5,2,5,2,2,4,2,2,2,0
934,2,2021,0,47,1,1,5,0,1,0,0,0,0,4,3,2,3,6,4,6,5,1,1,1,1,1,1,1,1
935,2,2021,1,60,1,1,4,0,1,0,0,0,0,4,6,6,7,6,1,6,1,6,1,1,1,1,1,1,1
936,2,2021,1,74,1,1,2,0,0,0,0,1,0,4,1,1,1,1,1,1,1,1,1,1,1,1,1,1,0
937,2,2021,1,55,1,1,5,0,1,0,0,0,0,4,5,4,5,4,5,4,4,4,4,4,4,4,5,4,1
938,2,2021,1,61,1,1,0,1,1,0,0,0,0,4,4,4,4,4,4,4,4,4,4,4,4,4,4,4,1
939,2,2021,0,45,1,1,3,0,0,1,0,0,0,2,2,2,5,2,2,2,2,2,2,2,2,2,2,2,1
940,2,2021,1,57,0,0,2,0,0,0,0,0,1,5,5,5,3,6,5,7,4,4,5,2,2,3,2,5,0
941,2,2021,1,60,1,1,5,0,1,0,0,0,0,5,5,4,5,5,3,3,4,4,4,4,4,4,4,4,0
942,2,2021,1,42,0,0,0,1,1,0,0,0,0,3,7,6,3,2,5,7,2,7,3,2,1,1,1,2,0
943,2,2021,1,73,1,1,2,0,0,0,0,1,0,5,5,5,5,4,4,7,5,6,4,3,6,2,3,6,0
944,2,2021,1,67,1,1,3,0,1,0,0,0,0,1,1,1,6,1,1,6,3,4,5,5,5,3,1,2,1
945,2,2021,1,57,1,0,4,0,1,0,0,0,0,4,4,4,4,4,4,4,4,3,4,4,4,4,4,4,1
946,2,2021,0,51,0,0,2,0,1,0,0,0,0,1,1,5,5,5,1,7,2,2,4,1,4,2,1,1,0
947,2,2021,1,43,0,0,0,1,1,0,0,0,0,2,2,4,4,1,2,6,4,4,5,3,2,4,2,5,1
948,2,2021,1,63,1,1,3,0,1,0,0,0,0,2,3,4,5,5,5,6,2,5,2,2,4,2,1,1,0
949,2,2021,1,67,0,0,1,0,0,0,0,1,0,4,4,2,4,4,2,4,2,3,4,2,4,3,4,4,1
950,2,2021,1,61,1,1,4,0,1,0,0,0,0,4,2,5,7,5,5,7,2,6,4,1,5,1,4,4,0
951,2,2021,1,74,1,1,2,0,0,0,0,1,0,5,2,6,6,1,1,7,2,4,2,1,4,2,1,1,0
952,2,2021,1,68,1,1,2,0,1,0,0,0,0,2,5,2,5,3,1,2,3,5,1,1,5,3,1,1,1
953,2,2021,1,63,1,1,5,0,1,0,0,0,0,6,5,6,5,5,5,5,2,5,3,1,5,5,1,1,0
954,2,2021,1,39,1,0,5,0,1,0,0,0,0,1,1,1,7,1,1,7,1,1,1,1,1,1,1,1,1
955,2,2021,1,70,1,0,1,0,0,0,0,1,0,4,4,4,4,4,4,7,4,4,4,4,4,4,4,4,0
956,2,2021,1,76,1,1,2,0,0,0,0,1,0,4,5,6,5,1,1,6,2,5,4,2,2,2,2,2,0
957,2,2021,1,55,0,0,3,0,1,0,0,0,0,3,4,3,5,3,2,5,4,3,3,3,5,4,3,4,1
958,2,2021,1,68,1,1,4,0,1,0,0,0,0,1,5,6,4,1,1,7,2,4,2,1,4,4,1,1,1
959,2,2021,0,79,1,1,2,0,0,1,0,0,0,4,4,4,4,4,4,4,4,4,4,4,4,4,4,4,1
960,2,2021,1,53,1,1,5,0,1,0,0,0,0,4,5,5,6,4,4,6,4,6,4,4,2,4,4,4,0
961,2,2021,1,64,1,0,5,0,0,0,0,0,1,4,5,4,6,4,4,6,1,6,1,1,4,1,1,1,0
962,2,2021,0,67,1,1,2,0,0,1,0,0,0,2,2,7,5,2,6,7,2,2,5,2,4,2,2,2,1
963,2,2021,1,73,0,1,2,0,1,0,0,0,0,4,5,5,5,2,2,5,3,5,4,3,5,3,5,3,1
964,2,2021,1,56,1,1,3,0,1,0,0,0,0,6,5,5,6,2,5,6,3,5,4,1,4,2,1,2,0
965,2,2021,1,61,1,1,2,0,1,0,0,0,0,2,5,6,5,2,2,5,5,5,5,2,4,4,3,2,1
966,2,2021,1,46,1,1,3,0,1,0,0,0,0,1,1,1,1,4,1,4,1,1,1,1,1,1,1,1,0
967,2,2021,1,61,1,1,5,0,1,0,0,0,0,2,2,5,6,2,1,6,4,4,2,2,2,2,2,5,1
968,2,2021,1,50,1,1,5,0,1,0,0,0,0,5,5,5,5,5,5,5,5,5,5,5,5,5,5,5,1
969,2,2021,1,47,1,1,3,0,1,0,0,0,0,3,3,5,7,4,2,5,2,4,2,1,1,1,1,1,1
970,2,2021,1,73,1,1,3,0,0,0,0,1,0,3,3,3,6,2,2,6,1,2,2,1,4,1,1,1,0
971,2,2021,0,62,1,1,3,0,0,1,0,0,0,5,4,6,6,4,1,7,3,5,3,3,4,4,3,3,0
972,2,2021,0,59,1,1,5,0,1,0,0,0,0,3,4,4,3,4,3,5,4,4,4,4,4,2,4,4,0
973,2,2021,0,35,0,0,5,0,1,0,0,0,0,5,4,4,6,2,4,6,1,5,4,1,5,2,4,3,1
974,2,2021,0,57,1,1,5,0,1,0,0,0,0,2,1,2,4,5,1,4,4,4,4,4,4,4,4,4,1
975,2,2021,1,72,1,1,3,0,1,0,0,0,0,6,7,7,7,6,1,7,1,7,6,1,1,1,1,1,0
976,2,2021,1,73,1,1,3,0,0,0,0,1,0,5,6,5,5,4,5,7,4,5,7,4,3,4,2,2,0
977,2,2021,1,63,1,1,0,1,1,0,0,0,0,4,4,4,4,4,4,4,4,4,4,4,4,4,4,4,1
978,2,2021,1,65,1,1,2,0,1,0,0,0,0,3,2,2,4,3,3,3,4,4,4,4,4,4,4,4,1
979,2,2021,1,66,1,1,5,0,1,0,0,0,0,5,5,4,5,4,4,5,5,5,3,3,3,3,3,3,1
980,2,2021,0,45,1,1,5,0,1,0,0,0,0,1,2,6,5,4,4,6,4,2,4,2,4,4,4,3,1
981,2,2021,0,55,1,1,3,0,0,1,0,0,0,3,4,5,6,5,1,7,5,3,5,3,7,1,3,2,0
982,2,2021,1,54,1,1,5,0,1,0,0,0,0,5,5,5,6,6,6,7,4,6,4,4,4,4,4,4,1
983,2,2021,1,56,1,1,4,0,1,0,0,0,0,5,6,4,6,1,1,6,1,5,1,1,4,1,1,1,0
984,2,2021,1,47,1,1,5,0,1,0,0,0,0,2,2,2,2,2,2,2,2,2,2,2,2,2,2,2,1
985,2,2021,0,58,1,0,5,0,0,1,0,0,0,6,6,5,7,4,3,6,2,6,4,2,1,1,2,1,1
986,2,2021,1,51,1,0,3,0,1,0,0,0,0,2,2,2,4,1,1,5,4,4,4,4,4,4,4,4,1
987,2,2021,1,57,1,1,5,0,1,0,0,0,0,4,5,4,4,4,4,4,4,4,4,4,4,4,4,4,1
988,2,2021,1,67,1,0,1,0,1,0,0,0,0,5,6,5,4,4,5,5,4,5,5,4,4,5,4,2,1
989,2,2021,0,57,1,1,3,0,1,0,0,0,0,4,1,4,7,4,1,1,2,5,2,2,4,3,2,2,0
990,2,2021,1,57,1,1,5,0,1,0,0,0,0,3,6,4,5,2,2,5,4,4,5,3,5,3,2,5,1
991,2,2021,1,58,0,0,5,0,1,0,0,0,0,7,1,1,2,1,1,1,1,1,4,1,1,1,1,1,1
992,2,2021,1,53,1,1,5,0,1,0,0,0,0,1,1,1,1,1,1,1,1,2,1,1,2,1,1,1,0
993,2,2021,0,35,0,0,5,0,1,0,0,0,0,3,4,4,4,4,4,5,4,4,4,5,4,4,5,5,1
994,2,2021,1,71,1,1,2,0,1,0,0,0,0,6,5,6,5,7,5,6,2,5,1,1,2,1,1,1,0
995,2,2021,1,54,0,1,5,0,1,0,0,0,0,1,1,1,3,5,1,4,4,1,4,4,4,4,4,4,1
996,2,2021,1,40,0,0,2,0,1,0,0,0,0,4,4,4,3,4,3,5,4,4,5,4,3,4,4,3,1
997,2,2021,1,61,1,0,5,0,1,0,0,0,0,4,5,4,4,4,4,4,4,4,4,4,4,4,4,4,1
998,2,2021,1,59,1,1,1,0,0,0,0,1,0,5,5,5,6,5,5,5,5,5,5,5,5,5,5,5,0
999,2,2021,0,60,1,0,0,1,0,1,0,0,0,4,4,4,4,4,4,4,4,4,5,4,4,4,4,4,1
1000,2,2021,1,58,1,1,0,1,1,0,0,0,0,4,3,3,4,4,1,6,5,4,6,4,5,4,4,4,0
1001,2,2021,1,64,1,1,5,0,1,0,0,0,0,4,4,4,4,4,5,4,4,4,4,4,4,4,4,4,1
1002,2,2021,1,38,0,0,2,0,1,0,0,0,0,4,4,4,4,4,2,6,4,4,4,4,4,4,4,4,1
1003,2,2021,1,53,1,1,2,0,1,0,0,0,0,1,5,1,7,4,1,1,1,1,5,1,6,1,1,1,1
1004,2,2021,1,68,1,1,3,0,1,0,0,0,0,4,5,4,4,4,5,5,4,4,4,4,5,4,4,4,1
1005,2,2021,1,62,1,1,3,0,1,0,0,0,0,3,5,1,6,3,1,6,3,4,2,1,1,1,1,4,1
1006,2,2021,1,54,0,0,3,0,1,0,0,0,0,1,7,6,1,1,1,2,1,1,1,1,1,1,1,1,1
1007,2,2021,1,57,0,1,1,0,0,0,0,1,0,3,4,4,4,4,1,4,1,4,4,1,3,1,1,1,0
1008,2,2021,1,62,0,1,1,0,1,0,0,0,0,1,5,2,1,5,1,7,5,6,1,1,6,1,1,4,1
1009,2,2021,1,58,0,0,5,0,1,0,0,0,0,5,2,2,4,6,6,6,2,5,2,2,2,2,2,2,0
1010,2,2021,1,58,1,1,5,0,1,0,0,0,0,2,2,4,4,5,5,7,1,6,1,1,4,1,1,1,0
1011,2,2021,1,55,1,1,4,0,1,0,0,0,0,2,7,5,7,6,4,7,1,6,4,1,5,1,1,1,0
1012,2,2021,1,59,0,1,2,0,1,0,0,0,0,4,5,5,7,2,1,4,4,4,4,5,4,1,4,2,1
1013,2,2021,1,46,0,0,2,0,0,0,0,1,0,4,1,4,4,1,1,7,1,1,1,1,6,1,1,1,1
1014,2,2021,1,67,1,1,3,0,1,0,0,0,0,4,4,5,4,4,4,4,4,4,4,4,4,4,4,4,0
1015,2,2021,1,81,1,1,5,0,0,0,0,1,0,7,4,6,7,4,2,7,1,4,4,1,1,1,1,1,1
1016,2,2021,1,74,1,1,3,0,0,0,0,1,0,5,7,6,1,5,1,7,1,1,1,1,5,1,1,1,0
1017,2,2021,0,43,1,1,4,0,1,0,0,0,0,5,3,6,5,2,2,7,1,5,4,2,1,1,1,1,1
1018,2,2021,0,32,0,0,4,0,1,0,0,0,0,5,5,4,2,5,3,6,6,1,6,5,5,5,5,5,1
1019,2,2021,1,67,1,1,2,0,0,0,0,1,0,6,7,6,7,2,1,7,5,5,5,1,1,1,1,1,1
1020,2,2021,0,65,1,1,0,1,0,1,0,0,0,6,6,7,6,6,1,7,7,4,7,1,1,7,1,1,1
1021,2,2021,1,74,1,1,4,0,0,0,0,1,0,6,6,5,4,2,3,6,3,2,3,4,4,4,3,3,1
1022,2,2021,0,57,1,0,5,0,0,1,0,0,0,6,5,7,5,5,5,6,4,6,3,3,4,2,5,5,0
1023,2,2021,1,57,1,1,4,0,1,0,0,0,0,5,5,3,4,4,2,6,4,4,4,3,6,4,3,6,0
1024,2,2021,0,38,0,1,2,0,1,0,0,0,0,1,1,1,4,1,1,7,6,3,1,1,3,4,1,1,1
1025,2,2021,0,46,0,0,2,0,1,0,0,0,0,1,1,1,2,1,1,4,5,1,5,3,5,1,5,7,1
1026,2,2021,1,53,1,1,5,0,1,0,0,0,0,5,6,5,5,4,5,5,4,6,2,2,3,3,2,4,1
1027,2,2021,1,73,1,1,2,0,0,0,0,1,0,4,4,4,4,4,4,4,4,3,4,4,4,4,4,4,1
1028,2,2021,1,55,1,0,5,0,1,0,0,0,0,4,4,4,4,4,4,4,4,4,4,4,4,4,4,5,1
1029,2,2021,1,44,0,0,5,0,1,0,0,0,0,5,6,4,4,5,4,5,4,4,4,4,4,4,4,4,1
1030,2,2021,0,51,1,1,5,0,1,0,0,0,0,2,1,4,6,2,1,6,3,3,4,1,3,2,1,2,1
1031,2,2021,1,65,1,1,5,0,1,0,0,0,0,4,6,5,6,6,7,7,2,6,5,1,5,1,4,6,0
1032,2,2021,0,34,0,0,3,0,1,0,0,0,0,1,4,5,2,2,1,3,6,1,5,1,2,1,3,4,1
1033,2,2021,0,41,1,0,0,1,1,0,0,0,0,1,6,6,1,1,1,7,1,1,1,1,4,1,1,1,1
1034,2,2021,1,73,1,0,3,0,1,0,0,0,0,3,3,4,5,3,3,5,3,5,4,3,4,3,3,4,0
1035,2,2021,1,69,1,1,1,0,1,0,0,0,0,1,1,1,1,1,1,1,1,1,1,1,1,1,1,1,1
1036,2,2021,0,70,1,1,3,0,0,1,0,0,0,5,6,6,6,1,5,6,1,6,1,1,1,1,1,1,0
1037,2,2021,1,74,1,1,0,1,0,0,0,1,0,5,6,4,5,2,4,5,4,4,4,4,4,4,4,4,0
1038,2,2021,1,65,0,1,5,0,0,0,0,1,0,4,2,3,4,3,2,5,3,4,4,3,3,3,3,3,1
1039,2,2021,0,59,1,0,5,0,0,0,0,0,1,4,5,5,4,3,5,6,4,4,4,4,4,3,4,4,1
1040,2,2021,0,53,1,1,1,0,0,1,0,0,0,6,6,6,6,6,1,6,1,6,1,1,1,1,1,1,0
1041,2,2021,1,80,1,1,0,1,0,0,0,1,0,6,6,6,6,1,1,7,4,5,4,4,6,4,4,4,0
1042,2,2021,0,66,0,1,1,0,0,0,0,1,0,6,1,6,6,6,5,7,1,6,2,1,1,1,1,1,0
1043,2,2021,0,53,1,0,3,0,1,0,0,0,0,4,6,5,5,2,7,7,1,5,4,1,1,1,1,1,0
1044,2,2021,1,66,1,1,3,0,1,0,0,0,0,5,5,5,5,5,5,5,5,5,5,5,5,5,5,5,1
1045,2,2021,1,70,1,1,3,0,0,0,0,1,0,7,7,5,7,4,7,7,1,7,2,1,1,1,1,1,0
1046,2,2021,0,59,1,1,0,1,1,0,0,0,0,1,1,1,1,1,1,5,7,2,5,1,7,4,4,4,1
1047,2,2021,0,55,1,0,5,0,1,0,0,0,0,2,5,6,3,2,2,7,3,4,7,1,2,4,1,1,0
1048,2,2021,1,67,1,1,3,0,1,0,0,0,0,4,4,4,4,4,1,6,1,5,3,2,3,1,1,2,1
1049,2,2021,0,40,0,0,0,1,1,0,0,0,0,6,5,6,5,2,1,6,6,3,5,2,2,2,5,5,1
1050,2,2021,1,55,1,0,4,0,1,0,0,0,0,1,5,5,5,7,1,7,1,3,1,1,5,1,1,1,1
1051,2,2021,1,62,0,1,2,0,1,0,0,0,0,5,7,6,6,2,2,7,4,5,4,2,7,2,2,7,0
1052,2,2021,0,35,0,0,4,0,1,0,0,0,0,5,4,4,4,1,4,7,4,4,4,4,4,4,1,3,1
1053,2,2021,0,66,1,1,5,0,0,1,0,0,0,4,7,7,7,4,2,7,4,4,2,2,4,4,2,1,1
1054,2,2021,0,49,0,0,2,0,1,0,0,0,0,6,1,5,6,1,1,6,1,5,1,1,1,1,1,1,1
1055,2,2021,0,59,1,1,5,0,1,0,0,0,0,3,2,6,4,3,3,5,4,4,4,2,2,2,2,2,1
1056,2,2021,1,69,0,1,1,0,0,0,0,1,0,2,2,2,7,2,2,4,2,1,2,2,2,2,2,2,1
1057,2,2021,1,71,0,0,3,0,0,0,0,1,0,1,1,1,7,1,1,6,4,5,3,1,1,1,1,1,1
1058,2,2021,0,72,0,0,0,1,1,0,0,0,0,4,1,7,3,1,1,7,5,4,5,2,4,1,1,4,0
1059,2,2021,1,71,1,1,2,0,0,0,0,1,0,1,5,5,6,1,1,5,2,5,4,2,2,2,3,2,0
1060,2,2021,1,54,0,0,3,0,1,0,0,0,0,1,1,4,6,4,1,6,1,5,1,1,3,1,1,1,0
1061,2,2021,0,56,0,1,3,0,1,0,0,0,0,7,7,7,6,6,1,7,5,6,5,4,6,4,6,5,0
1062,2,2021,1,73,1,1,3,0,0,0,0,1,0,2,5,5,4,5,1,6,2,5,3,1,3,1,1,2,0
1063,2,2021,0,47,1,0,5,0,0,1,0,0,0,4,4,4,4,4,4,4,4,4,4,4,4,4,4,4,1
1064,2,2021,0,35,0,0,2,0,1,0,0,0,0,1,1,1,1,1,1,7,7,1,7,4,7,1,4,7,1
1065,2,2021,1,42,0,0,2,0,0,0,0,1,0,1,4,2,4,1,1,5,4,3,4,1,4,4,1,4,1
1066,2,2021,0,34,1,0,0,1,1,0,0,0,0,3,4,4,4,4,4,4,4,4,4,3,4,3,4,4,1
1067,2,2021,1,53,1,0,4,0,1,0,0,0,0,2,2,2,2,2,1,2,2,2,2,2,2,2,2,2,1
1068,2,2021,1,51,0,0,2,0,0,0,0,1,0,1,7,4,3,1,3,7,7,1,7,5,7,7,2,1,1
1069,2,2021,0,62,1,1,4,0,0,1,0,0,0,4,7,6,7,1,3,7,5,4,4,2,1,2,1,1,1
1070,2,2021,1,55,1,1,5,0,1,0,0,0,0,5,7,5,5,6,5,7,4,4,4,4,4,3,4,4,1
1071,2,2021,1,67,1,1,5,0,0,0,0,1,0,7,7,7,7,1,1,7,1,7,1,1,1,1,1,1,0
1072,2,2021,0,55,0,0,4,0,1,0,0,0,0,1,1,7,7,1,1,7,7,1,5,1,6,4,1,7,1
1073,2,2021,0,52,1,1,3,0,1,0,0,0,0,4,4,4,4,4,1,7,5,3,7,7,4,4,5,5,0
1074,2,2021,0,39,0,0,4,0,1,0,0,0,0,1,1,1,6,1,1,1,1,1,1,1,1,1,1,1,1
1075,2,2021,0,41,1,1,0,1,0,1,0,0,0,6,5,4,3,4,4,3,7,5,3,4,2,6,4,4,1
1076,2,2021,1,34,0,0,0,1,1,0,0,0,0,5,3,5,5,1,1,7,3,4,5,1,3,2,1,2,0
1077,2,2021,1,56,0,0,1,0,0,0,0,1,0,3,4,3,4,2,1,5,1,2,2,2,6,1,3,5,1
1078,2,2021,1,35,1,0,5,0,1,0,0,0,0,2,4,4,4,2,4,5,4,3,4,5,4,4,4,4,1
1079,2,2021,0,53,0,0,1,0,1,0,0,0,0,4,4,4,4,4,4,4,4,4,4,4,4,4,4,4,1
1080,2,2021,1,35,0,0,5,0,1,0,0,0,0,3,5,5,4,4,3,6,4,5,4,4,4,4,4,4,0
1081,2,2021,1,49,1,0,2,0,1,0,0,0,0,5,4,5,4,4,1,6,4,4,4,4,4,1,4,4,1
1082,2,2021,0,35,1,1,3,0,0,1,0,0,0,5,2,5,5,5,1,7,1,6,1,1,2,1,1,1,0
1083,2,2021,0,54,1,1,3,0,1,0,0,0,0,4,1,6,5,5,1,7,1,4,4,1,4,1,1,1,0
1084,2,2021,0,28,0,0,5,0,1,0,0,0,0,6,2,5,4,5,5,6,2,5,5,1,3,2,4,1,0
1085,2,2021,0,72,0,1,5,0,0,1,0,0,0,4,5,6,5,2,1,7,3,3,4,2,3,1,5,3,0
1086,2,2021,1,54,0,0,1,0,1,0,0,0,0,1,1,2,1,1,1,1,1,1,1,1,1,1,1,2,1
1087,2,2021,0,61,0,0,2,0,1,0,0,0,0,1,1,1,1,1,1,1,1,1,1,1,4,1,1,1,1
1088,2,2021,0,63,1,1,3,0,0,1,0,0,0,2,2,6,7,6,6,6,5,5,4,1,4,4,1,2,0
1089,2,2021,0,50,0,0,4,0,1,0,0,0,0,5,7,3,3,2,1,5,1,6,1,1,1,1,1,1,1
1090,2,2021,1,54,1,1,3,0,1,0,0,0,0,2,1,2,2,1,1,6,2,2,1,1,3,6,1,1,1
1091,2,2021,1,60,0,1,4,0,1,0,0,0,0,2,2,5,5,3,1,7,1,3,1,1,1,1,1,1,1
1092,2,2021,0,36,1,0,2,0,1,0,0,0,0,3,7,7,2,7,4,4,4,1,4,4,1,4,4,4,0
1093,2,2021,1,48,0,0,3,0,1,0,0,0,0,4,4,4,4,4,4,4,4,4,4,4,4,4,4,4,1
1094,2,2021,1,41,1,1,3,0,1,0,0,0,0,6,7,5,5,6,6,7,2,7,2,1,2,2,2,2,0
1095,2,2021,0,45,0,0,4,0,1,0,0,0,0,1,1,5,7,1,1,7,1,1,5,1,4,1,1,1,1
1096,2,2021,1,72,1,1,2,0,0,0,0,1,0,6,4,6,7,1,1,7,1,2,3,1,1,1,1,1,1
1097,2,2021,1,31,0,0,2,0,1,0,0,0,0,3,5,5,5,4,2,6,4,3,4,1,4,3,4,4,1
1098,2,2021,0,39,1,1,2,0,0,1,0,0,0,1,2,3,7,4,4,6,1,4,1,1,4,1,1,1,0
1099,2,2021,1,57,1,1,3,0,1,0,0,0,0,2,2,4,6,3,1,7,3,5,5,1,6,1,5,5,0
1100,2,2021,0,46,0,0,0,1,1,0,0,0,0,3,4,4,5,4,1,7,5,3,4,3,5,4,3,4,1
1101,2,2021,1,61,1,1,5,0,0,0,0,0,1,2,2,4,4,3,2,5,3,4,4,2,3,3,2,3,1
1102,2,2021,0,63,1,0,2,0,0,1,0,0,0,3,1,4,6,5,2,6,5,5,5,3,4,3,2,1,0
1103,2,2021,0,46,1,0,0,1,0,1,0,0,0,1,1,2,6,2,1,7,5,2,4,1,2,2,1,4,1
1104,2,2021,1,41,0,0,4,0,1,0,0,0,0,3,2,4,2,5,2,5,5,5,4,3,2,2,1,2,1
1105,2,2021,1,58,1,1,2,0,1,0,0,0,0,4,4,4,4,4,4,4,4,4,4,4,4,4,4,4,1
1106,2,2021,0,64,0,0,0,1,0,0,0,0,1,2,5,5,6,3,6,7,2,4,5,2,5,2,2,6,1
1107,2,2021,1,59,1,1,3,0,1,0,0,0,0,4,2,5,4,4,4,4,4,4,4,4,4,4,4,4,0
1108,2,2021,0,57,1,1,5,0,1,0,0,0,0,4,6,4,5,4,2,5,2,4,2,2,2,2,2,2,1
1109,2,2021,0,40,1,0,4,0,1,0,0,0,0,6,7,6,4,3,2,7,2,4,5,5,3,1,2,3,1
1110,2,2021,1,58,0,0,2,0,1,0,0,0,0,4,5,4,7,4,1,7,1,4,1,1,7,1,2,6,0
1111,2,2021,1,46,0,0,0,1,1,0,0,0,0,2,5,7,7,7,1,7,1,7,1,1,2,1,1,1,1
1112,2,2021,1,62,1,1,3,0,1,0,0,0,0,3,5,3,5,3,4,5,5,5,4,2,3,3,2,3,1
1113,2,2021,0,58,1,1,5,0,0,1,0,0,0,1,1,1,7,1,1,7,1,4,1,1,1,1,1,1,0
1114,2,2021,0,40,0,0,5,0,1,0,0,0,0,7,3,3,7,1,1,7,5,1,1,1,7,4,1,6,1
1115,2,2021,1,50,1,1,5,0,1,0,0,0,0,4,4,4,4,4,4,4,4,4,4,4,4,4,4,4,1
1116,2,2021,1,60,1,1,3,0,1,0,0,0,0,5,6,5,6,5,2,5,2,6,6,1,6,1,3,6,1
1117,2,2021,0,33,1,1,0,1,1,0,0,0,0,5,5,5,5,5,5,5,1,5,1,1,1,1,1,1,0
1118,2,2021,1,75,1,1,2,0,0,0,0,1,0,1,1,1,6,1,1,5,1,3,1,1,1,1,1,1,1
1119,2,2021,0,69,0,1,2,0,0,0,0,1,0,3,6,7,7,5,5,7,1,6,6,1,1,2,7,1,1
1120,2,2021,1,54,0,1,2,0,0,0,0,0,1,5,7,6,7,5,4,7,1,4,6,1,5,5,1,1,1
1121,2,2021,1,56,1,1,5,0,1,0,0,0,0,3,2,3,6,1,1,5,2,4,2,2,3,2,2,2,1
1122,2,2021,1,61,1,1,3,0,1,0,0,0,0,7,7,7,7,7,7,7,7,7,7,7,1,7,7,7,0
1123,2,2021,1,36,0,0,5,0,1,0,0,0,0,1,4,5,6,6,1,5,1,2,2,1,3,1,1,1,1
1124,2,2021,1,44,1,1,3,0,1,0,0,0,0,1,2,2,6,1,1,7,3,2,6,2,6,2,3,6,1
1125,2,2021,1,51,1,0,5,0,1,0,0,0,0,5,6,4,5,5,5,5,4,5,4,4,4,4,4,4,1
1126,2,2021,0,47,1,0,4,0,1,0,0,0,0,4,5,5,4,4,4,4,4,4,4,4,4,4,4,3,0
1127,2,2021,0,80,1,1,0,1,0,1,0,0,0,4,7,7,7,4,1,7,1,7,4,1,4,1,1,1,0
1128,2,2021,1,58,1,1,3,0,1,0,0,0,0,4,4,4,6,3,4,6,2,4,4,3,4,2,4,4,1
1129,2,2021,0,51,0,0,1,0,1,0,0,0,0,5,5,5,5,5,1,1,1,1,1,1,1,1,1,1,0
1130,2,2021,0,39,0,0,0,1,1,0,0,0,0,1,1,1,4,1,1,1,1,4,1,1,1,1,1,1,0
1131,2,2021,1,76,1,1,3,0,0,0,0,1,0,4,4,4,4,4,4,4,4,4,4,4,4,4,4,4,1
1132,2,2021,1,53,1,0,2,0,1,0,0,0,0,1,1,1,5,1,1,7,5,3,5,1,7,2,1,7,1
1133,2,2021,1,39,1,0,5,0,1,0,0,0,0,4,5,5,4,4,3,5,5,5,5,2,3,5,2,2,0
1134,2,2021,0,51,0,1,0,1,1,0,0,0,0,4,5,5,4,4,4,4,4,4,4,4,4,4,4,4,1
1135,2,2021,1,69,1,1,5,0,1,0,0,0,0,5,5,5,5,5,5,5,5,5,5,5,5,5,5,4,1
1136,2,2021,0,86,0,1,1,0,0,0,0,1,0,5,7,6,6,1,5,6,1,6,5,2,6,1,1,2,0
1137,2,2021,1,71,1,1,0,1,0,0,0,1,0,4,4,4,4,4,1,6,1,4,1,1,4,1,1,1,0
1138,2,2021,1,73,1,1,4,0,0,0,0,1,0,5,4,5,7,3,1,6,1,6,1,1,4,2,1,1,0
1139,2,2021,1,58,1,1,0,1,1,0,0,0,0,4,4,4,4,4,4,4,4,4,4,4,4,4,4,4,0
1140,2,2021,1,65,0,0,5,0,0,0,0,0,1,4,1,4,5,4,4,4,3,3,4,3,4,3,3,4,1
1141,2,2021,1,81,1,0,2,0,0,0,0,1,0,6,4,6,6,1,1,7,1,6,5,1,5,1,1,1,1
1142,2,2021,1,60,1,1,5,0,1,0,0,0,0,6,6,6,7,6,3,6,1,7,1,1,1,1,1,1,0
1143,2,2021,1,47,1,0,3,0,1,0,0,0,0,5,5,4,3,1,1,6,6,3,7,1,7,5,1,4,1
1144,2,2021,0,53,1,0,0,1,0,1,0,0,0,5,5,5,6,4,5,6,2,5,3,1,1,1,1,1,1
1145,2,2021,1,79,1,1,3,0,0,0,0,1,0,4,4,4,7,4,4,7,1,7,1,1,1,1,1,1,1
1146,2,2021,1,49,1,1,5,0,1,0,0,0,0,1,1,1,7,1,1,7,5,7,3,4,5,4,4,1,1
1147,2,2021,1,51,1,1,3,0,1,0,0,0,0,6,5,5,5,5,1,6,2,6,2,2,2,2,2,2,0
1148,2,2021,1,57,0,0,2,0,1,0,0,0,0,1,1,1,7,1,1,7,1,4,1,1,4,1,1,1,1
1149,2,2021,0,58,1,0,3,0,0,1,0,0,0,3,4,4,4,4,3,3,5,3,5,5,4,5,5,4,1
1150,2,2021,1,70,1,1,2,0,0,0,0,1,0,2,2,2,7,2,1,6,2,5,2,1,3,5,1,1,1
1151,2,2021,1,49,1,1,3,0,1,0,0,0,0,2,2,2,6,4,1,5,2,4,4,4,2,3,4,2,1
1152,2,2021,0,45,0,0,3,0,1,0,0,0,0,4,4,5,3,5,1,5,2,4,4,2,4,2,2,3,0
1153,2,2021,0,69,1,1,0,1,0,1,0,0,0,5,5,5,5,5,1,6,2,5,5,2,3,2,2,1,0
1154,2,2021,0,53,1,0,4,0,1,0,0,0,0,5,5,5,5,3,3,5,4,5,5,4,4,4,4,4,0
1155,2,2021,1,41,1,0,0,1,1,0,0,0,0,4,4,4,4,4,4,4,4,4,4,4,4,4,4,4,1
1156,2,2021,1,38,0,0,2,0,1,0,0,0,0,5,1,1,1,1,1,7,7,7,7,7,1,1,7,1,1
1157,2,2021,0,72,1,1,3,0,0,1,0,0,0,6,7,7,7,5,4,5,4,7,4,3,1,1,1,1,0
1158,2,2021,1,46,1,0,4,0,1,0,0,0,0,4,1,4,3,1,2,6,2,4,5,1,2,2,1,1,1
1159,2,2021,1,45,0,0,3,0,1,0,0,0,0,4,4,4,7,4,4,4,4,4,1,1,4,4,1,1,0
1160,2,2021,0,32,0,0,3,0,1,0,0,0,0,4,5,5,3,1,2,6,3,3,6,4,4,4,4,5,1
1161,2,2021,0,56,0,0,3,0,1,0,0,0,0,4,4,4,4,4,4,4,4,4,4,4,4,4,4,4,1
1162,2,2021,1,33,0,0,2,0,0,0,0,0,1,3,4,4,3,3,3,3,3,3,3,3,3,3,3,3,1
1163,2,2021,1,48,0,0,3,0,1,0,0,0,0,7,6,5,7,3,3,7,1,7,5,1,1,1,1,1,1
1164,2,2021,1,53,0,1,3,0,1,0,0,0,0,4,5,3,3,5,1,7,5,2,5,5,7,4,3,3,1
1165,2,2021,1,57,1,1,5,0,1,0,0,0,0,1,5,5,5,1,2,7,6,5,2,2,4,1,1,1,1
1166,2,2021,1,51,0,0,3,0,1,0,0,0,0,2,3,2,5,1,1,6,4,4,4,4,4,4,4,5,1
1167,2,2021,1,48,1,1,5,0,0,0,0,0,1,4,1,5,3,6,1,6,4,4,5,4,2,2,3,3,0
1168,2,2021,1,59,1,1,5,0,1,0,0,0,0,5,5,5,5,5,6,5,3,5,3,3,3,3,3,3,1
1169,2,2021,1,85,0,1,2,0,0,0,0,1,0,5,5,4,7,5,5,6,2,6,2,1,4,2,1,1,1
1170,2,2021,1,60,0,0,2,0,1,0,0,0,0,1,4,3,4,1,1,6,4,4,4,4,5,4,4,4,1
1171,2,2021,0,41,1,1,5,0,1,0,0,0,0,5,5,4,3,3,1,5,1,1,1,5,1,5,3,3,0
1172,2,2021,1,69,1,1,4,0,0,0,0,1,0,5,6,6,7,2,2,7,3,6,5,3,4,4,2,1,0
1173,2,2021,1,51,0,0,1,0,1,0,0,0,0,5,1,1,3,1,1,7,5,2,1,1,7,1,1,5,1
1174,2,2021,1,69,1,1,2,0,0,0,0,1,0,4,4,4,4,4,4,6,4,4,4,4,4,4,4,4,1
1175,2,2021,1,57,1,0,3,0,1,0,0,0,0,1,1,4,3,1,1,5,1,3,1,1,1,1,1,1,1
1176,2,2021,1,54,1,1,3,0,1,0,0,0,0,3,4,4,6,3,4,4,5,4,5,4,5,5,4,5,0
1177,2,2021,1,48,0,0,5,0,1,0,0,0,0,1,2,2,4,6,1,7,4,4,5,3,4,4,3,3,1
1178,2,2021,1,51,0,0,0,1,1,0,0,0,0,3,1,3,5,1,1,7,5,4,4,1,6,1,1,5,1
1179,2,2021,1,59,0,1,3,0,1,0,0,0,0,4,4,4,6,4,1,6,2,4,4,2,5,1,2,2,0
1180,2,2021,0,33,1,0,1,0,0,1,0,0,0,7,7,7,1,7,7,7,1,1,1,1,1,1,1,1,1
1181,2,2021,1,55,0,1,3,0,1,0,0,0,0,5,1,7,7,1,1,7,1,5,1,1,5,1,1,7,0
1182,2,2021,1,73,1,1,3,0,1,0,0,0,0,4,5,5,5,3,5,6,1,6,4,2,2,1,2,1,1
1183,2,2021,1,49,0,0,4,0,1,0,0,0,0,7,3,1,4,5,1,1,1,4,1,1,7,1,1,1,0
1184,2,2021,0,68,0,1,3,0,1,0,0,0,0,5,6,3,4,1,1,7,1,4,1,1,6,1,1,1,1
1185,2,2021,1,66,0,0,4,0,1,0,0,0,0,1,1,6,1,1,1,1,1,1,1,1,1,1,1,1,1
1186,2,2021,1,62,1,1,2,0,1,0,0,0,0,1,3,6,7,3,2,7,1,7,1,1,5,4,1,2,0
1187,2,2021,1,70,1,1,2,0,1,0,0,0,0,1,3,3,5,1,1,5,4,4,5,3,5,2,3,4,1
1188,2,2021,1,70,1,1,2,0,0,0,0,1,0,1,4,3,5,1,1,7,1,3,1,1,1,1,4,1,1
1189,2,2021,0,49,0,0,0,1,1,0,0,0,0,4,1,6,7,5,5,7,6,5,6,4,4,2,4,4,1
1190,2,2021,0,27,0,0,0,1,1,0,0,0,0,5,5,5,4,4,4,5,4,5,4,4,4,3,4,5,1
1191,2,2021,1,55,1,1,5,0,1,0,0,0,0,4,4,4,4,4,4,4,4,4,4,4,4,4,4,4,0
1192,2,2021,0,43,1,1,4,0,0,1,0,0,0,1,1,7,3,1,1,7,7,1,4,4,4,4,4,4,1
1193,2,2021,0,57,1,0,0,1,0,1,0,0,0,2,2,1,7,2,2,7,1,7,5,1,5,1,1,4,1
1194,2,2021,0,56,0,1,1,0,0,0,0,1,0,4,4,5,7,1,1,6,3,4,4,6,6,3,7,4,1
1195,2,2021,1,47,1,1,5,0,1,0,0,0,0,2,2,5,3,5,1,7,1,5,1,1,1,1,1,1,0
1196,2,2021,1,66,1,0,0,1,0,0,0,1,0,3,4,5,5,4,2,5,5,4,4,4,5,3,4,4,1
1197,2,2021,1,49,0,0,2,0,1,0,0,0,0,3,4,4,7,4,1,5,2,4,2,1,2,1,1,1,1
1198,2,2021,1,69,1,1,2,0,1,0,0,0,0,4,5,7,7,1,7,7,3,7,4,1,7,7,1,1,0
1199,2,2021,0,51,1,0,2,0,0,1,0,0,0,3,7,5,5,7,1,6,1,5,1,1,4,1,1,1,1
1200,2,2021,0,52,1,0,3,0,0,1,0,0,0,4,7,7,4,1,1,7,7,1,7,7,7,6,7,4,1
1201,2,2021,1,37,0,0,3,0,1,0,0,0,0,3,6,5,5,4,5,7,4,5,4,3,2,2,2,2,0
1202,2,2021,0,75,0,1,0,1,0,0,0,1,0,1,3,6,6,3,1,7,2,4,2,1,4,1,2,1,1
1203,2,2021,1,69,0,0,1,0,0,0,0,1,0,3,5,5,4,2,2,7,1,6,3,1,1,1,3,1,1
1204,2,2021,0,78,1,1,2,0,0,1,0,0,0,4,4,4,7,3,1,7,1,5,1,1,4,1,1,1,0
1205,2,2021,0,54,1,1,0,1,1,0,0,0,0,3,1,7,3,3,3,3,5,4,4,4,5,4,4,4,1
1206,2,2021,1,56,1,1,5,0,1,0,0,0,0,1,3,2,6,1,1,6,4,4,4,2,2,2,2,2,1
1207,2,2021,1,54,1,0,4,0,1,0,0,0,0,5,3,2,3,1,1,7,5,2,5,3,5,4,2,2,1
1208,2,2021,1,70,1,1,3,0,1,0,0,0,0,5,6,4,5,5,5,5,3,4,3,3,4,3,3,3,1
1209,2,2021,1,51,0,0,1,0,0,0,0,1,0,1,1,1,1,1,1,1,1,1,1,1,1,1,1,1,1
1210,2,2021,0,63,1,0,1,0,0,1,0,0,0,2,2,2,3,2,2,2,2,2,2,2,3,2,3,3,1
1211,2,2021,0,34,0,0,2,0,1,0,0,0,0,3,5,3,5,1,1,7,4,4,5,1,5,4,4,4,0
1212,2,2021,0,44,0,0,2,0,1,0,0,0,0,2,5,5,5,5,1,7,1,4,1,1,2,1,1,2,1
1213,2,2021,1,52,0,0,2,0,1,0,0,0,0,2,2,2,5,2,2,2,2,2,2,2,3,2,2,2,1
1214,2,2021,1,47,0,0,1,0,1,0,0,0,0,4,5,5,4,1,1,7,2,2,4,2,5,1,2,1,1
1215,2,2021,0,53,0,1,2,0,1,0,0,0,0,5,5,5,6,2,4,7,4,5,4,4,4,1,2,3,0
1216,2,2021,1,62,1,1,2,0,1,0,0,0,0,5,5,5,4,4,5,6,4,4,4,4,5,4,4,4,1
1217,2,2021,1,64,1,1,5,0,1,0,0,0,0,3,3,3,4,3,4,4,4,4,4,4,4,4,4,3,0
1218,2,2021,1,47,1,1,4,0,1,0,0,0,0,5,5,5,6,3,1,5,5,3,5,3,2,2,2,2,1
1219,2,2021,0,44,0,0,2,0,1,0,0,0,0,5,2,5,4,1,5,7,4,5,4,2,4,4,2,3,1
1220,2,2021,1,67,1,1,3,0,1,0,0,0,0,4,4,4,5,4,4,5,4,4,4,4,5,5,4,3,0
1221,2,2021,1,51,0,0,5,0,1,0,0,0,0,4,2,5,4,1,1,5,1,4,4,1,2,4,2,3,1
1222,2,2021,1,45,0,0,0,1,0,0,0,0,1,4,7,4,4,4,1,4,4,4,4,4,4,4,4,4,1
1223,2,2021,1,49,0,0,2,0,1,0,0,0,0,5,3,5,4,3,2,7,5,3,5,5,3,4,3,3,0
1224,2,2021,1,80,1,1,2,0,0,0,0,1,0,4,4,4,4,4,4,4,4,4,4,4,4,4,4,1,1
1225,2,2021,1,56,1,0,5,0,1,0,0,0,0,5,5,5,6,5,2,6,2,6,3,1,2,2,2,1,1
1226,2,2021,0,73,0,1,4,0,0,1,0,0,0,4,5,5,6,5,5,6,2,6,6,4,2,2,2,2,1
1227,2,2021,0,56,1,0,5,0,1,0,0,0,0,1,1,6,3,4,1,6,1,1,1,1,4,4,1,1,1
1228,2,2021,0,46,0,0,0,1,1,0,0,0,0,1,1,4,5,5,1,7,4,4,3,1,5,2,1,6,0
1229,2,2021,1,56,1,1,4,0,0,0,0,1,0,6,6,6,6,6,5,7,1,6,5,2,7,1,2,1,0
1230,2,2021,0,60,1,1,5,0,0,1,0,0,0,4,6,7,6,2,2,7,1,6,5,1,1,1,3,1,0
1231,2,2021,1,54,1,0,5,0,1,0,0,0,0,4,5,4,7,4,2,7,1,4,5,1,4,1,4,5,1
1232,2,2021,1,55,1,0,3,0,1,0,0,0,0,4,5,4,4,4,4,4,4,4,4,4,4,4,4,4,1
1233,2,2021,1,63,1,1,2,0,1,0,0,0,0,6,6,6,7,5,1,7,1,7,1,1,1,1,1,1,1
1234,2,2021,0,69,1,1,2,0,1,0,0,0,0,5,5,5,4,5,5,6,5,6,6,2,7,3,6,4,0
1235,2,2021,1,56,1,1,3,0,1,0,0,0,0,5,5,5,4,4,5,5,4,4,4,4,4,2,4,4,1
1236,2,2021,1,47,0,0,4,0,1,0,0,0,0,4,5,4,4,1,1,7,4,4,4,4,4,4,4,4,0
1237,2,2021,0,56,1,0,1,0,0,1,0,0,0,4,1,2,1,1,1,7,5,4,4,4,7,1,2,1,1
1238,2,2021,1,59,0,0,1,0,1,0,0,0,0,5,4,6,4,4,1,5,1,5,5,1,6,4,1,6,1
1239,2,2021,0,44,0,0,0,1,0,0,0,1,0,3,1,3,7,7,1,7,1,6,4,1,3,1,1,1,1
1240,2,2021,1,49,1,1,4,0,1,0,0,0,0,5,1,2,6,4,1,7,1,4,1,1,1,1,1,1,1
1241,2,2021,0,59,1,0,3,0,1,0,0,0,0,3,5,5,7,5,1,7,1,3,1,1,2,1,1,1,0
1242,2,2021,0,58,0,0,1,0,0,0,0,1,0,6,1,5,6,1,1,7,1,5,1,1,4,1,1,1,1
1243,2,2021,0,61,0,0,2,0,0,0,0,0,1,5,5,6,6,4,5,4,6,6,5,4,2,6,5,5,1
1244,2,2021,1,48,0,0,3,0,1,0,0,0,0,6,6,6,6,6,1,7,3,6,3,3,3,3,3,3,1
1245,2,2021,1,61,1,1,2,0,1,0,0,0,0,4,4,4,4,4,4,4,4,4,4,4,4,4,4,4,0
1246,2,2021,0,45,0,0,3,0,1,0,0,0,0,5,5,5,6,5,5,7,3,6,5,3,4,1,2,2,0
1247,2,2021,0,48,1,1,5,0,1,0,0,0,0,6,6,5,6,6,6,6,6,6,3,2,5,6,3,5,0
1248,2,2021,0,75,0,1,1,0,0,1,0,0,0,7,2,6,7,6,2,7,2,5,2,2,3,1,2,2,1
1249,2,2021,1,73,1,1,3,0,0,0,0,1,0,5,4,7,6,5,1,6,1,6,2,1,4,3,1,2,1
1250,2,2021,1,72,1,0,4,0,1,0,0,0,0,4,5,4,7,4,5,7,1,5,1,1,1,1,1,1,0
1251,2,2021,0,56,0,0,2,0,1,0,0,0,0,4,3,5,5,6,1,6,4,4,5,2,6,1,1,4,1
1252,2,2021,0,55,0,1,0,1,1,0,0,0,0,6,6,6,6,6,1,7,4,4,5,4,2,2,2,1,0
1253,2,2021,1,41,0,0,0,1,1,0,0,0,0,6,5,5,6,5,1,5,1,4,1,1,1,1,1,1,1
1254,2,2021,0,57,1,1,5,0,0,1,0,0,0,1,2,3,2,6,5,5,6,5,5,1,2,2,1,1,0
1255,2,2021,1,55,0,0,2,0,1,0,0,0,0,4,5,4,6,4,4,6,4,4,4,2,5,4,4,5,1
1256,2,2021,1,62,0,0,2,0,1,0,0,0,0,3,4,4,6,3,3,5,3,5,4,4,5,3,3,3,0
1257,2,2021,1,63,0,0,1,0,0,0,0,1,0,4,4,4,4,3,4,4,4,4,4,4,4,4,4,4,1
1258,2,2021,0,46,0,0,2,0,1,0,0,0,0,1,1,4,6,4,1,7,5,1,4,4,4,1,4,3,1
1259,2,2021,0,30,1,0,4,0,0,1,0,0,0,3,3,3,2,4,4,5,4,2,3,2,2,2,3,3,1
1260,2,2021,0,51,1,0,3,0,1,0,0,0,0,3,4,3,4,2,3,4,5,3,5,4,6,5,5,5,1
1261,2,2021,1,54,0,0,0,1,1,0,0,0,0,1,1,1,1,1,1,1,1,1,1,1,1,1,1,1,1
1262,2,2021,1,77,1,1,3,0,1,0,0,0,0,6,6,6,7,3,1,7,1,7,2,1,3,1,1,5,1
1263,2,2021,1,60,0,0,3,0,1,0,0,0,0,3,4,4,2,1,1,6,5,4,5,5,4,4,2,1,1
1264,2,2021,1,50,1,0,4,0,1,0,0,0,0,5,5,5,5,5,1,7,5,5,5,2,6,1,2,2,1
1265,2,2021,0,60,1,0,0,1,1,0,0,0,0,4,4,4,4,4,4,4,4,4,4,4,4,4,4,4,1
1266,2,2021,0,53,1,1,4,0,0,1,0,0,0,1,2,2,4,2,2,5,6,3,4,1,4,2,1,1,1
1267,2,2021,1,68,1,1,5,0,1,0,0,0,0,5,5,3,4,4,3,6,5,4,2,2,3,4,2,4,0
1268,2,2021,1,66,1,1,3,0,1,0,0,0,0,1,1,1,7,1,1,5,1,6,1,1,1,1,1,1,0
1269,2,2021,0,56,0,0,1,0,1,0,0,0,0,3,4,5,4,2,1,6,4,4,4,4,4,4,4,4,1
1270,2,2021,0,51,0,0,2,0,1,0,0,0,0,5,4,5,4,5,1,6,4,4,4,5,4,4,4,4,1
1271,2,2021,0,34,1,0,2,0,0,1,0,0,0,5,1,1,5,5,1,1,1,1,1,1,1,1,1,1,0
1272,2,2021,1,46,1,1,5,0,1,0,0,0,0,4,1,1,5,2,1,1,1,5,1,1,1,1,1,1,1
1273,2,2021,0,56,1,1,3,0,1,0,0,0,0,3,4,5,6,2,1,6,2,5,6,5,4,2,4,3,0
1274,2,2021,1,74,1,1,5,0,0,0,0,1,0,1,2,2,7,1,2,7,2,5,2,1,4,2,4,1,0
1275,2,2021,1,55,1,0,4,0,1,0,0,0,0,4,5,5,5,7,1,6,2,5,4,4,3,1,4,4,1
1276,2,2021,1,48,0,0,3,0,1,0,0,0,0,3,4,3,4,4,3,4,4,4,5,4,4,5,7,4,0
1277,2,2021,0,52,0,0,2,0,1,0,0,0,0,5,1,3,7,1,1,4,4,4,5,4,4,4,4,5,1
1278,2,2021,0,61,1,1,5,0,1,0,0,0,0,4,5,5,4,4,4,4,4,4,4,4,4,4,4,4,0
1279,2,2021,0,74,1,1,5,0,0,1,0,0,0,5,5,7,7,1,7,7,1,7,5,2,2,1,1,1,0
1280,2,2021,1,40,0,0,2,0,1,0,0,0,0,5,5,6,6,5,5,6,2,5,3,2,2,1,2,2,0
1281,2,2021,1,70,1,1,3,0,1,0,0,0,0,5,4,4,6,4,3,6,2,5,2,2,4,2,1,5,0
1282,2,2021,1,56,1,0,0,1,1,0,0,0,0,5,7,7,3,1,1,7,5,6,5,5,6,1,1,5,0
1283,2,2021,1,56,1,0,1,0,1,0,0,0,0,4,5,5,7,1,6,7,2,5,5,1,5,1,2,5,0
1284,2,2021,1,50,1,1,5,0,1,0,0,0,0,4,2,5,3,2,2,6,5,4,5,4,4,5,5,4,1
1285,2,2021,0,33,1,1,5,0,1,0,0,0,0,4,4,4,4,4,4,5,4,4,3,4,4,4,4,4,1
1286,2,2021,1,76,1,1,0,1,0,0,0,1,0,2,5,4,6,2,4,6,5,4,5,3,4,4,3,2,0
1287,2,2021,0,61,0,0,5,0,1,0,0,0,0,2,5,6,7,1,5,7,2,1,7,2,1,1,1,1,1
1288,2,2021,1,35,0,0,3,0,1,0,0,0,0,5,6,6,6,4,4,6,5,3,6,3,5,1,2,4,0
1289,2,2021,1,64,1,1,3,0,1,0,0,0,0,5,6,6,6,5,5,7,2,6,6,2,1,1,4,2,0
1290,2,2021,0,36,1,1,0,1,0,1,0,0,0,2,3,3,3,2,3,6,2,2,2,3,2,2,3,6,0
1291,2,2021,0,28,0,0,0,1,1,0,0,0,0,4,2,4,6,5,1,5,2,2,2,1,2,1,1,1,1
1292,2,2021,1,45,0,0,5,0,1,0,0,0,0,1,1,1,1,1,1,1,1,1,1,1,1,1,1,1,1
1293,2,2021,1,41,1,1,5,0,1,0,0,0,0,7,5,5,7,3,6,6,3,5,2,1,2,1,1,2,0
1294,2,2021,0,35,1,1,2,0,0,1,0,0,0,1,5,5,2,7,1,7,4,4,4,1,4,1,1,1,0
1295,2,2021,0,25,0,0,5,0,1,0,0,0,0,1,1,2,2,1,2,2,2,2,2,2,1,1,1,1,0
1296,2,2021,1,57,1,1,2,0,1,0,0,0,0,7,5,6,5,4,1,6,1,5,5,2,5,2,4,5,1
1297,2,2021,0,67,1,1,3,0,0,1,0,0,0,5,5,5,6,4,5,5,1,6,4,1,1,1,1,1,0
1298,2,2021,1,64,1,1,3,0,1,0,0,0,0,5,7,6,6,7,1,7,1,6,3,1,1,1,1,1,1
1299,2,2021,0,47,1,1,3,0,0,1,0,0,0,5,5,5,5,4,4,6,2,5,2,1,4,2,4,4,1
1300,2,2021,0,33,1,1,0,1,1,0,0,0,0,4,4,5,7,7,5,7,4,4,5,1,4,1,1,1,0
1301,2,2021,0,36,1,1,4,0,1,0,0,0,0,6,7,3,5,4,2,5,5,5,4,5,2,4,4,4,0
1302,2,2021,1,30,0,0,3,0,1,0,0,0,0,5,5,4,4,4,4,5,4,4,5,4,5,4,3,4,1
1303,2,2021,0,56,1,1,5,0,1,0,0,0,0,5,6,6,6,4,5,6,4,4,4,2,3,4,3,2,0
1304,2,2021,1,39,0,0,4,0,1,0,0,0,0,4,4,4,4,4,4,4,4,4,4,4,4,4,4,4,0
1305,2,2021,1,34,1,1,3,0,1,0,0,0,0,3,3,3,4,3,3,3,4,3,4,4,4,4,4,4,0
1306,2,2021,0,59,0,0,3,0,1,0,0,0,0,5,5,5,6,1,1,6,5,5,5,1,6,1,1,1,1
1307,2,2021,0,29,1,1,5,0,0,1,0,0,0,4,5,5,5,3,3,5,3,5,4,3,3,3,3,3,1
1308,2,2021,1,50,1,1,5,0,1,0,0,0,0,6,5,6,4,4,4,6,4,4,4,4,4,4,4,4,0
1309,2,2021,0,58,1,0,4,0,1,0,0,0,0,5,5,5,6,5,5,7,1,6,1,1,4,1,1,1,1
1310,2,2021,0,48,0,0,5,0,1,0,0,0,0,5,5,5,5,5,6,5,2,5,2,2,6,2,2,2,0
1311,2,2021,1,61,1,1,0,1,1,0,0,0,0,4,4,4,4,4,4,4,4,4,4,4,4,4,4,4,1
1312,2,2021,1,38,1,1,0,1,1,0,0,0,0,4,4,4,4,4,4,4,4,4,4,4,4,4,4,4,1
1313,2,2021,1,46,0,0,2,0,1,0,0,0,0,4,4,4,4,4,4,4,4,3,4,4,3,3,4,4,1
1314,2,2021,1,39,0,0,3,0,1,0,0,0,0,5,2,4,5,4,1,6,5,3,5,4,6,4,4,4,1
1315,2,2021,1,44,1,0,0,1,1,0,0,0,0,4,4,4,3,4,4,4,3,3,3,3,3,3,3,3,1
1316,2,2021,0,46,1,1,5,0,0,1,0,0,0,4,5,6,5,5,1,7,4,5,4,1,2,4,4,4,1
1317,2,2021,1,54,1,1,4,0,1,0,0,0,0,4,1,5,1,1,1,7,3,1,5,2,7,3,2,4,1
1318,2,2021,0,41,0,0,0,1,1,0,0,0,0,1,1,2,6,2,1,7,1,1,2,1,6,1,1,1,1
1319,2,2021,0,58,0,1,2,0,1,0,0,0,0,1,4,4,7,4,1,7,1,4,4,1,4,4,4,1,1
1320,2,2021,1,67,0,0,3,0,1,0,0,0,0,4,5,4,4,4,4,4,4,4,4,4,4,4,4,4,1
1321,2,2021,1,33,0,0,5,0,1,0,0,0,0,5,5,4,2,4,5,3,2,3,1,2,6,4,3,3,0
1322,2,2021,1,69,0,0,1,0,0,0,0,1,0,1,1,1,6,1,1,2,1,1,1,1,4,1,1,1,1
1323,2,2021,1,66,1,1,5,0,1,0,0,0,0,5,5,6,7,5,1,7,2,6,4,2,2,2,2,2,1
1324,2,2021,1,56,1,1,3,0,1,0,0,0,0,1,1,4,5,4,1,5,1,4,1,1,6,3,1,6,1
1325,2,2021,1,58,1,1,5,0,1,0,0,0,0,5,1,5,4,1,1,4,1,4,1,1,1,1,1,1,1
1326,2,2021,1,61,1,1,4,0,1,0,0,0,0,2,2,4,6,4,2,6,4,5,4,3,4,4,3,2,1
1327,2,2021,0,49,1,1,5,0,1,0,0,0,0,7,6,7,7,7,5,7,1,7,1,1,1,1,1,1,0
1328,2,2021,1,32,1,0,3,0,1,0,0,0,0,4,4,4,4,4,4,4,4,4,4,4,4,4,4,4,0
1329,2,2021,1,53,1,1,3,0,1,0,0,0,0,1,1,1,1,1,1,1,1,1,1,1,1,1,1,1,0
1330,2,2021,1,76,1,0,3,0,0,0,0,1,0,5,5,6,6,3,3,6,5,6,3,2,2,2,3,3,1
1331,2,2021,0,35,0,0,0,1,1,0,0,0,0,4,5,5,5,4,7,7,2,5,4,1,4,4,4,4,0
1332,2,2021,0,42,0,0,0,1,1,0,0,0,0,6,6,6,6,6,1,6,6,6,6,1,1,1,1,1,0
1333,2,2021,0,64,1,1,2,0,0,1,0,0,0,2,1,2,4,2,5,6,4,4,5,3,4,4,4,4,1
1334,2,2021,1,58,0,0,2,0,1,0,0,0,0,5,6,5,5,5,5,5,5,5,5,5,5,5,6,6,1
1335,2,2021,0,45,0,0,1,0,0,0,0,1,0,7,1,4,3,5,1,4,1,2,3,1,1,1,1,1,1
1336,2,2021,0,35,1,1,4,0,1,0,0,0,0,2,3,5,5,5,2,7,5,6,2,4,5,5,4,3,0
1337,2,2021,1,43,0,0,2,0,1,0,0,0,0,4,4,4,4,4,4,4,2,4,1,1,4,4,4,4,1
1338,2,2021,0,32,0,0,1,0,0,0,0,1,0,3,1,5,1,4,1,7,2,4,4,1,4,2,1,1,1
1339,2,2021,1,49,0,0,5,0,1,0,0,0,0,4,5,6,6,4,4,7,4,4,1,1,4,1,1,1,0
1340,2,2021,0,51,1,1,4,0,0,1,0,0,0,1,5,5,7,1,1,7,5,4,6,2,4,3,2,2,1
1341,2,2021,0,53,0,1,5,0,1,0,0,0,0,1,1,4,4,1,1,1,1,1,1,1,1,1,1,1,1
1342,2,2021,1,65,1,1,3,0,1,0,0,0,0,5,5,5,5,5,5,5,3,5,3,3,3,3,3,3,1
1343,2,2021,0,24,0,0,5,0,1,0,0,0,0,5,5,5,5,5,5,7,5,5,5,5,5,5,5,6,0
1344,2,2021,0,40,1,0,0,1,1,0,0,0,0,2,1,2,3,2,2,6,1,2,6,1,3,1,2,6,1
1345,2,2021,1,58,1,1,5,0,1,0,0,0,0,5,4,4,4,4,1,4,4,4,4,4,4,4,4,4,0
1346,2,2021,0,47,1,0,0,1,1,0,0,0,0,6,6,6,6,6,6,6,6,6,6,6,6,6,6,6,1
1347,2,2021,1,55,1,1,5,0,1,0,0,0,0,7,7,7,7,6,5,5,1,7,1,1,1,1,1,1,0
1348,2,2021,0,46,1,0,3,0,0,1,0,0,0,5,3,5,2,1,1,7,2,5,5,3,3,4,3,2,1
1349,2,2021,1,32,0,0,5,0,1,0,0,0,0,6,7,7,6,4,3,6,3,6,2,2,1,1,1,2,0
1350,2,2021,1,38,0,0,2,0,1,0,0,0,0,7,1,3,7,7,5,1,1,7,1,1,1,1,1,1,1
1351,2,2021,0,59,0,1,3,0,1,0,0,0,0,4,4,4,4,4,4,4,3,4,3,4,4,4,4,4,1
1352,2,2021,0,41,0,0,0,1,1,0,0,0,0,5,5,5,6,1,1,7,5,3,4,1,4,2,1,2,0
1353,2,2021,0,72,0,0,0,1,0,0,0,1,0,2,5,5,7,2,2,6,1,7,1,1,4,2,2,1,1
1354,2,2021,1,74,1,1,3,0,0,0,0,0,1,4,5,5,6,5,5,5,4,6,2,1,2,4,1,6,0
1355,2,2021,1,66,0,0,2,0,1,0,0,0,0,5,4,4,2,2,1,4,2,5,2,2,6,2,4,4,1
1356,2,2021,0,70,1,1,0,1,0,1,0,0,0,4,4,4,4,4,4,4,4,4,4,4,4,4,4,4,0
1357,2,2021,1,51,0,0,2,0,0,0,0,1,0,2,1,2,4,4,1,4,4,4,4,4,5,4,4,4,1
1358,2,2021,1,62,0,0,0,1,1,0,0,0,0,2,1,2,5,1,1,2,2,1,2,1,4,1,3,2,1
1359,2,2021,1,55,1,0,5,0,1,0,0,0,0,1,1,1,5,1,1,6,1,4,4,1,2,1,1,1,1
1360,2,2021,0,64,1,1,0,1,1,0,0,0,0,2,6,5,6,2,2,6,4,4,5,4,4,4,4,4,0
1361,2,2021,0,53,0,1,2,0,1,0,0,0,0,7,5,5,5,5,3,6,1,5,3,1,7,1,4,5,1
1362,2,2021,1,73,1,1,5,0,1,0,0,0,0,4,4,4,4,4,4,4,4,4,4,4,4,4,4,4,1
1363,2,2021,1,41,1,1,5,0,1,0,0,0,0,5,7,6,6,4,3,1,3,7,2,1,5,4,2,3,0
1364,2,2021,1,57,1,1,4,0,1,0,0,0,0,4,5,5,5,3,3,5,3,3,3,2,3,3,3,3,0
1365,2,2021,1,67,1,1,0,1,0,0,0,1,0,2,4,4,7,1,1,7,1,4,4,1,1,4,4,1,1
1366,2,2021,1,76,1,1,3,0,0,0,0,1,0,6,6,6,7,5,5,5,1,6,1,1,4,1,2,2,0
1367,2,2021,1,42,0,0,2,0,1,0,0,0,0,3,4,4,4,4,4,4,4,4,6,4,5,4,4,4,1
1368,2,2021,0,64,1,1,0,1,0,1,0,0,0,5,5,6,5,4,1,7,1,5,2,1,1,1,1,1,0
1369,2,2021,1,64,1,1,3,0,1,0,0,0,0,5,1,1,5,5,1,1,1,1,1,1,6,1,1,1,1
1370,2,2021,1,54,0,0,5,0,1,0,0,0,0,5,4,5,7,2,1,2,1,4,1,1,1,1,1,1,1
1371,2,2021,0,53,0,1,1,0,1,0,0,0,0,1,1,5,5,5,5,7,5,2,6,2,3,1,2,5,1
1372,2,2021,1,61,0,0,3,0,1,0,0,0,0,2,2,2,6,1,1,6,1,4,1,1,1,1,1,1,0
1373,2,2021,0,55,1,1,5,0,0,1,0,0,0,6,4,6,6,6,6,6,5,6,6,4,4,4,4,4,0
1374,2,2021,1,57,0,1,3,0,1,0,0,0,0,4,4,4,4,4,4,4,4,4,4,4,4,4,4,4,1
1375,2,2021,0,42,1,1,3,0,1,0,0,0,0,1,1,5,6,5,1,6,1,6,1,1,4,1,1,1,1
1376,2,2021,0,55,1,1,0,1,0,1,0,0,0,6,2,4,5,3,1,7,5,4,5,3,4,4,2,2,1
1377,2,2021,1,73,1,1,3,0,0,0,0,1,0,5,3,6,6,5,1,7,1,4,6,2,1,1,1,1,1
1378,2,2021,1,54,0,0,0,1,1,0,0,0,0,4,4,4,4,4,2,6,3,4,3,3,4,4,3,3,1
1379,2,2021,0,39,0,0,0,1,1,0,0,0,0,2,1,6,5,2,2,6,1,4,5,1,4,1,1,1,0
1380,2,2021,0,35,0,0,4,0,1,0,0,0,0,5,5,5,5,2,1,5,6,5,5,2,6,3,2,5,1
1381,2,2021,1,46,0,0,2,0,1,0,0,0,0,4,5,4,4,4,4,4,4,4,4,4,4,4,4,4,0
1382,2,2021,0,48,0,0,2,0,1,0,0,0,0,1,1,3,3,3,1,7,3,4,2,1,5,4,1,1,1
1383,2,2021,1,41,1,1,3,0,1,0,0,0,0,4,4,4,5,4,4,4,4,5,4,4,6,4,4,4,1
1384,2,2021,1,51,0,0,0,1,0,0,0,0,1,4,4,4,4,7,4,4,7,1,7,7,7,7,7,7,1
1385,2,2021,0,42,0,0,2,0,1,0,0,0,0,2,5,4,4,1,1,5,5,2,6,1,1,1,2,2,1
1386,2,2021,1,44,1,1,4,0,1,0,0,0,0,1,1,1,1,1,1,1,1,1,1,1,1,1,1,1,0
1387,2,2021,1,75,1,1,3,0,0,0,0,1,0,4,5,5,4,4,4,4,4,4,4,4,4,4,4,4,0
1388,2,2021,0,60,1,1,3,0,0,1,0,0,0,4,6,5,6,3,1,6,3,5,3,1,4,2,3,1,1
1389,2,2021,0,36,1,1,0,1,0,1,0,0,0,1,5,5,7,2,1,7,1,7,5,1,1,1,1,5,0
1390,2,2021,1,46,0,0,4,0,1,0,0,0,0,3,5,5,2,2,2,6,7,2,6,6,7,6,6,7,1
1391,2,2021,1,57,1,1,3,0,1,0,0,0,0,1,1,1,1,1,1,1,1,1,1,1,1,1,1,1,0
1392,2,2021,1,58,1,1,5,0,1,0,0,0,0,5,5,3,5,1,1,7,1,7,1,1,1,1,1,1,1
1393,2,2021,0,57,0,0,1,0,1,0,0,0,0,4,4,4,4,4,4,4,4,4,4,4,4,4,4,4,0
1394,2,2021,0,45,0,0,1,0,0,0,0,0,1,5,1,5,5,5,1,6,3,5,3,2,4,5,3,2,1
1395,2,2021,0,31,0,0,0,1,1,0,0,0,0,4,4,4,4,4,4,4,4,4,4,4,4,4,5,4,1
1396,2,2021,1,56,0,0,1,0,0,0,0,1,0,5,1,4,5,1,1,6,1,5,1,1,4,4,1,4,1
1397,2,2021,0,45,0,0,1,0,1,0,0,0,0,3,4,5,4,4,4,5,3,4,3,3,2,1,2,2,1
1398,2,2021,0,31,1,1,4,0,1,0,0,0,0,5,6,3,2,6,2,5,3,5,2,1,4,1,1,2,0
1399,2,2021,1,73,1,1,2,0,0,0,0,1,0,6,6,6,5,5,5,6,1,5,4,2,6,4,5,1,1
1400,2,2021,1,46,1,1,3,0,1,0,0,0,0,4,4,4,5,5,1,6,1,5,1,1,3,1,1,1,1
1401,2,2021,1,56,1,1,4,0,1,0,0,0,0,2,6,4,5,1,1,6,1,7,2,1,1,1,1,1,1
1402,2,2021,0,29,0,0,0,1,1,0,0,0,0,7,4,4,4,7,4,7,1,4,1,1,1,1,1,1,1
1403,2,2021,1,44,0,0,2,0,1,0,0,0,0,4,3,3,6,1,1,4,2,1,2,2,3,1,1,2,1
1404,2,2021,0,67,1,1,0,1,1,0,0,0,0,5,2,7,6,5,2,6,2,6,2,2,3,1,2,2,0
1405,2,2021,0,28,1,0,0,1,1,0,0,0,0,3,6,6,6,2,5,7,5,5,6,1,1,4,1,1,0
1406,2,2021,0,61,0,1,2,0,1,0,0,0,0,5,3,3,5,1,1,3,1,4,1,1,1,1,1,1,1
1407,2,2021,0,33,0,0,0,1,1,0,0,0,0,5,5,5,2,2,5,7,3,2,6,1,4,4,2,1,0
1408,2,2021,1,54,1,0,3,0,1,0,0,0,0,2,1,1,1,4,3,6,5,3,5,2,4,4,4,5,1
1409,2,2021,0,45,1,0,3,0,1,0,0,0,0,4,4,4,4,4,4,4,4,4,4,4,4,4,4,4,1
1410,2,2021,0,31,0,0,2,0,1,0,0,0,0,1,7,3,4,1,2,7,7,2,7,7,7,7,7,7,0
1411,2,2021,1,53,1,1,4,0,1,0,0,0,0,2,2,2,5,1,1,5,2,2,2,2,4,4,2,3,1
1412,2,2021,1,63,1,0,3,0,0,1,0,0,0,5,6,6,5,5,1,5,1,7,4,2,2,1,1,1,1
1413,2,2021,1,73,1,1,3,0,0,0,0,1,0,6,6,6,6,6,6,6,1,6,5,1,1,1,2,1,0
1414,2,2021,0,49,1,1,0,1,1,0,0,0,0,1,1,1,6,6,1,5,5,4,1,1,7,1,1,1,0
1415,2,2021,1,73,1,1,4,0,0,0,0,1,0,6,5,6,7,5,5,6,4,6,5,2,5,2,2,2,0
1416,2,2021,1,54,1,1,5,0,1,0,0,0,0,4,4,4,4,4,1,5,4,4,4,4,4,4,4,3,1
1417,2,2021,0,39,1,1,3,0,0,1,0,0,0,3,3,3,4,3,4,3,3,3,4,4,3,1,4,5,1
1418,2,2021,1,38,0,0,4,0,0,0,0,0,1,4,4,4,2,1,1,7,4,4,5,2,4,4,1,4,1
1419,2,2021,0,51,1,1,3,0,0,1,0,0,0,1,2,3,6,1,1,7,5,4,6,3,7,5,4,4,1
1420,2,2021,1,45,1,1,4,0,1,0,0,0,0,1,1,1,5,2,5,5,5,3,4,3,3,4,3,3,1
1421,2,2021,1,49,1,0,5,0,1,0,0,0,0,6,4,4,4,5,5,6,1,6,1,1,3,4,1,1,1
1422,2,2021,1,55,0,0,4,0,0,0,0,1,0,5,1,1,7,4,1,7,1,4,1,1,7,4,1,1,1
1423,2,2021,1,60,1,1,0,1,1,0,0,0,0,4,4,4,4,4,4,4,4,4,4,2,2,4,4,4,0
1424,2,2021,1,78,1,1,4,0,0,0,0,0,1,4,4,4,4,4,4,4,4,4,4,4,4,4,4,4,0
1425,2,2021,1,68,1,1,0,1,0,0,0,1,0,4,4,4,4,4,4,4,4,4,4,4,4,4,4,4,1
1426,2,2021,1,66,1,1,3,0,1,0,0,0,0,4,5,4,6,2,1,6,4,4,5,1,2,2,3,1,1
1427,2,2021,0,37,1,1,4,0,1,0,0,0,0,5,5,5,5,5,5,5,5,5,5,5,3,5,5,3,0
1428,2,2021,1,54,1,1,2,0,1,0,0,0,0,1,1,1,7,1,1,6,3,4,5,6,7,4,4,7,1
1429,2,2021,0,58,1,1,2,0,1,0,0,0,0,1,1,4,2,1,1,7,6,3,5,3,4,6,5,4,1
1430,2,2021,1,53,1,0,5,0,1,0,0,0,0,3,4,4,4,4,4,4,4,4,3,3,3,4,3,4,1
1431,2,2021,0,41,0,0,0,1,0,0,0,1,0,1,1,1,1,1,1,1,1,1,1,1,1,1,1,1,1
1432,2,2021,1,62,0,1,5,0,1,0,0,0,0,1,1,1,1,1,1,1,1,1,1,1,1,1,1,1,1
1433,2,2021,1,75,1,1,2,0,0,0,0,1,0,5,6,7,6,1,5,7,6,5,6,5,4,1,2,3,1
1434,2,2021,1,41,0,0,1,0,0,0,0,1,0,1,1,1,1,1,1,7,1,1,1,1,1,1,1,1,1
1435,2,2021,0,56,1,0,3,0,0,0,0,0,1,1,1,1,7,1,1,7,1,1,1,1,1,1,1,1,1
1436,2,2021,0,49,0,1,0,1,1,0,0,0,0,1,2,7,4,1,1,7,1,4,1,1,4,1,5,4,1
1437,2,2021,1,57,1,0,5,0,1,0,0,0,0,2,2,2,4,4,2,4,4,4,4,4,4,4,4,4,0
1438,2,2021,0,39,1,1,0,1,0,1,0,0,0,5,6,5,6,6,2,7,5,6,5,1,1,4,1,5,1
1439,2,2021,1,47,0,0,5,0,1,0,0,0,0,7,2,4,6,1,1,6,1,4,1,1,5,1,1,1,1
1440,2,2021,1,57,1,1,2,0,1,0,0,0,0,1,1,1,1,1,1,1,7,1,7,7,7,7,7,7,1
1441,2,2021,1,47,1,1,3,0,1,0,0,0,0,4,3,4,4,4,3,4,4,3,4,4,4,4,4,4,0
1442,2,2021,1,52,1,1,4,0,1,0,0,0,0,4,7,4,4,4,4,4,4,4,4,4,4,4,4,4,1
1443,2,2021,0,81,1,1,2,0,0,1,0,0,0,5,5,4,7,6,1,6,1,5,1,1,4,1,1,1,0
1444,2,2021,1,46,0,0,0,1,1,0,0,0,0,4,6,4,4,4,4,4,4,4,4,4,4,4,4,4,1
1445,2,2021,1,25,0,0,2,0,1,0,0,0,0,5,6,3,3,1,5,5,3,4,3,1,2,4,2,5,1
1446,2,2021,1,72,1,1,3,0,0,0,0,0,1,5,5,6,5,4,4,7,4,6,6,5,5,2,6,2,0
1447,2,2021,1,57,1,1,5,0,1,0,0,0,0,5,1,1,2,1,1,7,2,4,2,1,5,1,1,1,1
1448,2,2021,1,75,1,1,3,0,1,0,0,0,0,4,5,4,3,4,4,4,4,4,4,4,4,4,4,4,0
1449,2,2021,1,49,1,0,5,0,1,0,0,0,0,2,6,6,5,1,1,6,1,6,1,1,1,1,1,1,0
1450,2,2021,1,54,0,0,2,0,1,0,0,0,0,4,4,4,3,4,4,4,4,3,5,4,3,3,5,4,1
1451,2,2021,0,42,1,0,4,0,1,0,0,0,0,5,1,5,5,5,5,5,4,5,4,4,4,3,4,4,0
1452,2,2021,0,42,1,1,0,1,0,1,0,0,0,6,7,6,5,5,4,7,4,3,6,4,4,1,4,4,1
1453,2,2021,1,45,0,0,2,0,1,0,0,0,0,2,1,1,7,1,1,6,2,4,1,1,3,1,1,1,1
1454,2,2021,1,54,0,0,2,0,1,0,0,0,0,5,1,4,7,7,1,5,3,3,5,1,5,1,5,5,1
1455,2,2021,0,49,0,0,0,1,0,0,0,1,0,1,1,1,1,1,1,1,1,1,1,1,3,3,1,3,1
1456,2,2021,1,60,1,1,5,0,1,0,0,0,0,4,5,6,3,4,1,6,5,6,5,5,5,2,5,5,0
1457,2,2021,1,56,1,1,2,0,1,0,0,0,0,4,4,4,4,4,4,4,4,4,4,4,4,4,4,4,1
1458,2,2021,0,72,1,1,4,0,0,1,0,0,0,5,7,6,7,7,7,7,1,7,4,1,6,1,1,4,0
1459,2,2021,1,72,1,0,3,0,0,0,0,1,0,5,3,3,4,5,2,6,2,6,3,2,4,2,5,4,0
1460,2,2021,1,40,0,0,5,0,1,0,0,0,0,5,6,5,5,5,5,5,4,5,3,3,5,2,3,3,0
1461,2,2021,1,54,1,1,4,0,1,0,0,0,0,1,1,1,1,1,1,1,1,1,1,1,1,1,1,1,1
1462,2,2021,1,37,0,0,2,0,0,0,0,0,1,7,6,7,6,7,1,7,6,2,6,4,7,4,5,7,1
1463,2,2021,1,54,0,0,1,0,0,0,0,1,0,4,1,4,5,4,4,6,5,5,6,6,6,6,6,5,1
1464,2,2021,1,33,0,0,0,1,1,0,0,0,0,1,1,1,2,1,1,1,1,1,1,1,7,1,6,5,0
1465,2,2021,1,66,1,1,2,0,0,0,0,1,0,2,1,2,7,2,2,7,1,6,1,2,1,1,1,1,1
1466,2,2021,0,51,1,1,3,0,1,0,0,0,0,2,2,1,2,2,2,1,2,2,2,2,2,2,2,2,0
1467,2,2021,0,33,0,0,0,1,1,0,0,0,0,1,1,1,5,5,4,7,5,5,5,1,1,1,1,1,1
1468,2,2021,0,51,1,1,5,0,0,1,0,0,0,3,3,3,4,3,4,7,4,4,5,5,5,4,5,5,0
1469,2,2021,1,49,0,1,3,0,1,0,0,0,0,4,1,4,5,3,4,4,4,5,4,4,3,2,4,4,1
1470,2,2021,0,37,0,0,1,0,1,0,0,0,0,1,4,4,5,4,6,4,5,5,4,4,1,2,4,4,1
1471,2,2021,0,71,1,1,0,1,0,1,0,0,0,3,5,5,7,2,2,6,1,2,2,1,1,1,1,7,1
1472,2,2021,1,29,1,0,3,0,1,0,0,0,0,3,1,1,1,1,1,4,5,1,3,2,3,2,4,3,1
1473,2,2021,0,52,0,0,2,0,1,0,0,0,0,2,2,3,2,3,5,6,5,2,6,2,2,2,6,3,1
1474,2,2021,0,57,1,1,3,0,1,0,0,0,0,7,7,6,7,3,2,7,6,6,5,1,6,2,3,5,0
1475,2,2021,1,54,1,1,5,0,1,0,0,0,0,4,3,3,3,3,2,4,4,5,4,4,4,5,3,3,1
1476,2,2021,0,41,1,1,3,0,0,1,0,0,0,1,1,5,7,7,1,7,1,7,5,5,2,1,1,1,0
1477,2,2021,0,42,0,0,0,1,1,0,0,0,0,1,1,6,4,6,1,6,4,1,7,4,7,3,6,6,1
1478,2,2021,0,53,0,0,2,0,1,0,0,0,0,4,4,5,4,1,4,7,5,5,5,4,7,4,4,7,1
1479,2,2021,1,74,0,0,2,0,0,0,0,1,0,6,7,7,7,5,1,7,1,7,1,1,1,1,1,1,1
1480,2,2021,1,59,1,1,4,0,1,0,0,0,0,6,6,5,6,5,1,5,4,5,5,4,6,5,4,4,1
1481,2,2021,0,44,0,0,5,0,1,0,0,0,0,4,1,6,6,5,5,6,4,4,4,4,4,1,4,4,1
1482,2,2021,1,64,1,1,5,0,1,0,0,0,0,4,4,4,3,4,4,4,4,4,4,4,4,4,4,5,1
1483,2,2021,1,65,0,0,1,0,1,0,0,0,0,7,7,7,4,4,4,4,4,4,4,4,4,4,4,4,1
1484,2,2021,0,60,1,1,3,0,0,1,0,0,0,4,2,4,4,5,1,6,1,4,1,1,3,2,3,2,0
1485,2,2021,0,61,0,1,2,0,1,0,0,0,0,5,3,6,7,6,1,7,3,6,5,1,4,1,1,1,0
1486,2,2021,1,65,1,1,4,0,1,0,0,0,0,4,5,4,4,4,4,4,4,4,4,4,4,4,4,4,1
1487,2,2021,1,48,0,0,4,0,1,0,0,0,0,6,2,6,6,6,1,5,3,5,3,3,3,5,2,2,1
1488,2,2021,0,26,0,0,5,0,1,0,0,0,0,4,3,4,4,4,4,4,4,4,4,4,4,4,4,4,1
1489,2,2021,1,71,1,1,2,0,1,0,0,0,0,3,3,3,5,2,1,2,4,4,4,4,4,4,4,4,1
1490,2,2021,1,63,1,1,5,0,1,0,0,0,0,7,7,7,7,7,7,7,7,7,7,7,7,7,7,7,0
1491,2,2021,1,72,1,0,3,0,0,0,0,1,0,5,6,5,5,5,5,7,1,6,1,1,1,1,1,1,0
1492,2,2021,0,40,1,0,3,0,1,0,0,0,0,5,4,3,4,4,4,4,4,4,4,4,5,4,4,4,1
1493,2,2021,0,46,1,1,0,1,0,1,0,0,0,4,4,4,4,4,4,4,4,4,4,4,4,4,4,4,1
1494,2,2021,1,47,0,0,5,0,1,0,0,0,0,5,5,4,4,4,4,4,4,4,4,4,5,4,4,4,1
1495,2,2021,0,56,0,0,1,0,1,0,0,0,0,4,5,4,4,4,4,4,4,4,4,4,4,4,4,4,1
1496,2,2021,1,45,1,1,5,0,1,0,0,0,0,5,7,6,5,6,7,5,6,6,5,5,4,5,5,6,1
1497,2,2021,1,53,0,0,1,0,0,0,0,1,0,5,6,4,2,4,4,4,5,5,5,4,3,5,3,4,1
1498,2,2021,1,44,0,0,2,0,1,0,0,0,0,6,7,5,6,4,2,7,6,4,5,1,4,2,1,5,0
1499,2,2021,1,67,0,1,2,0,1,0,0,0,0,1,1,4,7,1,1,7,1,4,1,1,4,1,1,5,1
1500,2,2021,1,82,1,1,2,0,0,0,0,1,0,4,4,4,7,2,3,7,4,7,7,4,4,1,1,1,1
1501,2,2021,1,32,0,0,3,0,1,0,0,0,0,1,1,1,1,1,1,1,1,4,1,1,1,1,1,1,1
1502,2,2021,0,72,1,1,2,0,0,1,0,0,0,6,2,7,7,7,1,7,4,7,4,4,4,4,4,4,1
1503,2,2021,1,76,1,1,0,1,0,0,0,1,0,5,1,5,4,1,1,4,1,3,4,1,5,1,4,3,1
1504,2,2021,1,44,0,0,3,0,1,0,0,0,0,3,3,3,4,2,3,3,4,3,4,4,2,4,4,4,1
1505,2,2021,1,38,1,1,3,0,1,0,0,0,0,4,4,6,3,3,3,2,5,5,2,4,3,5,4,6,1
1506,2,2021,1,59,1,1,5,0,1,0,0,0,0,1,1,1,1,1,1,1,1,1,1,1,1,1,1,1,0
1507,2,2021,0,34,1,1,2,0,0,1,0,0,0,3,4,4,6,1,5,7,4,4,4,2,3,1,1,1,1
1508,2,2021,0,34,0,0,0,1,0,0,0,1,0,4,4,4,5,4,4,5,4,4,4,4,4,4,4,4,1
1509,2,2021,0,53,1,0,2,0,1,0,0,0,0,5,4,5,4,2,4,7,2,4,2,1,4,4,4,4,0
1510,2,2021,0,34,1,0,3,0,1,0,0,0,0,5,5,5,5,5,5,5,2,3,2,2,1,1,2,2,0
1511,2,2021,0,58,0,0,3,0,1,0,0,0,0,1,1,1,1,1,1,1,4,4,4,1,4,4,4,4,1
1512,2,2021,0,32,0,0,0,1,1,0,0,0,0,2,5,3,7,1,7,7,2,7,1,1,1,1,1,1,1
1513,2,2021,1,39,0,0,5,0,1,0,0,0,0,4,4,4,4,4,4,5,4,4,4,4,4,4,4,4,1
1514,2,2021,0,65,1,0,5,0,0,1,0,0,0,3,2,6,5,5,5,7,1,5,1,1,1,1,5,1,0
1515,2,2021,0,37,0,0,2,0,1,0,0,0,0,5,6,5,3,5,5,6,4,5,3,3,3,4,3,3,1
1516,2,2021,0,54,1,1,0,1,0,1,0,0,0,6,5,5,4,6,5,7,6,5,6,2,4,4,1,3,0
1517,2,2021,0,53,1,1,0,1,1,0,0,0,0,5,4,4,4,4,2,6,6,4,5,6,5,4,5,5,1
1518,2,2021,1,54,0,0,0,1,1,0,0,0,0,6,4,6,6,1,6,6,1,4,1,1,1,1,3,3,1
1519,2,2021,1,61,1,1,4,0,1,0,0,0,0,3,3,3,3,5,4,6,3,5,4,4,4,6,5,4,1
1520,2,2021,1,54,1,1,5,0,1,0,0,0,0,4,5,5,5,5,4,7,6,6,6,5,5,4,6,5,1
1521,2,2021,0,46,0,0,3,0,1,0,0,0,0,5,6,5,4,4,1,7,1,6,1,1,1,1,2,2,1
1522,2,2021,0,32,1,1,0,1,0,1,0,0,0,2,4,5,7,2,3,7,4,5,3,2,2,1,2,2,1
1523,2,2021,1,60,0,0,2,0,0,0,0,1,0,4,2,6,4,4,1,6,4,6,4,3,4,4,3,3,1
1524,2,2021,1,74,1,1,0,1,0,0,0,1,0,5,5,5,7,5,3,7,3,5,2,1,3,3,1,1,1
1525,2,2021,1,55,1,1,5,0,1,0,0,0,0,4,6,5,5,4,4,7,4,5,3,1,3,4,3,2,1
1526,2,2021,0,65,1,1,3,0,0,1,0,0,0,2,6,5,5,4,1,7,1,5,1,1,1,1,1,1,1
1527,2,2021,1,50,0,0,2,0,1,0,0,0,0,1,7,6,5,4,1,5,1,4,3,1,4,1,1,1,1
1528,2,2021,1,64,1,1,3,0,0,0,0,1,0,1,1,5,5,4,1,7,1,4,4,1,4,1,4,1,1
1529,2,2021,0,56,1,0,5,0,0,0,0,1,0,7,5,7,7,6,5,7,1,7,2,1,3,2,1,1,0
1530,2,2021,1,61,0,0,0,1,0,0,0,1,0,4,5,6,4,4,4,4,4,4,4,4,4,4,4,4,0
1531,2,2021,0,33,0,0,0,1,1,0,0,0,0,3,4,4,3,3,4,3,3,3,4,4,4,3,4,4,1
1532,2,2021,0,68,1,1,0,1,0,1,0,0,0,5,3,3,5,1,1,5,6,6,6,5,6,6,4,5,1
1533,2,2021,0,47,0,0,0,1,1,0,0,0,0,1,1,1,4,1,1,1,4,1,2,1,4,4,1,3,1
1534,2,2021,0,61,1,1,5,0,0,1,0,0,0,4,7,6,7,6,7,7,2,7,5,2,1,1,1,1,1
1535,2,2021,0,70,1,1,2,0,0,1,0,0,0,4,6,5,6,5,5,6,6,6,5,6,6,6,6,6,0
1536,2,2021,0,62,0,1,1,0,1,0,0,0,0,5,3,6,6,7,6,7,1,3,1,1,4,1,1,1,0
1537,2,2021,0,27,0,0,2,0,1,0,0,0,0,1,1,1,1,1,1,1,1,1,1,1,1,1,1,1,1
1538,2,2021,0,48,0,0,0,1,0,0,0,1,0,4,4,4,4,4,4,4,4,4,3,4,4,4,4,4,1
1539,2,2021,0,69,1,1,5,0,0,1,0,0,0,7,5,6,5,5,6,7,1,6,4,1,1,1,1,1,0
1540,2,2021,1,52,0,0,0,1,0,0,0,1,0,4,4,4,4,4,4,4,4,4,4,4,4,4,4,4,1
1541,2,2021,1,46,1,1,3,0,1,0,0,0,0,5,5,3,4,4,4,5,5,4,4,4,3,5,4,6,1
1542,2,2021,0,36,1,1,5,0,1,0,0,0,0,5,5,6,6,6,1,6,5,5,2,1,1,1,2,5,0
1543,2,2021,1,53,1,1,5,0,1,0,0,0,0,4,4,5,4,4,4,4,4,4,4,4,4,4,4,4,1
1544,2,2021,1,60,1,1,5,0,1,0,0,0,0,5,5,4,4,5,5,5,5,5,5,5,5,5,5,5,0
1545,2,2021,0,35,1,1,3,0,1,0,0,0,0,1,5,7,7,7,5,7,1,5,2,1,4,1,1,1,1
1546,2,2021,0,31,1,0,4,0,1,0,0,0,0,3,5,4,5,2,3,6,4,4,5,2,6,2,4,3,1
1547,2,2021,1,39,1,1,2,0,1,0,0,0,0,7,6,6,4,6,1,7,1,6,5,1,1,1,1,1,0
1548,2,2021,0,71,0,1,0,1,0,1,0,0,0,3,4,5,5,2,2,5,4,5,5,3,4,4,4,3,0
1549,2,2021,1,53,1,1,4,0,1,0,0,0,0,2,5,5,2,1,2,6,5,2,4,2,2,6,2,3,1
1550,2,2021,1,67,1,1,1,0,0,0,0,1,0,1,1,1,1,1,1,2,2,1,2,2,2,2,2,2,1
1551,2,2021,0,40,1,0,5,0,0,1,0,0,0,5,7,7,6,1,1,7,5,3,5,4,5,5,1,5,1
1552,2,2021,0,45,1,1,0,1,1,0,0,0,0,7,7,7,6,1,1,7,2,6,6,2,2,1,1,6,0
1553,2,2021,0,28,0,0,0,1,0,0,0,0,1,5,5,2,3,5,5,7,3,5,6,5,3,2,5,3,0
1554,2,2021,0,31,0,0,3,0,1,0,0,0,0,4,4,4,4,5,5,5,1,4,1,1,1,1,1,1,0
1555,2,2021,1,38,0,0,2,0,1,0,0,0,0,4,4,3,5,4,3,3,4,4,4,4,3,4,3,4,1
1556,2,2021,1,62,0,0,2,0,1,0,0,0,0,2,3,3,4,2,2,2,2,2,3,2,3,2,2,2,1
1557,2,2021,0,63,0,1,1,0,0,0,0,1,0,7,1,4,7,4,1,7,1,2,2,1,4,1,1,1,0
1558,2,2021,1,50,1,0,2,0,1,0,0,0,0,1,1,1,3,1,1,5,5,5,1,1,1,1,1,1,1
1559,2,2021,0,33,1,1,0,1,1,0,0,0,0,5,5,5,5,5,5,6,2,5,3,5,3,2,3,3,1
1560,2,2021,1,62,1,1,5,0,1,0,0,0,0,4,4,4,4,4,4,4,4,4,4,4,4,4,4,4,1
1561,2,2021,1,51,0,0,2,0,1,0,0,0,0,2,1,4,6,3,2,6,4,4,5,2,4,2,2,4,1
1562,2,2021,0,38,0,0,0,1,1,0,0,0,0,1,1,1,3,4,4,7,4,4,4,5,4,4,4,3,0
1563,2,2021,0,45,0,0,0,1,0,0,0,0,1,5,6,6,3,7,1,7,4,6,7,5,3,1,3,1,0
1564,2,2021,1,59,1,1,0,1,1,0,0,0,0,4,3,5,6,4,7,7,3,4,5,3,1,1,3,2,1
1565,2,2021,0,46,0,1,0,1,1,0,0,0,0,2,1,5,1,1,1,7,5,3,6,3,5,4,2,5,0
1566,2,2021,1,77,1,1,3,0,0,0,0,1,0,1,1,1,7,4,1,7,1,4,4,1,1,1,1,1,1
1567,2,2021,0,37,1,1,5,0,0,1,0,0,0,4,4,7,4,4,4,4,6,4,4,4,6,4,4,1,0
1568,2,2021,0,44,1,1,5,0,0,1,0,0,0,5,7,7,7,4,1,7,7,4,7,4,1,1,5,1,0
1569,2,2021,1,68,1,0,0,1,0,0,0,1,0,5,5,6,5,4,1,4,4,4,2,1,1,4,1,1,0
1570,2,2021,0,59,1,0,5,0,0,1,0,0,0,4,4,6,4,4,4,7,4,6,4,4,1,4,2,1,1
1571,2,2021,1,52,1,1,4,0,1,0,0,0,0,2,5,5,5,1,1,6,2,3,5,1,2,1,2,1,0
1572,2,2021,0,24,0,0,5,0,1,0,0,0,0,5,5,5,5,6,5,5,1,6,2,2,2,2,2,2,0
1573,2,2021,1,53,0,0,0,1,1,0,0,0,0,1,1,1,1,1,1,5,1,4,1,1,1,1,1,1,1
1574,2,2021,0,24,0,0,0,1,1,0,0,0,0,3,3,6,2,1,2,7,3,2,7,2,3,1,3,3,1
1575,2,2021,1,66,1,1,5,0,1,0,0,0,0,4,5,6,4,4,4,6,4,4,4,4,4,4,4,4,1
1576,2,2021,0,62,1,1,3,0,0,1,0,0,0,3,6,5,6,4,6,4,2,4,5,1,4,1,5,4,0
1577,2,2021,1,69,1,0,3,0,0,0,0,1,0,4,4,5,5,4,4,4,3,4,6,5,4,5,5,4,0
1578,2,2021,0,44,1,0,3,0,0,1,0,0,0,3,6,5,2,1,1,7,3,2,5,3,5,6,3,4,1
1579,2,2021,0,60,1,0,5,0,0,1,0,0,0,4,2,5,5,1,1,5,2,4,4,4,4,2,2,2,1
1580,2,2021,1,37,0,0,2,0,1,0,0,0,0,6,6,6,4,6,6,6,6,2,6,3,5,4,4,5,0
1581,2,2021,1,58,0,0,1,0,1,0,0,0,0,5,6,5,6,5,4,6,4,6,4,2,2,3,2,2,0
1582,2,2021,0,64,1,1,5,0,0,1,0,0,0,5,4,5,7,4,2,7,3,7,6,2,4,3,3,3,0
1583,2,2021,1,63,1,1,3,0,1,0,0,0,0,4,4,5,4,3,4,4,4,4,5,4,4,4,3,4,1
1584,2,2021,1,34,1,1,5,0,1,0,0,0,0,5,5,5,6,1,5,7,5,6,6,2,2,5,2,5,0
1585,2,2021,1,51,0,0,0,1,1,0,0,0,0,5,2,4,7,4,1,7,1,7,1,1,1,1,1,1,1
1586,2,2021,0,39,1,1,0,1,0,1,0,0,0,2,5,6,3,2,1,7,3,4,2,1,2,1,1,1,0
1587,2,2021,0,42,1,1,5,0,1,0,0,0,0,5,5,5,4,2,2,5,4,3,4,4,4,4,4,4,0
1588,2,2021,0,49,1,1,5,0,0,1,0,0,0,4,4,4,3,4,3,7,3,4,3,3,3,3,3,3,0
1589,2,2021,1,47,0,0,2,0,0,0,0,1,0,4,4,4,4,2,1,7,3,2,4,4,5,2,1,3,1
1590,2,2021,0,46,1,1,5,0,1,0,0,0,0,3,3,5,6,5,5,7,5,5,3,1,2,1,1,1,0
1591,2,2021,0,71,0,0,2,0,0,0,0,1,0,4,5,5,6,1,1,7,1,7,4,3,1,1,3,1,1
1592,2,2021,0,62,1,1,2,0,0,1,0,0,0,4,4,4,4,4,4,4,1,4,4,4,4,4,4,4,1
1593,2,2021,0,50,0,1,2,0,1,0,0,0,0,1,1,3,4,5,1,7,7,5,2,1,4,2,1,1,1
1594,2,2021,0,33,0,0,2,0,1,0,0,0,0,4,1,1,1,1,1,1,4,4,5,1,1,4,1,1,1
1595,2,2021,0,61,1,0,0,1,0,1,0,0,0,4,5,5,5,4,3,5,2,5,3,2,2,2,3,3,1
1596,2,2021,1,71,0,0,4,0,0,0,0,1,0,1,6,5,5,4,4,6,5,2,5,2,4,4,1,4,1
1597,2,2021,1,45,1,1,5,0,1,0,0,0,0,7,7,7,7,7,1,7,1,7,1,1,1,1,1,1,0
1598,2,2021,1,46,1,1,3,0,1,0,0,0,0,4,2,4,6,4,2,4,4,4,5,5,4,4,5,5,1
1599,2,2021,1,62,1,1,0,1,1,0,0,0,0,4,4,4,4,4,4,4,4,4,4,4,4,4,4,4,1
1600,2,2021,1,50,0,0,3,0,1,0,0,0,0,4,4,4,3,2,4,6,5,2,5,2,7,4,4,7,1
1601,2,2021,0,49,0,1,2,0,1,0,0,0,0,4,1,1,5,1,1,7,7,1,4,4,4,1,4,1,1
1602,2,2021,1,68,1,0,2,0,0,0,0,1,0,5,2,6,7,5,1,7,5,4,6,4,4,4,3,4,1
1603,2,2021,0,33,1,1,4,0,1,0,0,0,0,5,4,6,6,2,5,6,3,6,3,3,2,6,2,2,1
1604,2,2021,0,51,1,1,1,0,0,1,0,0,0,1,1,1,4,1,1,7,1,1,1,1,4,1,1,1,1
1605,2,2021,0,57,0,0,3,0,1,0,0,0,0,3,4,4,4,6,1,2,1,4,1,1,4,1,1,1,1
1606,2,2021,1,53,1,0,3,0,1,0,0,0,0,5,5,3,5,1,1,6,4,4,3,2,2,3,3,5,1
1607,2,2021,1,66,1,1,2,0,1,0,0,0,0,4,5,5,6,6,1,5,1,5,1,1,1,1,1,1,1
1608,2,2021,0,61,1,1,3,0,1,0,0,0,0,5,4,5,6,5,5,6,7,6,6,6,6,6,3,5,0
1609,2,2021,0,45,1,1,0,1,1,0,0,0,0,1,6,5,5,1,1,6,6,4,6,1,1,1,3,1,0
1610,2,2021,0,34,0,0,0,1,1,0,0,0,0,4,4,4,4,5,4,4,4,4,4,4,4,4,4,4,0
1611,2,2021,0,34,0,0,2,0,0,0,0,1,0,7,1,4,7,7,1,7,1,1,5,1,7,1,1,1,1
1612,2,2021,0,21,0,0,0,1,1,0,0,0,0,5,5,4,5,5,5,5,5,5,5,5,6,1,4,5,1
1613,2,2021,1,47,1,1,0,1,1,0,0,0,0,4,4,6,4,4,4,4,4,4,4,4,4,4,4,4,0
1614,2,2021,0,48,1,1,3,0,1,0,0,0,0,4,5,5,2,5,1,7,4,4,5,1,4,4,1,1,0
1615,2,2021,0,41,1,1,3,0,0,1,0,0,0,1,1,5,7,1,1,4,5,4,4,1,5,1,1,1,1
1616,2,2021,1,49,1,1,3,0,1,0,0,0,0,1,1,1,7,4,1,7,7,1,7,2,7,1,1,6,1
1617,2,2021,1,59,1,1,0,1,1,0,0,0,0,4,4,4,6,4,4,5,1,4,2,1,4,1,1,1,1
1618,2,2021,0,45,1,0,4,0,1,0,0,0,0,4,4,4,4,4,4,4,4,4,4,4,4,4,4,4,0
1619,2,2021,1,42,0,0,0,1,1,0,0,0,0,2,1,4,6,3,1,5,4,2,3,2,6,3,2,5,1
1620,2,2021,1,60,0,1,2,0,1,0,0,0,0,4,4,5,5,3,3,7,2,5,5,4,7,1,4,5,1
1621,2,2021,0,73,0,0,0,1,0,0,0,1,0,6,4,5,6,6,6,4,4,6,3,3,4,4,4,1,1
1622,2,2021,0,58,0,0,3,0,1,0,0,0,0,4,3,4,4,4,4,6,4,6,4,4,5,4,4,4,0
1623,2,2021,1,67,1,1,5,0,0,0,0,0,1,7,7,6,7,7,6,7,5,7,1,1,1,1,1,1,0
1624,2,2021,1,69,1,1,5,0,1,0,0,0,0,4,5,5,6,4,4,4,4,5,4,4,3,4,4,4,0
1625,2,2021,0,36,0,0,0,1,1,0,0,0,0,7,7,6,7,1,1,7,1,5,1,1,4,1,1,1,0
1626,2,2021,1,52,0,1,2,0,1,0,0,0,0,5,6,5,2,1,4,6,4,4,5,4,6,1,2,4,1
1627,2,2021,1,49,0,0,1,0,1,0,0,0,0,4,7,4,4,4,1,4,1,7,1,1,7,1,1,1,1
1628,2,2021,0,49,0,0,5,0,1,0,0,0,0,4,6,5,6,2,5,7,4,4,3,1,3,3,1,1,1
1629,2,2021,0,47,1,1,5,0,1,0,0,0,0,4,1,4,5,5,1,5,5,4,1,1,6,1,1,1,1
1630,2,2021,1,55,1,0,5,0,1,0,0,0,0,7,7,6,6,1,2,7,1,6,5,2,4,1,1,2,1
1631,2,2021,0,43,1,0,4,0,1,0,0,0,0,3,3,4,6,2,1,6,3,2,5,3,1,3,1,2,1
1632,2,2021,1,60,1,1,5,0,1,0,0,0,0,5,2,5,7,5,1,7,5,4,5,4,7,4,4,3,0
1633,2,2021,0,40,0,0,2,0,1,0,0,0,0,5,7,4,7,1,1,7,3,4,2,1,4,5,1,1,1
1634,2,2021,1,53,1,0,3,0,1,0,0,0,0,1,5,5,6,1,1,6,2,6,2,2,5,2,2,6,1
1635,2,2021,1,41,1,1,5,0,1,0,0,0,0,4,2,2,3,4,3,1,2,3,2,3,4,5,4,4,1
1636,2,2021,1,35,1,1,4,0,1,0,0,0,0,1,1,1,1,1,1,1,1,1,1,1,1,1,1,1,1
1637,2,2021,0,42,1,1,2,0,0,1,0,0,0,5,5,5,4,5,2,6,1,5,1,1,5,5,1,1,0
1638,2,2021,1,46,1,0,3,0,1,0,0,0,0,4,1,1,6,1,5,5,1,2,1,1,1,1,1,1,0
1639,2,2021,0,58,0,0,0,1,0,0,0,1,0,5,5,7,6,3,5,4,5,6,6,1,4,4,1,4,0
1640,2,2021,0,39,1,0,3,0,0,1,0,0,0,5,2,5,6,2,2,7,4,2,7,3,5,4,5,4,1
1641,2,2021,1,55,0,0,2,0,1,0,0,0,0,4,1,4,5,1,1,7,4,2,4,3,7,4,2,4,1
1642,2,2021,0,49,1,0,2,0,1,0,0,0,0,7,6,4,3,3,5,6,5,4,4,2,5,3,5,4,0
1643,2,2021,0,56,1,1,0,1,0,1,0,0,0,4,4,4,4,4,4,4,4,4,4,4,4,4,4,4,0
1644,2,2021,1,55,1,1,5,0,1,0,0,0,0,4,5,4,4,4,4,4,4,5,4,4,4,4,4,4,0
1645,2,2021,1,40,1,1,3,0,1,0,0,0,0,4,4,4,4,4,4,4,4,4,4,4,4,4,4,5,1
1646,2,2021,1,67,1,1,0,1,1,0,0,0,0,3,5,5,7,1,5,7,5,7,3,1,7,5,1,7,0
1647,2,2021,0,35,1,0,4,0,1,0,0,0,0,4,5,5,4,4,4,4,4,4,4,4,4,4,4,4,0
1648,2,2021,0,34,0,0,2,0,1,0,0,0,0,1,1,4,7,1,1,7,7,1,7,7,7,1,7,7,1
1649,2,2021,0,51,0,1,2,0,1,0,0,0,0,4,4,4,4,4,1,4,4,4,4,4,6,4,4,4,1
1650,2,2021,1,55,0,1,5,0,1,0,0,0,0,4,4,3,5,2,1,7,4,3,5,4,3,3,2,2,1
1651,2,2021,1,69,1,1,2,0,0,0,0,1,0,1,1,1,7,4,4,7,4,3,6,5,7,5,5,6,1
1652,2,2021,0,67,1,1,3,0,0,1,0,0,0,5,6,4,4,1,4,6,1,4,5,2,2,1,2,2,0
1653,2,2021,1,60,1,1,5,0,1,0,0,0,0,4,6,6,6,2,1,7,1,6,1,1,1,1,1,1,0
1654,2,2021,1,81,1,1,3,0,0,0,0,1,0,2,2,5,7,1,1,7,1,7,1,1,1,1,1,1,1
1655,2,2021,0,55,0,1,2,0,1,0,0,0,0,7,5,4,4,4,4,5,4,4,4,4,4,4,4,4,1
1656,2,2021,1,69,1,1,5,0,0,0,0,1,0,5,6,6,6,2,2,6,2,4,3,2,3,3,2,1,0
1657,2,2021,1,74,1,1,5,0,1,0,0,0,0,5,2,4,5,4,2,4,2,4,1,1,3,2,1,1,1
1658,2,2021,1,75,0,0,2,0,0,0,0,1,0,5,5,5,4,1,1,5,2,4,5,3,4,4,2,1,1
1659,2,2021,0,75,0,1,2,0,0,0,0,1,0,1,5,7,7,1,1,7,7,7,5,1,1,1,1,1,1
1660,2,2021,1,70,1,1,0,1,1,0,0,0,0,1,1,1,1,1,1,1,1,1,1,1,1,1,1,1,1
1661,2,2021,0,56,1,1,0,1,0,1,0,0,0,4,5,5,5,5,1,7,1,5,1,1,4,1,1,1,0
1662,2,2021,0,59,1,0,5,0,1,0,0,0,0,4,1,5,5,1,1,7,2,5,5,2,3,1,1,1,1
1663,2,2021,1,76,1,1,0,1,0,0,0,1,0,5,2,2,6,4,1,7,3,5,1,1,6,2,1,1,1
1664,2,2021,1,65,1,1,0,1,1,0,0,0,0,4,2,5,6,4,6,7,1,6,4,1,2,2,3,2,1
1665,2,2021,1,61,1,1,5,0,1,0,0,0,0,7,7,7,7,7,7,7,1,7,1,1,1,1,1,1,1
1666,2,2021,1,47,1,1,5,0,1,0,0,0,0,4,6,5,5,2,2,6,2,5,3,3,2,2,2,2,1
1667,2,2021,0,71,1,1,2,0,1,0,0,0,0,7,5,6,6,5,5,6,1,6,5,1,5,1,1,5,0
1668,2,2021,0,51,1,1,4,0,0,1,0,0,0,5,5,5,6,2,5,7,5,4,4,1,4,5,1,6,1
1669,2,2021,0,47,0,1,0,1,1,0,0,0,0,1,1,1,7,1,1,7,1,1,1,1,1,1,1,1,0
1670,2,2021,0,49,1,0,0,1,0,1,0,0,0,6,6,5,6,1,1,5,4,4,3,3,4,2,1,1,1
1671,2,2021,1,63,1,1,0,1,1,0,0,0,0,4,6,6,7,1,1,7,1,7,4,1,1,1,1,1,1
1672,2,2021,0,46,0,0,0,1,1,0,0,0,0,2,5,5,7,4,5,4,5,5,4,1,1,7,2,1,0
1673,2,2021,0,42,0,0,2,0,1,0,0,0,0,1,1,1,7,1,1,7,2,1,2,1,2,1,7,4,1
1674,2,2021,1,74,1,1,1,0,0,0,0,1,0,6,3,5,6,3,3,7,3,6,3,3,3,3,3,3,0
1675,2,2021,0,38,0,0,0,1,1,0,0,0,0,5,5,1,1,5,1,4,1,1,1,1,1,1,1,1,1
1676,2,2021,1,70,1,1,5,0,1,0,0,0,0,4,5,6,5,4,4,7,2,4,3,1,3,2,2,2,0
1677,2,2021,1,61,1,1,5,0,1,0,0,0,0,4,4,4,7,3,1,7,4,6,4,4,4,4,4,4,0
1678,2,2021,1,46,1,1,3,0,1,0,0,0,0,5,4,5,5,3,4,7,2,5,2,1,4,2,2,1,0
1679,2,2021,1,67,1,1,0,1,1,0,0,0,0,5,6,5,5,5,4,4,3,4,5,5,3,4,4,4,0
1680,2,2021,1,60,1,1,5,0,1,0,0,0,0,5,5,5,6,5,1,7,2,4,4,1,5,1,5,4,1
1681,2,2021,1,58,0,0,2,0,1,0,0,0,0,6,5,6,6,6,6,6,2,6,4,2,4,3,4,4,0
1682,2,2021,1,58,1,0,3,0,1,0,0,0,0,4,2,6,7,1,1,6,2,6,3,1,6,3,2,1,1
1683,2,2021,1,44,1,1,0,1,1,0,0,0,0,4,3,4,4,4,4,4,4,4,4,4,5,4,4,4,1
1684,2,2021,0,34,1,1,3,0,0,1,0,0,0,1,1,4,4,1,1,7,5,4,4,4,5,6,4,4,1
1685,2,2021,0,30,0,0,3,0,1,0,0,0,0,6,5,5,4,4,4,6,3,4,4,3,4,3,3,3,0
1686,2,2021,1,50,1,1,5,0,1,0,0,0,0,6,5,5,5,4,2,7,2,5,3,4,4,3,3,2,0
1687,2,2021,0,47,1,0,2,0,1,0,0,0,0,4,3,5,4,4,4,6,2,4,3,2,2,1,2,3,1
1688,2,2021,1,57,1,0,2,0,1,0,0,0,0,5,6,5,4,5,4,5,1,5,1,1,5,1,1,1,1
1689,2,2021,0,45,1,1,0,1,1,0,0,0,0,1,1,1,1,1,2,1,3,2,1,1,1,1,1,1,1
1690,2,2021,0,54,0,0,0,1,1,0,0,0,0,1,1,1,7,1,1,7,2,4,4,4,7,4,3,4,1
1691,2,2021,1,41,1,0,3,0,1,0,0,0,0,1,2,2,6,1,1,7,6,3,4,4,4,4,4,4,1
1692,2,2021,1,33,1,1,3,0,1,0,0,0,0,1,7,5,7,6,1,7,1,7,1,1,5,1,1,5,0
1693,2,2021,1,64,1,1,5,0,1,0,0,0,0,5,7,5,7,1,1,7,1,5,5,1,1,1,1,1,1
1694,2,2021,1,61,1,1,5,0,1,0,0,0,0,7,7,7,7,7,7,7,7,7,7,7,7,7,7,7,0
1695,2,2021,1,53,1,1,3,0,1,0,0,0,0,2,5,5,5,5,2,6,5,3,4,4,5,3,5,5,1
1696,2,2021,0,36,0,0,0,1,1,0,0,0,0,7,1,2,5,2,7,7,1,5,1,1,1,1,1,1,0
1697,2,2021,0,27,0,0,2,0,0,0,0,0,1,3,3,4,3,5,3,6,6,3,5,2,3,3,2,1,0
1698,2,2021,0,69,1,1,0,1,0,1,0,0,0,3,6,6,3,3,3,6,3,3,3,3,3,3,3,3,1
1699,2,2021,1,70,1,1,4,0,1,0,0,0,0,4,4,4,7,3,1,5,1,4,5,1,4,1,1,1,1
1700,2,2021,0,48,0,0,1,0,0,0,0,1,0,1,1,1,4,1,1,6,4,2,5,3,4,4,4,4,1
1701,2,2021,1,48,0,0,1,0,1,0,0,0,0,1,2,6,5,1,1,6,5,2,4,1,1,1,1,1,1
1702,2,2021,1,62,0,0,3,0,1,0,0,0,0,4,5,4,4,4,4,5,3,3,3,4,4,4,4,3,1
1703,2,2021,1,79,1,1,3,0,0,0,0,1,0,7,5,7,7,4,7,7,1,7,1,1,1,1,1,1,0
1704,2,2021,1,47,1,1,4,0,1,0,0,0,0,3,5,1,5,3,4,4,4,4,4,4,4,4,4,5,0
1705,2,2021,1,73,1,1,2,0,0,0,0,1,0,4,5,6,6,5,1,6,3,5,5,3,4,2,2,2,0
1706,2,2021,1,50,1,1,2,0,1,0,0,0,0,3,5,4,4,5,4,5,4,5,4,4,3,4,4,4,1
1707,2,2021,1,61,1,1,5,0,1,0,0,0,0,4,4,4,3,4,1,7,4,4,6,1,7,1,4,6,0
1708,2,2021,1,56,1,1,2,0,1,0,0,0,0,2,4,5,6,4,1,6,2,4,3,1,4,2,1,2,1
1709,2,2021,0,33,0,0,2,0,1,0,0,0,0,2,1,1,3,1,1,3,1,2,1,1,5,1,1,3,1
1710,2,2021,1,55,1,1,5,0,1,0,0,0,0,5,5,5,7,1,1,7,5,2,4,3,5,1,3,4,0
1711,2,2021,1,70,1,1,2,0,0,0,0,1,0,5,6,5,7,1,1,7,1,7,1,1,1,1,1,1,1
1712,2,2021,1,71,1,0,1,0,1,0,0,0,0,2,1,1,5,1,1,6,2,4,2,1,5,2,5,2,1
1713,2,2021,1,41,1,1,3,0,1,0,0,0,0,6,7,5,1,5,2,7,3,6,5,2,5,2,2,2,0
1714,2,2021,1,69,1,1,5,0,1,0,0,0,0,6,5,4,5,1,4,7,1,6,3,1,1,1,1,5,0
1715,2,2021,1,50,1,1,0,1,1,0,0,0,0,5,4,4,4,4,4,5,4,4,4,4,4,4,4,4,1
1716,2,2021,0,36,0,0,3,0,1,0,0,0,0,5,7,6,5,1,5,6,1,5,1,1,1,1,1,1,0
1717,2,2021,0,31,1,1,4,0,0,1,0,0,0,2,3,2,1,1,5,5,1,6,1,1,7,1,1,1,1
1718,2,2021,1,60,1,1,4,0,1,0,0,0,0,4,6,5,6,2,5,6,3,6,4,3,5,3,5,5,1
1719,2,2021,1,58,0,0,2,0,1,0,0,0,0,6,5,4,7,3,1,7,1,4,1,1,1,1,1,1,1
1720,2,2021,1,46,1,1,5,0,1,0,0,0,0,5,5,3,4,1,5,5,7,2,3,5,5,5,5,5,1
1721,2,2021,0,67,1,1,3,0,0,1,0,0,0,5,1,6,5,1,4,5,1,1,2,1,1,1,1,1,1
1722,2,2021,1,41,1,1,4,0,1,0,0,0,0,1,2,5,1,5,1,7,7,3,4,1,4,1,1,1,1
1723,2,2021,0,50,1,1,0,1,1,0,0,0,0,4,5,4,4,4,4,5,4,4,4,4,4,4,4,4,1
1724,2,2021,0,46,1,0,4,0,0,1,0,0,0,3,4,5,7,2,4,6,1,4,1,1,1,1,1,1,1
1725,2,2021,1,54,0,1,5,0,1,0,0,0,0,1,1,1,7,1,1,7,7,7,7,7,7,7,7,7,1
1726,2,2021,0,68,1,1,3,0,0,1,0,0,0,4,5,6,6,3,4,7,5,7,5,5,5,6,6,6,0
1727,2,2021,0,62,1,1,0,1,0,1,0,0,0,5,5,5,4,2,5,7,2,5,3,2,2,1,1,1,0
1728,2,2021,1,47,1,1,5,0,1,0,0,0,0,3,3,4,4,5,5,4,4,4,5,5,4,5,4,4,1
1729,2,2021,1,76,1,1,5,0,0,0,0,0,1,3,2,2,7,1,1,7,4,7,4,5,3,3,3,2,1
1730,2,2021,1,38,0,0,2,0,1,0,0,0,0,5,2,2,3,5,3,4,5,3,5,4,3,4,4,3,1
1731,2,2021,1,74,0,1,2,0,0,0,0,1,0,4,1,5,5,1,1,7,4,4,4,1,4,4,1,1,1
1732,2,2021,0,41,1,0,2,0,1,0,0,0,0,6,6,5,5,4,7,7,1,6,4,1,1,1,1,1,0
1733,2,2021,0,46,1,1,5,0,1,0,0,0,0,1,1,4,5,2,1,7,6,1,5,3,6,3,2,7,1
1734,2,2021,1,41,1,1,5,0,1,0,0,0,0,6,6,4,1,1,1,1,1,1,1,1,1,1,1,2,0
1735,2,2021,1,65,1,1,3,0,1,0,0,0,0,5,7,6,4,1,1,5,2,4,2,3,3,3,3,4,1
1736,2,2021,0,67,1,1,3,0,0,0,0,1,0,5,7,4,7,3,1,7,4,7,4,1,6,4,1,1,1
1737,2,2021,1,60,1,1,5,0,1,0,0,0,0,2,2,2,2,1,1,7,6,6,2,3,2,7,3,3,1
1738,2,2021,0,44,0,0,2,0,1,0,0,0,0,2,5,5,1,1,1,7,1,4,3,1,2,1,1,1,1
1739,2,2021,1,34,0,0,0,1,1,0,0,0,0,6,6,4,4,4,4,7,7,1,7,6,7,4,7,7,1
1740,2,2021,1,51,1,1,4,0,1,0,0,0,0,2,4,3,3,2,2,3,3,4,4,4,3,3,4,4,1
1741,2,2021,0,35,1,1,2,0,0,1,0,0,0,5,3,5,6,4,1,5,7,2,6,3,2,4,2,1,1
1742,2,2021,1,65,1,1,5,0,0,1,0,0,0,4,4,4,6,1,1,7,1,5,5,4,4,7,1,1,0
1743,2,2021,1,63,0,1,2,0,1,0,0,0,0,1,1,5,5,1,1,6,1,4,2,1,1,1,1,1,1
1744,2,2021,1,70,0,1,2,0,1,0,0,0,0,5,5,5,6,5,1,5,5,6,5,2,3,6,2,5,1
1745,2,2021,0,38,1,1,2,0,1,0,0,0,0,5,1,5,7,5,1,7,4,5,3,1,4,1,6,5,1
1746,2,2021,0,44,0,0,3,0,1,0,0,0,0,4,7,4,7,7,1,6,1,6,5,1,1,1,1,1,1
1747,2,2021,0,47,1,0,2,0,0,1,0,0,0,1,1,1,6,1,1,1,2,6,1,1,4,3,1,1,1
1748,2,2021,0,48,1,1,0,1,0,1,0,0,0,3,5,5,4,4,1,2,3,5,3,4,5,4,4,4,0
1749,2,2021,0,45,1,1,4,0,0,1,0,0,0,3,3,4,7,5,1,5,1,6,2,1,1,1,1,1,0
1750,2,2021,0,40,0,0,5,0,1,0,0,0,0,3,3,3,4,3,4,3,4,4,3,2,4,4,3,4,1
1751,2,2021,0,42,0,0,2,0,1,0,0,0,0,4,4,6,3,1,1,1,6,4,6,3,2,4,2,1,1
1752,2,2021,0,34,0,0,2,0,1,0,0,0,0,4,6,4,3,3,3,4,4,3,3,4,4,3,4,4,1
1753,2,2021,0,52,0,1,0,1,1,0,0,0,0,4,5,5,5,4,5,5,4,4,5,4,4,4,5,5,0
1754,2,2021,0,64,1,1,2,0,0,1,0,0,0,4,6,6,7,1,1,7,1,6,4,1,2,1,1,1,0
1755,2,2021,1,71,1,1,4,0,0,0,0,1,0,2,2,2,6,2,1,2,2,6,2,2,2,2,2,2,1
1756,2,2021,1,69,1,1,2,0,0,0,0,1,0,6,2,6,6,2,1,4,5,5,1,1,5,6,1,1,1
1757,2,2021,0,36,1,1,1,0,0,1,0,0,0,1,1,1,1,1,1,1,1,2,1,1,1,1,1,1,1
1758,2,2021,0,51,1,1,5,0,0,1,0,0,0,3,6,6,6,5,1,7,5,5,4,1,4,2,1,4,0
1759,2,2021,0,67,1,1,0,1,1,0,0,0,0,4,3,3,4,4,4,6,4,4,4,4,4,4,4,4,0
1760,2,2021,0,32,1,0,2,0,1,0,0,0,0,4,4,4,4,4,4,4,4,4,4,4,4,4,4,4,1
1761,2,2021,0,61,0,0,0,1,0,0,0,1,0,4,4,4,4,4,4,4,5,4,4,4,4,4,4,4,1
1762,2,2021,0,45,0,0,3,0,1,0,0,0,0,1,3,4,1,1,1,7,5,1,6,3,7,7,6,5,1
1763,2,2021,1,27,0,0,2,0,1,0,0,0,0,3,3,4,4,4,4,3,4,4,5,5,4,5,4,4,1
1764,2,2021,0,27,0,0,0,1,1,0,0,0,0,2,1,3,5,3,4,5,3,3,3,2,3,3,2,2,1
1765,2,2021,0,31,1,1,3,0,0,1,0,0,0,1,4,7,1,5,5,7,7,5,5,1,7,1,6,1,0
1766,2,2021,1,31,1,0,4,0,1,0,0,0,0,3,5,5,6,3,2,6,4,5,2,1,2,1,1,2,1
1767,2,2021,0,50,1,1,5,0,1,0,0,0,0,5,5,5,5,3,5,7,4,6,2,2,4,4,2,2,0
1768,2,2021,1,44,1,0,4,0,1,0,0,0,0,1,1,4,5,4,1,7,2,5,2,2,2,2,2,2,1
1769,2,2021,0,42,1,1,5,0,1,0,0,0,0,6,5,5,5,5,6,6,5,5,6,6,5,5,5,5,0
1770,2,2021,0,35,1,1,0,1,0,1,0,0,0,5,6,6,7,5,5,7,5,7,4,3,6,4,2,4,0
1771,2,2021,1,49,0,0,4,0,1,0,0,0,0,1,2,2,4,3,1,4,3,3,4,4,4,2,4,4,0
1772,2,2021,1,56,1,1,4,0,1,0,0,0,0,1,1,1,1,1,2,1,1,1,1,2,1,1,1,1,1
1773,2,2021,1,45,1,1,3,0,1,0,0,0,0,7,7,7,4,7,7,7,2,4,1,1,1,1,2,2,0
1774,2,2021,1,70,1,1,3,0,1,0,0,0,0,5,7,7,7,4,7,7,1,7,5,1,3,1,1,1,0
1775,2,2021,0,34,1,1,0,1,0,1,0,0,0,4,3,3,5,5,1,6,6,4,5,3,6,4,5,4,0
1776,2,2021,1,26,0,0,3,0,1,0,0,0,0,4,5,4,4,4,4,5,4,4,4,4,4,4,4,4,0
1777,2,2021,0,56,1,1,5,0,0,1,0,0,0,5,5,5,5,5,5,5,5,5,5,5,5,4,5,3,0
1778,2,2021,0,56,1,1,0,1,0,1,0,0,0,7,3,3,1,7,1,2,1,5,1,1,2,1,1,3,1
1779,2,2021,1,55,0,0,5,0,1,0,0,0,0,4,2,5,6,2,6,7,1,6,5,1,4,1,1,1,1
1780,2,2021,1,66,0,0,2,0,1,0,0,0,0,1,1,1,6,1,1,5,4,2,5,2,7,4,1,5,1
1781,2,2021,0,58,1,0,0,1,1,0,0,0,0,6,6,6,7,1,5,6,1,5,1,1,2,1,5,1,1
1782,2,2021,0,42,0,0,2,0,1,0,0,0,0,5,6,5,7,6,4,7,1,7,5,1,6,1,1,1,0
1783,2,2021,0,30,0,0,1,0,1,0,0,0,0,3,5,3,6,7,1,7,5,6,2,1,5,1,1,1,0
1784,2,2021,0,29,0,0,2,0,1,0,0,0,0,3,4,3,4,4,1,5,4,4,4,3,6,1,3,4,1
1785,2,2021,1,64,0,1,1,0,0,0,0,1,0,4,4,5,4,4,4,4,4,4,4,4,4,4,4,4,1
1786,2,2021,0,65,0,1,2,0,0,0,0,1,0,2,5,6,4,2,1,6,2,6,5,2,2,2,2,2,0
1787,2,2021,0,45,1,0,2,0,0,1,0,0,0,4,5,5,6,1,1,5,5,4,4,1,6,1,1,1,1
1788,2,2021,1,67,1,1,4,0,0,0,0,1,0,5,2,5,6,5,5,5,1,6,2,1,1,1,1,1,0
1789,2,2021,1,59,1,1,5,0,1,0,0,0,0,4,5,5,4,4,6,6,4,4,3,4,4,3,4,4,1
1790,2,2021,1,44,1,1,4,0,1,0,0,0,0,3,6,4,6,5,1,5,2,4,5,1,2,2,2,1,1
1791,2,2021,0,43,1,1,3,0,1,0,0,0,0,4,4,4,6,1,3,7,7,4,5,3,4,4,3,4,0
1792,2,2021,1,49,0,0,0,1,1,0,0,0,0,4,2,3,3,4,4,7,6,2,5,3,6,6,2,6,1
1793,2,2021,0,53,1,1,2,0,1,0,0,0,0,6,1,5,5,5,1,5,5,3,1,1,1,4,1,1,0
1794,2,2021,1,59,1,1,2,0,0,0,0,1,0,5,3,4,5,5,2,6,3,4,3,2,4,3,3,4,1
1795,2,2021,1,46,1,1,5,0,1,0,0,0,0,1,1,5,6,1,1,7,5,2,2,2,4,4,1,1,0
1796,2,2021,1,30,0,0,4,0,1,0,0,0,0,5,2,5,5,5,2,5,2,4,5,1,2,2,1,1,1
1797,2,2021,1,38,0,0,2,0,1,0,0,0,0,3,4,4,4,4,4,4,4,4,4,4,6,4,4,4,1
1798,2,2021,0,67,0,0,1,0,0,1,0,0,0,4,4,4,4,4,4,4,4,4,4,4,5,4,4,4,1
1799,2,2021,0,50,0,0,1,0,0,0,0,1,0,5,2,6,6,2,1,7,4,3,5,1,2,1,1,1,1
1800,2,2021,1,62,1,1,1,0,0,0,0,1,0,1,1,1,1,1,1,1,1,1,1,1,1,1,1,1,1
1801,2,2021,0,62,1,0,4,0,1,0,0,0,0,4,3,2,6,2,5,6,5,5,4,3,3,3,2,3,0
1802,2,2021,1,39,0,0,3,0,1,0,0,0,0,1,1,4,7,1,1,7,7,1,7,1,4,1,1,1,1
1803,2,2021,1,61,1,1,5,0,1,0,0,0,0,2,1,1,4,2,1,7,1,6,2,1,5,1,1,5,0
1804,2,2021,1,57,1,1,5,0,1,0,0,0,0,5,5,5,5,5,3,6,4,4,4,3,3,3,3,3,1
1805,2,2021,0,44,1,1,3,0,0,1,0,0,0,7,7,7,1,7,1,7,1,1,1,1,7,1,1,1,1
1806,2,2021,0,61,1,1,3,0,0,1,0,0,0,4,5,5,4,2,2,4,4,4,4,4,4,4,4,4,1
1807,2,2021,1,51,1,1,5,0,1,0,0,0,0,5,3,4,4,4,4,4,3,5,3,3,4,4,2,4,1
1808,2,2021,1,55,1,1,3,0,1,0,0,0,0,1,1,3,1,1,1,1,1,1,1,1,1,1,1,1,1
1809,2,2021,1,58,0,0,4,0,1,0,0,0,0,3,1,1,1,4,4,6,6,6,6,4,6,4,4,5,0
1810,2,2021,0,48,1,1,4,0,0,1,0,0,0,4,2,4,4,4,4,4,4,4,4,4,4,4,4,4,0
1811,2,2021,0,68,1,0,2,0,0,1,0,0,0,4,5,5,4,3,3,6,4,3,5,4,3,3,4,4,1
1812,2,2021,0,52,0,1,0,1,1,0,0,0,0,3,5,4,7,4,4,7,5,4,4,5,4,7,6,4,1
1813,2,2021,0,48,0,0,3,0,1,0,0,0,0,6,6,6,5,1,5,7,1,5,1,1,1,1,1,1,1
1814,2,2021,1,48,0,0,2,0,1,0,0,0,0,1,1,1,1,1,1,1,1,1,1,1,1,1,1,1,1
1815,2,2021,1,44,1,1,5,0,1,0,0,0,0,3,2,5,5,4,3,5,2,5,2,2,2,2,2,2,0
1816,2,2021,1,48,0,0,0,1,1,0,0,0,0,4,1,2,7,1,1,3,4,2,4,1,6,5,1,1,1
1817,2,2021,0,72,0,1,2,0,0,0,0,1,0,1,1,6,1,1,1,1,1,6,1,1,1,1,1,1,1
1818,2,2021,1,53,0,0,1,0,0,0,0,1,0,5,1,2,3,4,1,7,1,4,2,1,1,1,1,1,1
1819,2,2021,0,65,1,1,2,0,0,0,0,1,0,4,3,3,6,4,1,7,4,4,1,1,2,1,1,1,0
1820,2,2021,1,52,1,1,2,0,1,0,0,0,0,5,5,6,7,2,1,6,2,4,6,2,5,2,3,5,1
1821,2,2021,1,56,1,1,5,0,1,0,0,0,0,5,6,5,7,2,2,7,1,7,1,1,1,1,1,1,0
1822,2,2021,1,32,1,1,3,0,1,0,0,0,0,4,5,6,5,5,5,6,2,4,2,2,2,1,2,4,1
1823,2,2021,0,67,1,1,0,1,0,1,0,0,0,2,5,5,6,2,5,6,3,3,5,2,3,3,3,2,1
1824,2,2021,1,50,1,0,2,0,1,0,0,0,0,1,1,1,2,1,1,1,1,1,1,1,1,1,1,1,1
1825,2,2021,1,73,0,0,4,0,1,0,0,0,0,6,6,6,5,6,6,6,2,6,3,3,2,2,3,5,0
1826,2,2021,1,50,0,1,2,0,1,0,0,0,0,1,1,1,7,1,1,7,7,1,4,4,7,1,5,7,1
1827,2,2021,1,54,0,0,2,0,1,0,0,0,0,4,4,4,4,2,4,7,4,4,5,4,6,4,4,5,1
1828,2,2021,0,63,1,1,2,0,0,1,0,0,0,5,1,5,5,1,5,5,5,4,5,1,4,1,2,1,1
1829,2,2021,0,40,0,0,0,1,1,0,0,0,0,4,4,6,5,5,5,3,2,4,2,1,2,2,1,1,1
1830,2,2021,1,68,0,1,5,0,0,0,0,1,0,2,5,4,4,2,3,7,6,4,5,4,5,5,5,4,1
1831,2,2021,1,48,0,0,1,0,1,0,0,0,0,4,4,4,5,5,5,4,4,5,4,4,5,4,6,5,1
1832,2,2021,1,71,1,1,3,0,0,0,0,1,0,5,7,6,3,1,1,7,1,5,1,1,4,4,1,1,1
1833,2,2021,1,54,0,0,1,0,0,0,0,1,0,5,2,6,5,2,1,7,5,1,1,1,7,4,1,1,1
1834,2,2021,0,25,1,1,0,1,0,1,0,0,0,4,4,4,4,4,4,4,4,4,4,4,4,4,4,4,0
1835,2,2021,1,49,1,1,3,0,1,0,0,0,0,4,4,4,4,4,4,4,4,4,3,4,4,4,4,4,0
1836,2,2021,0,37,0,0,5,0,1,0,0,0,0,5,5,5,6,5,1,6,2,4,1,1,1,1,1,1,1
1837,2,2021,1,57,1,1,5,0,1,0,0,0,0,5,5,5,6,5,3,6,1,6,1,1,1,1,1,1,0
1838,2,2021,1,50,1,1,3,0,1,0,0,0,0,4,4,4,4,4,4,4,4,4,4,4,4,4,4,4,1
1839,2,2021,1,48,1,1,5,0,1,0,0,0,0,5,5,4,5,2,1,5,2,4,2,1,1,3,2,1,1
1840,2,2021,0,49,0,0,1,0,1,0,0,0,0,5,4,3,5,4,5,4,6,4,6,6,3,4,4,4,1
1841,2,2021,0,35,1,1,0,1,0,1,0,0,0,4,5,4,5,6,5,7,5,3,4,1,4,4,4,4,0
1842,2,2021,1,37,0,0,2,0,0,0,0,1,0,1,5,5,6,4,1,5,4,2,4,1,3,4,2,1,1
1843,2,2021,1,23,0,0,1,0,1,0,0,0,0,4,4,4,4,4,4,4,3,4,4,4,4,4,4,4,1
1844,2,2021,0,37,0,0,0,1,1,0,0,0,0,4,4,4,4,4,4,4,4,4,4,4,4,4,4,4,0
1845,2,2021,0,30,0,0,4,0,1,0,0,0,0,5,6,5,3,4,5,7,5,4,5,2,4,3,1,3,0
1846,2,2021,0,45,1,0,4,0,1,0,0,0,0,5,2,5,3,3,2,5,4,3,3,4,3,4,3,3,0
1847,2,2021,0,27,0,0,2,0,1,0,0,0,0,5,3,5,5,4,6,5,6,2,5,4,4,3,5,5,1
1848,2,2021,1,59,0,1,4,0,0,0,0,0,1,4,1,3,4,4,1,7,1,5,1,4,1,1,1,1,1
1849,2,2021,0,52,0,0,2,0,1,0,0,0,0,6,5,5,7,5,1,7,3,4,6,4,1,1,5,5,0
1850,2,2021,0,44,1,1,4,0,0,1,0,0,0,5,5,5,5,5,5,6,4,5,5,4,4,4,4,5,0
1851,2,2021,0,60,1,1,2,0,0,1,0,0,0,5,4,5,6,5,5,7,4,6,5,3,6,3,3,2,0
1852,2,2021,1,68,1,1,2,0,0,0,0,1,0,4,3,4,4,2,2,5,2,4,3,1,2,2,2,1,1
1853,2,2021,0,44,1,1,2,0,0,1,0,0,0,5,5,4,5,3,1,5,5,4,3,3,5,4,3,4,0
1854,2,2021,0,64,1,1,0,1,0,1,0,0,0,6,6,6,6,5,5,6,1,6,1,1,1,1,1,1,1
1855,2,2021,0,41,1,1,5,0,1,0,0,0,0,6,1,6,5,6,1,7,2,5,3,3,6,4,4,4,0
1856,2,2021,0,81,1,1,0,1,0,1,0,0,0,5,6,6,5,7,1,7,4,6,4,3,5,6,4,4,0
1857,2,2021,0,39,1,1,3,0,0,1,0,0,0,5,7,7,7,1,6,7,1,7,1,1,1,1,1,1,1
1858,2,2021,1,57,1,1,5,0,1,0,0,0,0,6,6,6,5,4,6,7,3,5,3,4,5,5,4,4,0
1859,2,2021,0,44,0,0,4,0,1,0,0,0,0,2,2,6,4,2,2,7,4,5,4,4,4,5,4,5,1
1860,2,2021,1,34,0,0,3,0,1,0,0,0,0,6,5,5,5,2,2,7,2,5,1,1,2,1,2,1,1
1861,2,2021,1,36,1,1,3,0,1,0,0,0,0,3,3,4,3,3,4,4,3,3,4,4,4,2,4,3,0
1862,2,2021,1,49,1,1,3,0,1,0,0,0,0,2,3,2,2,3,2,4,5,2,3,3,2,2,3,5,0
1863,2,2021,0,50,1,0,3,0,1,0,0,0,0,5,5,5,5,5,5,5,5,5,5,5,5,5,4,4,1
1864,2,2021,1,38,0,0,2,0,1,0,0,0,0,1,1,1,1,1,1,1,1,1,1,1,1,1,1,1,1
1865,2,2021,0,40,1,1,1,0,1,0,0,0,0,4,4,4,4,4,4,4,4,4,4,4,4,4,4,4,1
1866,2,2021,1,49,0,1,1,0,0,0,0,1,0,1,1,1,2,5,5,6,4,3,5,4,3,2,2,2,1
1867,2,2021,1,73,1,1,2,0,0,0,0,1,0,1,1,1,2,1,1,1,1,1,1,1,1,1,1,1,1
1868,2,2021,1,69,1,1,5,0,0,0,0,1,0,7,7,7,7,7,7,7,1,7,1,1,1,1,1,1,0
1869,2,2021,1,66,0,0,0,1,0,0,0,1,0,4,3,5,6,4,4,4,5,5,5,5,5,5,5,5,1
1870,2,2021,0,46,0,0,0,1,1,0,0,0,0,4,5,5,4,4,4,4,4,4,4,4,4,4,4,4,1
1871,2,2021,1,71,0,0,1,0,0,0,0,1,0,4,3,4,6,1,1,7,1,4,1,1,2,4,1,1,1
1872,2,2021,0,57,1,1,5,0,1,0,0,0,0,2,2,2,1,1,1,1,2,1,1,1,1,1,1,1,1
1873,2,2021,0,48,1,0,4,0,1,0,0,0,0,5,2,5,6,4,2,6,3,6,4,2,4,4,5,5,1
1874,2,2021,1,45,0,0,5,0,1,0,0,0,0,1,1,1,5,1,1,1,4,1,4,4,7,1,4,4,1
1875,2,2021,0,52,1,1,5,0,0,1,0,0,0,5,5,5,5,5,5,6,5,5,5,5,5,3,5,5,0
1876,2,2021,0,67,1,1,3,0,1,0,0,0,0,3,2,4,6,5,5,5,3,6,2,2,4,2,2,3,0
1877,2,2021,1,48,0,0,2,0,0,0,0,1,0,6,1,4,4,7,1,6,7,3,5,1,4,5,1,1,0
1878,2,2021,0,42,1,1,0,1,0,1,0,0,0,1,4,4,5,1,1,7,7,5,6,2,5,2,2,2,1
1879,2,2021,1,50,1,0,3,0,1,0,0,0,0,4,3,5,3,4,5,3,4,4,5,3,5,4,4,4,1
1880,2,2021,0,33,0,0,0,1,1,0,0,0,0,2,3,2,4,1,1,6,2,4,1,1,5,1,1,1,1
1881,2,2021,0,50,1,1,5,0,0,1,0,0,0,3,1,5,7,7,5,7,1,7,4,1,1,1,1,1,0
1882,2,2021,1,51,1,1,5,0,1,0,0,0,0,3,4,3,3,3,2,5,5,3,5,4,6,4,4,6,1
1883,2,2021,1,45,1,1,5,0,1,0,0,0,0,2,5,4,6,3,1,5,1,5,3,1,2,2,3,3,1
1884,2,2021,1,43,1,1,3,0,1,0,0,0,0,3,5,5,6,5,2,6,4,3,5,5,4,5,4,3,0
1885,2,2021,1,54,1,1,5,0,1,0,0,0,0,5,2,4,5,7,1,5,2,4,1,1,2,1,1,1,1
1886,2,2021,0,73,1,1,4,0,1,0,0,0,0,2,7,5,7,2,2,7,1,7,2,1,1,1,1,1,0
1887,2,2021,0,63,1,1,0,1,0,1,0,0,0,2,1,5,6,5,5,6,3,6,2,2,6,5,2,4,0
1888,2,2021,0,45,1,1,5,0,1,0,0,0,0,6,6,5,5,3,4,5,5,4,5,5,3,3,2,4,0
1889,2,2021,1,45,1,1,0,1,1,0,0,0,0,4,4,4,4,4,4,4,4,4,4,4,4,4,4,4,1
1890,2,2021,1,37,1,1,4,0,1,0,0,0,0,4,4,4,4,4,4,5,4,4,4,4,4,4,4,4,1
1891,2,2021,0,45,1,1,0,1,1,0,0,0,0,3,4,3,1,4,4,3,1,4,3,4,1,3,4,1,0
1892,2,2021,1,44,1,0,4,0,1,0,0,0,0,2,5,5,4,4,1,7,4,4,5,1,4,1,1,5,1
1893,2,2021,1,70,0,0,2,0,0,0,0,1,0,6,5,4,6,1,6,7,1,4,4,1,5,1,1,1,1
1894,2,2021,1,37,0,0,4,0,1,0,0,0,0,4,5,5,5,3,2,6,3,4,4,4,2,2,4,3,0
1895,2,2021,0,38,1,1,0,1,1,0,0,0,0,5,5,5,6,5,1,7,5,5,4,3,6,4,3,4,0
1896,2,2021,0,58,0,1,2,0,1,0,0,0,0,5,4,4,4,3,3,6,4,4,4,2,5,4,3,3,1
1897,2,2021,1,41,0,0,0,1,1,0,0,0,0,5,2,6,6,3,1,5,1,4,3,1,1,2,1,1,1
1898,2,2021,1,55,1,1,0,1,1,0,0,0,0,4,4,4,4,4,4,4,4,4,3,4,4,4,4,4,1
1899,2,2021,1,58,1,1,3,0,1,0,0,0,0,5,4,5,4,4,4,5,5,5,5,5,5,5,5,5,0
1900,2,2021,1,45,0,0,2,0,1,0,0,0,0,7,6,5,5,7,1,7,7,6,7,1,4,1,4,7,0
1901,2,2021,1,57,1,1,5,0,1,0,0,0,0,4,5,5,6,1,5,7,1,5,4,1,4,1,1,1,1
1902,2,2021,0,33,1,0,3,0,1,0,0,0,0,1,2,2,5,1,1,5,2,3,1,1,5,1,2,1,1
1903,2,2021,1,66,1,1,4,0,1,0,0,0,0,5,7,4,7,2,2,7,2,6,2,1,4,2,1,1,1
1904,2,2021,0,35,1,1,5,0,1,0,0,0,0,1,1,1,7,1,1,1,1,1,1,1,1,1,1,1,1
1905,2,2021,1,40,1,1,4,0,1,0,0,0,0,5,5,5,6,5,5,5,4,5,4,4,2,4,4,4,1
1906,2,2021,0,64,1,1,0,1,0,1,0,0,0,1,1,6,7,1,7,7,4,4,7,5,5,4,5,5,0
1907,2,2021,1,58,1,1,5,0,1,0,0,0,0,1,1,1,7,4,4,7,1,1,5,1,7,1,1,1,0
1908,2,2021,0,22,0,0,0,1,0,0,1,0,0,5,5,5,4,6,3,4,4,4,4,3,5,4,4,3,0
1909,2,2021,0,46,1,1,5,0,1,0,0,0,0,4,5,4,4,4,4,4,4,4,5,4,4,4,4,4,1
1910,2,2021,1,54,1,1,0,1,1,0,0,0,0,2,2,2,6,4,1,6,1,4,1,1,2,1,1,1,0
1911,2,2021,0,49,1,1,0,1,0,1,0,0,0,5,5,5,6,6,2,6,5,6,5,2,4,4,4,4,0
1912,2,2021,1,47,1,1,5,0,1,0,0,0,0,4,5,5,5,5,3,4,4,5,4,4,4,3,4,4,0
1913,2,2021,0,36,1,1,2,0,1,0,0,0,0,1,1,3,5,3,1,7,6,3,6,1,5,6,1,4,0
1914,2,2021,0,68,1,1,4,0,0,1,0,0,0,5,6,6,7,5,1,7,1,5,4,1,1,1,1,1,0
1915,2,2021,1,62,0,0,2,0,1,0,0,0,0,5,5,4,5,4,4,4,4,5,4,4,4,4,4,4,1
1916,2,2021,1,56,0,0,0,1,1,0,0,0,0,4,2,5,6,2,2,6,4,6,5,5,6,4,4,3,0
1917,2,2021,0,50,0,0,2,0,1,0,0,0,0,5,6,5,7,4,3,7,2,4,3,1,4,1,2,2,1
1918,2,2021,0,36,0,0,2,0,1,0,0,0,0,6,1,5,1,6,3,7,4,1,5,2,7,2,2,7,0
1919,2,2021,1,56,1,1,3,0,1,0,0,0,0,1,1,1,7,1,4,6,2,7,4,2,6,1,3,5,1
1920,2,2021,1,35,1,1,5,0,1,0,0,0,0,4,1,6,5,7,4,7,7,4,5,3,1,3,1,4,1
1921,2,2021,1,61,1,1,5,0,1,0,0,0,0,4,6,4,6,4,5,6,3,5,4,2,4,2,2,1,1
1922,2,2021,1,42,0,0,2,0,1,0,0,0,0,7,7,7,7,7,7,7,1,7,1,1,1,1,1,1,0
1923,2,2021,1,43,1,1,5,0,1,0,0,0,0,1,1,1,4,2,1,5,3,4,3,3,3,3,3,5,1
1924,2,2021,0,48,1,0,5,0,1,0,0,0,0,6,6,6,5,2,2,5,1,5,1,1,4,1,1,5,0
1925,2,2021,0,49,0,0,0,1,0,0,0,1,0,5,7,5,2,2,2,7,7,2,5,5,3,2,2,2,1
1926,2,2021,0,44,1,0,4,0,0,1,0,0,0,1,1,1,7,1,5,7,1,1,5,4,1,1,1,1,1
1927,2,2021,1,27,0,0,0,1,1,0,0,0,0,4,4,4,4,4,4,4,4,4,4,4,5,4,4,4,1
1928,2,2021,1,50,0,0,2,0,1,0,0,0,0,6,7,2,1,1,1,4,5,2,5,2,6,1,1,1,1
1929,2,2021,1,58,0,1,2,0,1,0,0,0,0,2,2,2,2,3,1,2,1,2,2,2,2,1,2,2,1
1930,2,2021,1,60,1,1,0,1,1,0,0,0,0,5,1,1,5,4,1,2,1,6,1,1,1,1,1,5,0
1931,2,2021,1,56,1,1,5,0,1,0,0,0,0,5,6,6,6,4,4,5,2,4,2,2,2,2,2,2,0
1932,2,2021,1,36,1,0,3,0,1,0,0,0,0,4,4,4,4,4,4,4,3,4,4,5,4,4,4,4,1
1933,2,2021,1,62,0,0,3,0,1,0,0,0,0,6,7,6,6,2,2,6,5,6,4,1,4,2,5,6,1
1934,2,2021,0,52,1,1,2,0,0,1,0,0,0,6,5,6,5,5,5,7,7,5,5,1,1,1,1,1,0
1935,2,2021,1,46,1,1,5,0,1,0,0,0,0,4,3,3,2,4,3,3,3,4,4,5,5,4,3,5,1
1936,2,2021,0,38,0,0,2,0,0,0,0,1,0,5,7,3,5,5,1,7,4,4,4,4,4,1,1,5,1
1937,2,2021,0,50,1,1,0,1,0,1,0,0,0,4,5,5,3,5,4,5,5,3,5,1,1,2,1,1,1
1938,2,2021,0,38,0,0,2,0,0,0,0,0,1,6,1,5,2,6,6,7,5,5,5,1,4,4,1,2,1
1939,2,2021,1,31,0,0,1,0,1,0,0,0,0,4,6,4,4,4,1,2,3,5,2,1,5,5,1,4,1
1940,2,2021,0,35,0,0,3,0,1,0,0,0,0,1,1,1,5,5,1,7,1,1,5,1,4,1,1,1,1
1941,2,2021,1,43,1,1,3,0,1,0,0,0,0,4,4,4,4,4,4,4,4,4,4,2,4,4,2,4,0
1942,2,2021,0,45,1,0,3,0,0,1,0,0,0,1,1,1,4,5,1,7,1,4,4,1,4,1,1,1,1
1943,2,2021,0,38,0,0,0,1,0,0,0,1,0,2,4,4,2,1,1,6,4,3,5,1,4,1,1,1,0
1944,2,2021,1,46,1,1,3,0,1,0,0,0,0,1,1,1,4,1,1,5,1,4,1,1,3,1,1,1,1
1945,2,2021,0,52,1,0,0,1,0,1,0,0,0,4,4,4,4,3,4,4,4,4,4,4,4,4,4,4,1
1946,2,2021,1,56,1,1,1,0,0,0,0,1,0,7,7,7,7,7,7,7,1,7,1,1,1,1,1,1,0
1947,2,2021,1,54,1,1,2,0,1,0,0,0,0,1,5,5,7,2,1,7,1,4,1,1,7,1,1,1,0
1948,2,2021,1,73,1,1,2,0,0,0,0,1,0,5,5,6,6,3,3,7,1,7,1,1,1,1,1,1,0
1949,2,2021,1,54,1,1,1,0,1,0,0,0,0,1,1,4,3,1,1,6,1,4,5,1,5,1,2,4,1
1950,2,2021,1,43,1,1,3,0,1,0,0,0,0,4,1,7,7,5,4,4,4,4,4,4,4,4,4,4,1
1951,2,2021,1,67,1,0,0,1,1,0,0,0,0,1,1,5,7,7,1,7,2,5,5,2,4,1,3,1,1
1952,2,2021,1,56,1,1,5,0,1,0,0,0,0,3,6,5,4,3,3,6,1,5,1,1,4,2,1,1,0
1953,2,2021,1,60,0,0,1,0,1,0,0,0,0,2,3,3,2,1,1,7,7,2,7,5,7,5,4,4,1
1954,2,2021,1,36,0,0,0,1,0,0,0,0,1,5,3,4,4,2,1,7,3,5,6,3,1,2,1,4,1
1955,2,2021,0,42,1,1,4,0,1,0,0,0,0,5,4,5,4,3,1,6,5,4,4,4,4,4,4,4,0
1956,2,2021,0,29,0,0,2,0,1,0,0,0,0,4,4,4,4,4,4,4,4,4,4,4,4,4,4,4,1
1957,2,2021,1,37,1,1,1,0,1,0,0,0,0,4,4,4,7,4,4,7,1,4,4,1,6,4,4,4,0
1958,2,2021,1,49,1,1,0,1,1,0,0,0,0,1,1,1,2,1,1,4,1,4,2,1,2,1,1,1,1
1959,2,2021,1,43,1,1,0,1,1,0,0,0,0,5,4,4,4,5,4,6,4,4,5,4,5,4,4,4,1
1960,2,2021,1,54,1,1,5,0,1,0,0,0,0,1,1,1,1,1,1,1,1,1,1,1,1,1,1,1,1
1961,2,2021,0,53,1,1,0,1,1,0,0,0,0,4,5,5,5,5,6,6,2,5,3,2,2,2,2,2,0
1962,2,2021,0,42,1,1,5,0,1,0,0,0,0,5,2,5,7,4,1,7,1,5,5,5,1,1,1,1,0
1963,2,2021,1,48,0,0,4,0,1,0,0,0,0,4,2,5,4,5,4,5,2,4,2,2,2,3,2,2,1
1964,2,2021,1,71,1,0,3,0,1,0,0,0,0,6,7,6,7,5,1,7,7,7,7,7,5,7,7,6,0
1965,2,2021,0,28,1,0,0,1,1,0,0,0,0,1,1,1,7,3,1,7,6,1,7,1,1,1,1,1,1
1966,2,2021,1,32,1,1,4,0,1,0,0,0,0,6,2,4,5,5,1,6,1,6,1,1,1,1,1,1,0
1967,2,2021,0,43,1,0,0,1,1,0,0,0,0,3,3,3,4,4,4,4,4,4,4,4,4,4,4,3,0
1968,2,2021,1,48,1,1,5,0,1,0,0,0,0,2,2,1,1,2,2,1,2,2,2,2,4,2,3,3,0
1969,2,2021,0,42,1,0,3,0,1,0,0,0,0,5,5,5,4,1,1,7,3,5,3,1,3,2,1,2,1
1970,2,2021,0,56,1,1,0,1,1,0,0,0,0,7,1,5,7,1,1,7,5,5,5,1,4,1,1,1,1
1971,2,2021,0,38,0,0,2,0,1,0,0,0,0,7,7,7,7,1,1,7,1,7,1,1,1,1,1,1,1
1972,2,2021,1,46,1,1,0,1,1,0,0,0,0,3,4,4,4,3,4,6,4,4,4,1,4,4,1,1,1
1973,2,2021,1,57,0,0,4,0,1,0,0,0,0,1,1,5,1,1,1,1,1,1,1,1,1,1,1,1,1
1974,2,2021,1,58,1,1,5,0,1,0,0,0,0,3,4,4,3,4,4,4,4,4,4,5,4,4,4,3,0
1975,2,2021,0,22,0,0,0,1,1,0,0,0,0,2,2,2,3,2,2,3,4,3,5,3,4,7,3,7,0
1976,2,2021,1,55,0,0,2,0,1,0,0,0,0,4,4,4,4,3,2,3,4,4,4,4,4,4,4,4,1
1977,2,2021,1,46,1,1,4,0,1,0,0,0,0,6,7,5,6,5,5,5,4,4,5,6,5,6,3,6,1
1978,2,2021,1,43,1,1,5,0,1,0,0,0,0,3,5,3,3,5,3,5,5,5,5,2,5,3,5,5,1
1979,2,2021,1,47,0,0,4,0,1,0,0,0,0,5,4,3,4,4,4,4,4,4,4,4,4,3,4,4,1
1980,2,2021,0,43,1,1,0,1,0,1,0,0,0,2,2,6,2,4,2,6,6,2,6,6,4,6,5,6,1
1981,2,2021,1,59,1,1,0,1,1,0,0,0,0,7,1,1,7,7,1,7,1,7,7,1,1,1,1,1,1
1982,2,2021,1,49,0,0,5,0,1,0,0,0,0,5,5,4,3,5,4,4,4,3,4,5,4,5,4,4,0
1983,2,2021,0,29,1,1,2,0,1,0,0,0,0,1,1,1,5,6,5,5,5,4,5,5,5,5,5,5,0
1984,2,2021,1,72,1,1,0,1,1,0,0,0,0,5,5,5,5,5,4,5,4,4,4,4,5,4,4,5,1
1985,2,2021,1,40,1,1,5,0,1,0,0,0,0,3,7,4,7,4,2,7,1,6,3,1,4,1,1,1,1
1986,2,2021,0,44,0,0,1,0,1,0,0,0,0,4,4,4,2,3,1,7,5,2,5,3,6,5,2,5,1
1987,2,2021,1,31,0,0,1,0,1,0,0,0,0,4,6,4,4,5,3,6,3,4,2,2,4,3,1,2,1
1988,2,2021,0,31,1,0,3,0,1,0,0,0,0,6,5,6,4,5,4,4,4,5,5,4,7,3,4,4,0
1989,2,2021,1,48,1,1,5,0,1,0,0,0,0,4,5,5,6,5,2,7,5,6,5,3,3,2,2,2,0
1990,2,2021,0,28,0,0,0,1,1,0,0,0,0,3,2,6,4,2,3,3,3,3,3,3,3,3,3,3,1
1991,2,2021,0,22,1,1,0,1,0,1,0,0,0,4,4,4,5,4,4,4,4,4,2,4,4,4,4,4,1
1992,2,2021,0,32,0,0,0,1,1,0,0,0,0,6,5,4,4,1,5,7,1,4,2,1,2,1,1,1,1
1993,2,2021,1,49,1,1,5,0,1,0,0,0,0,4,5,5,4,4,4,4,4,4,4,4,4,4,4,4,1
1994,2,2021,0,39,0,0,0,1,1,0,0,0,0,5,5,5,5,5,4,5,4,5,5,5,5,5,5,5,1
1995,2,2021,0,30,1,1,0,1,0,1,0,0,0,5,6,5,5,4,6,5,6,4,2,2,3,1,2,2,0
1996,2,2021,1,72,1,1,0,1,0,0,0,1,0,6,6,6,6,6,4,6,2,6,2,2,2,2,2,2,0
1997,2,2021,0,36,1,1,3,0,1,0,0,0,0,5,5,4,6,4,4,5,6,4,6,5,6,4,4,5,1
1998,2,2021,1,52,0,0,3,0,1,0,0,0,0,4,4,4,4,3,3,3,4,4,4,4,4,4,4,4,1
1999,2,2021,1,56,1,1,5,0,1,0,0,0,0,7,7,5,7,1,1,7,1,7,6,1,7,1,2,5,0
2000,2,2021,1,73,1,1,2,0,0,0,0,1,0,2,7,2,7,1,1,7,5,4,5,4,3,4,3,1,1
2001,2,2021,0,31,1,1,3,0,1,0,0,0,0,2,1,4,6,7,1,7,2,5,2,2,1,2,1,1,0
2002,2,2021,1,31,1,0,5,0,1,0,0,0,0,4,4,4,4,4,4,4,3,4,3,4,3,4,4,3,1
2003,2,2021,0,56,0,0,0,1,0,0,0,0,1,1,4,4,5,4,1,7,1,4,4,1,4,2,1,1,1
2004,2,2021,1,44,0,0,0,1,1,0,0,0,0,5,5,5,5,5,2,6,5,3,4,4,6,4,4,5,0
2005,2,2021,1,35,0,0,3,0,1,0,0,0,0,6,5,3,1,1,1,5,1,4,3,1,1,1,1,1,1
2006,2,2021,0,63,1,1,4,0,1,0,0,0,0,6,5,5,7,5,5,6,2,5,3,1,4,2,3,2,0
2007,2,2021,0,54,0,0,3,0,1,0,0,0,0,5,1,2,2,3,1,7,2,5,2,2,4,4,5,5,1
2008,2,2021,0,40,1,1,0,1,0,1,0,0,0,4,4,6,6,5,1,7,4,4,4,4,4,1,4,3,0
2009,2,2021,1,62,1,1,3,0,1,0,0,0,0,4,7,7,7,1,1,7,1,7,5,1,4,1,1,1,0
2010,2,2021,1,54,1,1,5,0,1,0,0,0,0,4,2,4,4,4,4,5,4,4,5,4,4,3,4,4,1
2011,2,2021,1,37,0,0,5,0,1,0,0,0,0,1,1,1,1,1,1,1,6,1,1,1,1,7,1,1,1
2012,2,2021,0,52,1,1,5,0,0,1,0,0,0,5,3,4,4,2,2,6,5,5,4,4,3,4,4,4,1
2013,2,2021,1,52,0,0,2,0,1,0,0,0,0,4,2,4,4,2,2,5,4,5,2,1,6,2,2,2,1
2014,2,2021,0,60,0,1,4,0,1,0,0,0,0,3,5,5,5,2,1,7,5,4,5,4,3,3,3,3,1
2015,2,2021,1,67,0,0,0,1,0,0,0,1,0,6,7,4,6,4,4,6,2,6,2,2,2,3,2,2,0
2016,2,2021,0,30,0,0,4,0,1,0,0,0,0,4,3,5,2,6,1,4,1,6,1,1,4,2,1,1,0
2017,2,2021,1,58,1,1,4,0,0,0,0,1,0,6,6,2,2,2,3,6,2,1,5,1,4,2,3,1,1
2018,2,2021,1,59,1,1,0,1,1,0,0,0,0,5,5,5,5,5,5,5,5,5,5,5,5,5,5,5,1
2019,2,2021,0,29,1,1,0,1,0,1,0,0,0,5,1,5,4,1,5,5,7,4,6,4,3,3,2,5,1
2020,2,2021,1,44,1,1,0,1,1,0,0,0,0,4,4,4,4,4,4,4,4,3,4,4,4,4,4,4,1
2021,2,2021,0,61,0,1,0,1,1,0,0,0,0,5,5,4,7,7,4,7,1,5,2,1,1,1,1,1,0
2022,2,2021,1,60,1,1,5,0,1,0,0,0,0,5,5,5,4,5,6,4,5,6,5,5,4,5,5,2,0
2023,2,2021,0,41,0,0,0,1,1,0,0,0,0,1,2,3,7,2,1,7,5,2,6,3,3,4,3,1,1
2024,2,2021,0,35,1,1,4,0,0,1,0,0,0,1,1,4,5,4,4,7,5,1,7,4,1,1,1,1,1
2025,2,2021,0,50,1,1,5,0,1,0,0,0,0,3,5,5,6,5,3,5,3,5,4,4,2,2,4,5,0
2026,2,2021,0,49,1,1,0,1,0,1,0,0,0,1,7,7,7,1,1,7,1,4,1,1,1,1,1,1,1
2027,2,2021,0,37,0,1,0,1,1,0,0,0,0,5,5,3,7,4,2,7,7,7,3,1,2,2,2,2,0
2028,2,2021,1,49,1,1,3,0,1,0,0,0,0,5,5,5,2,2,3,7,2,5,3,3,2,2,3,4,0
2029,2,2021,0,40,1,0,1,0,1,0,0,0,0,1,1,1,4,1,1,6,5,1,5,5,1,1,5,5,1
2030,2,2021,1,36,0,0,0,1,1,0,0,0,0,4,4,4,4,4,4,4,4,4,4,4,4,4,4,4,1
2031,2,2021,1,46,1,1,5,0,1,0,0,0,0,6,6,5,7,6,2,6,4,6,5,2,3,3,5,3,0
2032,2,2021,1,44,1,1,2,0,1,0,0,0,0,5,5,4,5,4,4,4,5,5,4,4,5,4,3,4,0
2033,2,2021,0,26,0,0,0,1,1,0,0,0,0,4,4,2,4,6,5,7,6,6,7,2,5,1,1,4,1
2034,2,2021,1,37,0,0,2,0,1,0,0,0,0,4,5,2,1,5,4,7,5,1,4,4,4,1,1,1,1
2035,2,2021,0,46,1,1,3,0,0,1,0,0,0,1,1,1,7,1,1,7,7,4,7,5,5,4,4,4,1
2036,2,2021,1,31,0,0,3,0,1,0,0,0,0,5,4,4,4,4,5,6,6,3,5,5,5,4,4,4,0
2037,2,2021,0,72,1,1,0,1,0,1,0,0,0,4,5,4,4,4,4,4,4,4,4,4,4,4,4,4,1
2038,2,2021,0,30,0,1,3,0,1,0,0,0,0,7,6,7,7,7,2,6,2,7,2,2,2,2,1,1,0
2039,2,2021,1,55,1,0,3,0,1,0,0,0,0,4,4,4,5,5,5,4,4,4,4,4,4,4,4,4,1
2040,2,2021,1,58,1,1,5,0,1,0,0,0,0,4,5,5,4,4,5,4,5,4,4,4,5,4,5,4,0
2041,2,2021,0,46,1,1,4,0,0,1,0,0,0,4,3,6,6,7,1,7,1,6,7,2,1,1,1,2,1
2042,2,2021,0,34,1,1,3,0,0,1,0,0,0,2,2,2,5,5,1,6,3,4,2,1,4,3,2,1,0
2043,2,2021,1,61,0,1,2,0,1,0,0,0,0,4,4,4,6,1,1,6,1,4,1,1,1,1,1,1,1
2044,2,2021,0,61,1,1,3,0,1,0,0,0,0,4,3,4,4,4,4,4,2,4,4,4,6,3,4,4,0
2045,2,2021,1,65,1,0,0,1,1,0,0,0,0,5,5,5,5,2,5,6,2,5,2,2,2,2,2,2,0
2046,2,2021,1,46,0,0,5,0,0,0,0,1,0,6,5,5,3,5,4,5,4,6,2,1,4,4,2,1,1
2047,2,2021,1,54,1,1,5,0,1,0,0,0,0,5,5,4,5,6,1,4,4,4,5,1,4,3,2,2,1
2048,2,2021,1,58,1,1,3,0,1,0,0,0,0,4,7,5,5,4,4,5,4,4,4,4,4,4,4,4,0
2049,2,2021,1,52,1,1,5,0,1,0,0,0,0,3,4,3,5,2,1,5,4,4,3,2,5,4,3,5,0
2050,2,2021,0,33,0,0,3,0,1,0,0,0,0,4,3,5,5,4,4,5,4,5,3,5,4,5,5,4,1
2051,2,2021,1,54,1,1,0,1,1,0,0,0,0,4,6,5,7,1,1,7,1,4,1,1,2,1,1,2,0
2052,2,2021,1,67,1,1,2,0,1,0,0,0,0,1,1,1,1,1,1,1,1,1,1,1,1,1,1,1,1
2053,2,2021,1,52,1,0,3,0,1,0,0,0,0,6,6,6,6,4,5,7,6,6,6,6,6,6,6,6,0
2054,2,2021,1,57,1,1,5,0,1,0,0,0,0,4,7,5,4,5,1,5,4,6,5,2,4,5,2,2,0
2055,2,2021,1,50,1,1,5,0,1,0,0,0,0,1,1,3,5,2,1,7,5,4,6,2,4,3,2,3,1
2056,2,2021,0,34,0,0,2,0,1,0,0,0,0,6,5,5,3,5,1,6,3,4,5,2,4,1,6,5,0
2057,2,2021,1,57,1,0,0,1,1,0,0,0,0,4,4,4,4,3,3,4,1,3,1,1,4,1,1,1,1
2058,2,2021,1,57,1,1,3,0,1,0,0,0,0,2,1,1,6,2,1,1,4,5,1,1,5,4,1,6,1
2059,2,2021,1,59,0,0,5,0,1,0,0,0,0,2,2,2,5,2,2,7,2,4,2,2,2,2,2,2,1
2060,2,2021,0,32,0,0,0,1,1,0,0,0,0,6,5,4,4,4,4,4,4,4,4,4,4,4,4,4,1
2061,2,2021,1,72,1,0,1,0,0,0,0,1,0,1,1,1,1,1,1,1,1,1,1,1,1,1,1,1,1
2062,2,2021,0,43,1,0,4,0,1,0,0,0,0,2,1,3,1,7,1,6,1,4,2,1,1,1,1,1,1
2063,2,2021,0,33,1,0,0,1,1,0,0,0,0,3,4,4,3,2,2,2,2,3,3,3,3,3,4,3,1
2064,2,2021,0,47,1,0,3,0,1,0,0,0,0,3,1,6,7,6,1,7,1,5,3,1,7,1,1,7,0
2065,2,2021,1,32,0,0,5,0,1,0,0,0,0,1,6,1,1,1,1,1,1,1,1,1,1,1,1,1,1
2066,2,2021,1,52,1,1,3,0,1,0,0,0,0,4,1,1,7,2,1,7,1,4,1,1,3,1,1,1,0
2067,2,2021,0,43,1,1,5,0,0,1,0,0,0,1,1,1,7,1,1,6,6,3,5,1,1,2,2,2,1
2068,2,2021,1,68,1,1,3,0,1,0,0,0,0,5,5,6,4,6,5,6,4,4,4,4,4,4,4,4,0
2069,2,2021,0,22,0,0,1,0,0,0,1,0,0,3,3,3,3,2,3,3,3,3,3,3,3,3,3,3,1
2070,2,2021,0,41,1,0,2,0,0,1,0,0,0,4,4,4,4,4,4,4,4,3,4,4,4,4,4,4,1
2071,2,2021,1,45,1,0,5,0,1,0,0,0,0,1,6,5,6,1,1,7,4,6,2,1,1,1,1,1,1
2072,2,2021,0,35,0,0,2,0,1,0,0,0,0,3,7,7,1,1,1,7,4,1,7,7,4,1,2,1,1
2073,2,2021,0,55,0,1,2,0,1,0,0,0,0,4,4,4,4,4,4,4,4,4,4,4,4,4,4,4,1
2074,2,2021,1,38,0,0,2,0,0,0,0,1,0,4,4,4,4,4,4,4,4,4,4,4,4,4,4,4,1
2075,2,2021,0,39,1,1,4,0,0,1,0,0,0,1,5,5,7,5,4,7,6,4,4,1,4,1,2,4,0
2076,2,2021,0,37,0,1,2,0,1,0,0,0,0,1,5,4,6,1,1,7,5,4,5,1,6,1,1,5,1
2077,2,2021,1,58,1,1,3,0,1,0,0,0,0,1,2,2,2,2,1,4,2,4,2,2,4,2,2,2,0
2078,2,2021,0,24,0,0,0,1,0,0,0,0,1,4,5,5,4,4,4,6,3,3,5,5,5,4,4,4,1
2079,2,2021,1,52,0,0,0,1,0,0,0,1,0,5,1,1,6,1,1,7,4,4,1,1,4,4,1,1,1
2080,2,2021,1,51,1,1,5,0,1,0,0,0,0,6,1,1,6,4,1,6,1,6,1,1,1,1,1,1,0
2081,2,2021,0,48,1,1,3,0,1,0,0,0,0,5,1,5,4,5,2,7,6,5,5,2,5,3,3,3,0
2082,2,2021,1,59,1,0,5,0,1,0,0,0,0,5,5,5,5,5,5,5,1,5,1,1,1,1,1,1,1
2083,2,2021,0,48,1,0,4,0,1,0,0,0,0,2,2,2,5,1,1,6,6,5,3,3,6,6,3,7,1
2084,2,2021,0,55,1,0,3,0,0,1,0,0,0,4,4,5,6,1,3,6,5,4,5,4,6,5,4,4,0
2085,2,2021,1,37,1,1,5,0,1,0,0,0,0,5,6,6,6,5,2,6,2,6,2,3,2,4,3,2,0
2086,2,2021,0,37,1,1,0,1,1,0,0,0,0,3,1,5,6,6,3,6,6,4,1,1,6,1,3,3,0
2087,2,2021,1,44,1,0,0,1,1,0,0,0,0,4,4,5,4,4,4,4,4,4,4,4,5,4,4,4,1
2088,2,2021,1,48,1,1,4,0,1,0,0,0,0,1,1,1,7,1,2,7,4,5,6,1,6,3,2,2,0
2089,2,2021,1,58,1,1,3,0,1,0,0,0,0,6,5,5,4,3,5,4,4,3,4,4,4,4,4,4,1
2090,2,2021,1,31,0,0,1,0,0,0,0,0,1,4,4,4,4,4,4,4,4,4,4,4,4,4,4,4,1
2091,2,2021,0,33,0,0,2,0,1,0,0,0,0,5,1,3,7,3,1,5,1,3,1,1,3,1,1,1,1
2092,2,2021,0,77,1,1,2,0,0,1,0,0,0,4,4,6,5,4,1,6,5,4,5,4,4,4,2,4,1
2093,2,2021,1,69,1,1,2,0,0,0,0,1,0,1,2,1,5,1,1,4,1,5,1,1,4,1,1,1,1
2094,2,2021,0,43,1,1,0,1,1,0,0,0,0,7,7,7,7,7,4,7,1,4,4,1,6,1,1,1,0
2095,2,2021,0,25,0,0,3,0,1,0,0,0,0,7,1,4,4,4,5,7,4,4,4,4,4,4,4,4,1
2096,2,2021,0,54,0,0,1,0,1,0,0,0,0,1,1,4,1,5,1,6,5,1,2,1,7,6,1,7,1
2097,2,2021,1,62,1,1,2,0,1,0,0,0,0,5,4,5,7,4,1,6,1,7,5,1,1,1,2,1,1
2098,2,2021,0,49,1,1,0,1,1,0,0,0,0,4,6,6,5,5,2,7,4,5,4,3,3,2,2,2,0
2099,2,2021,1,50,1,1,5,0,1,0,0,0,0,3,3,3,4,3,3,3,4,4,4,4,4,4,4,4,1
2100,2,2021,1,39,1,1,4,0,1,0,0,0,0,2,1,2,3,3,1,4,5,3,6,1,5,1,1,7,1
2101,2,2021,0,29,1,1,4,0,0,1,0,0,0,5,1,5,6,5,5,7,1,6,1,1,1,1,1,1,0
2102,2,2021,0,56,0,0,3,0,1,0,0,0,0,1,4,4,6,4,1,7,4,4,1,1,4,4,1,1,1
2103,2,2021,1,50,1,1,3,0,1,0,0,0,0,3,2,5,6,5,2,7,1,4,3,1,7,1,1,6,0
2104,2,2021,1,29,0,0,2,0,1,0,0,0,0,3,1,3,1,3,1,7,7,1,7,7,7,4,7,7,1
2105,2,2021,1,49,1,1,2,0,1,0,0,0,0,4,5,4,4,4,4,5,4,4,4,4,4,4,4,4,1
2106,2,2021,0,25,0,0,0,1,1,0,0,0,0,3,5,4,5,5,6,5,4,4,5,1,4,4,1,1,0
2107,2,2021,1,33,1,1,4,0,1,0,0,0,0,5,5,5,5,4,6,4,5,5,6,6,6,5,6,5,0
2108,2,2021,0,21,0,0,1,0,0,0,1,0,0,5,5,5,1,7,1,7,1,5,1,1,4,1,1,4,0
2109,2,2021,0,33,1,1,4,0,1,0,0,0,0,1,2,3,7,3,3,6,6,2,2,1,1,1,1,1,1
2110,2,2021,1,39,0,0,0,1,1,0,0,0,0,6,5,5,2,4,5,6,2,3,3,2,4,3,2,4,1
2111,2,2021,0,35,0,0,2,0,0,0,0,0,1,3,3,3,3,1,1,6,1,4,2,1,4,5,1,1,0
2112,2,2021,0,63,1,1,2,0,0,1,0,0,0,7,5,6,5,2,5,6,4,4,5,4,3,1,4,2,0
2113,2,2021,0,64,0,1,2,0,1,0,0,0,0,4,5,5,5,1,1,7,1,5,1,1,5,1,1,1,1
2114,2,2021,1,55,1,1,3,0,1,0,0,0,0,4,4,4,4,4,4,4,4,4,4,4,4,4,4,4,0
2115,2,2021,1,51,0,0,5,0,1,0,0,0,0,4,4,4,4,4,4,4,4,4,4,4,3,4,4,4,1
2116,2,2021,1,66,1,1,2,0,1,0,0,0,0,5,5,5,4,4,4,4,4,4,4,4,4,4,4,4,1
2117,2,2021,1,53,1,1,0,1,1,0,0,0,0,6,7,5,6,2,1,6,1,4,1,1,1,1,1,1,0
2118,2,2021,0,69,0,0,1,0,0,0,0,1,0,4,5,5,6,2,2,6,1,6,2,1,1,1,1,1,0
2119,2,2021,1,40,0,1,3,0,1,0,0,0,0,1,2,2,4,1,3,5,5,3,3,2,4,2,2,2,1
2120,2,2021,0,47,1,1,0,1,0,1,0,0,0,1,6,5,4,5,4,7,4,4,2,4,4,5,4,2,0
2121,2,2021,0,59,1,1,3,0,0,1,0,0,0,5,4,5,6,6,1,6,4,4,3,2,5,1,2,2,1
2122,2,2021,0,69,0,0,0,1,1,0,0,0,0,4,4,5,5,3,2,6,2,5,4,3,2,2,4,4,1
2123,2,2021,0,55,1,0,0,1,1,0,0,0,0,4,4,4,4,4,4,4,4,4,4,4,4,4,4,4,0
2124,2,2021,0,30,1,1,4,0,1,0,0,0,0,1,1,5,4,1,1,1,1,1,1,1,1,1,1,1,0
2125,2,2021,1,54,1,1,4,0,1,0,0,0,0,2,2,2,5,2,1,2,5,5,4,1,6,6,1,3,1
2126,2,2021,1,29,1,1,5,0,1,0,0,0,0,5,1,5,3,3,4,7,2,4,5,2,3,2,2,2,0
2127,2,2021,0,39,1,0,0,1,1,0,0,0,0,4,6,4,5,5,1,7,2,5,5,4,1,1,4,4,1
2128,2,2021,0,71,1,1,0,1,0,1,0,0,0,5,5,4,4,6,6,6,3,3,3,2,5,3,2,5,1
2129,2,2021,0,35,1,1,3,0,1,0,0,0,0,1,2,1,1,1,1,1,1,1,1,1,1,1,1,1,0
2130,2,2021,1,48,1,1,5,0,1,0,0,0,0,5,1,2,5,4,2,6,3,4,3,1,1,4,1,1,1
2131,2,2021,1,29,0,0,5,0,1,0,0,0,0,4,4,7,4,4,4,4,4,4,4,4,4,4,4,4,1
2132,2,2021,0,28,0,0,2,0,1,0,0,0,0,3,2,4,3,3,4,3,3,3,3,3,3,3,3,3,1
2133,2,2021,1,70,1,1,3,0,1,0,0,0,0,7,6,7,1,7,7,4,2,7,2,2,1,2,2,1,0
2134,2,2021,0,27,0,0,2,0,1,0,0,0,0,4,4,4,5,4,4,4,4,4,1,1,5,4,1,3,1
2135,2,2021,0,32,1,1,0,1,1,0,0,0,0,4,4,5,5,4,5,5,4,4,4,3,4,4,4,4,0
2136,2,2021,1,31,1,1,5,0,1,0,0,0,0,5,6,5,7,5,1,6,2,6,1,1,1,1,1,1,1
2137,2,2021,1,43,1,1,3,0,1,0,0,0,0,1,1,1,1,1,1,1,1,1,2,1,1,1,1,2,1
2138,2,2021,0,43,0,0,0,1,1,0,0,0,0,3,3,4,5,2,3,6,5,4,5,3,5,4,3,5,1
2139,2,2021,1,41,0,0,3,0,0,0,0,1,0,4,5,4,4,4,4,7,3,4,5,2,4,1,4,4,1
2140,2,2021,1,41,1,1,4,0,1,0,0,0,0,4,5,4,5,1,4,6,1,4,1,1,1,1,1,1,1
2141,2,2021,1,60,1,1,5,0,1,0,0,0,0,4,5,4,6,5,1,7,1,5,1,2,1,1,2,2,0
2142,2,2021,0,32,0,0,0,1,1,0,0,0,0,4,1,5,2,1,1,6,2,5,2,2,7,1,2,1,1
2143,2,2021,0,36,1,1,5,0,0,1,0,0,0,4,5,4,6,5,1,6,6,5,5,3,3,4,3,3,0
2144,2,2021,0,27,0,0,2,0,1,0,0,0,0,1,1,1,1,1,1,1,1,1,1,1,1,1,1,1,0
2145,2,2021,1,61,1,1,5,0,1,0,0,0,0,2,6,4,7,1,1,6,1,4,1,1,1,1,1,1,1
2146,2,2021,0,25,1,1,4,0,1,0,0,0,0,3,3,3,4,3,3,3,4,3,4,3,4,4,4,4,0
2147,2,2021,0,52,1,1,0,1,0,1,0,0,0,2,3,2,4,1,2,7,7,4,2,3,7,4,7,7,1
2148,2,2021,0,32,1,1,0,1,1,0,0,0,0,4,5,4,7,3,6,7,5,5,2,1,4,3,1,1,0
2149,2,2021,1,56,1,1,5,0,1,0,0,0,0,5,2,2,6,4,5,6,3,4,4,2,3,3,4,3,1
2150,2,2021,0,35,1,0,5,0,0,1,0,0,0,5,7,7,6,5,6,7,1,6,4,1,1,1,1,1,0
2151,2,2021,1,28,1,1,2,0,1,0,0,0,0,4,4,4,4,3,4,4,4,4,4,3,4,4,4,5,0
2152,2,2021,0,36,1,1,4,0,1,0,0,0,0,1,4,6,4,1,5,7,5,4,4,1,2,2,1,1,0
2153,2,2021,0,31,1,0,5,0,1,0,0,0,0,7,7,7,7,7,7,3,7,3,1,1,1,1,1,1,0
2154,2,2021,0,40,0,1,1,0,1,0,0,0,0,1,1,5,5,3,1,6,6,3,6,3,4,3,4,3,1
2155,2,2021,0,44,1,1,1,0,1,0,0,0,0,4,3,3,3,5,4,5,6,4,5,3,4,4,4,5,1
2156,2,2021,0,68,1,1,3,0,0,1,0,0,0,2,4,5,6,2,2,6,4,4,4,2,4,1,4,1,0
2157,2,2021,0,22,0,0,0,1,0,0,0,1,0,6,6,4,4,1,1,6,6,3,4,4,6,5,4,6,1
2158,2,2021,1,25,1,0,5,0,1,0,0,0,0,3,2,3,2,5,2,2,3,5,7,2,3,6,1,3,1
2159,2,2021,0,40,0,0,0,1,1,0,0,0,0,4,4,4,4,4,4,4,4,4,4,4,4,4,4,4,1
2160,2,2021,1,51,1,1,0,1,1,0,0,0,0,4,1,4,5,1,1,5,4,4,3,1,4,4,1,1,1
2161,2,2021,0,36,1,1,4,0,0,1,0,0,0,1,5,5,2,5,6,7,5,6,6,5,2,2,2,4,1
2162,2,2021,1,53,1,1,3,0,1,0,0,0,0,3,3,3,3,3,3,3,3,3,3,3,3,3,3,3,0
2163,2,2021,0,41,0,0,0,1,1,0,0,0,0,4,4,4,4,4,4,4,4,4,3,4,4,4,4,4,0
2164,2,2021,1,43,0,0,3,0,1,0,0,0,0,4,5,4,4,4,4,4,3,3,4,3,4,3,4,4,1
2165,2,2021,0,67,1,1,4,0,0,0,0,1,0,5,5,5,4,4,4,4,4,4,4,4,4,4,4,4,0
2166,2,2021,1,34,0,0,4,0,1,0,0,0,0,1,1,1,1,1,1,1,1,1,1,1,1,1,1,1,1
2167,2,2021,0,35,0,0,5,0,1,0,0,0,0,2,2,2,2,5,1,7,1,4,3,1,1,1,1,1,1
2168,2,2021,1,48,1,1,0,1,1,0,0,0,0,6,6,6,6,6,6,5,6,6,6,6,6,6,5,6,0
2169,2,2021,1,49,1,1,5,0,1,0,0,0,0,4,1,3,3,5,1,6,4,7,3,1,4,4,4,4,1
2170,2,2021,1,58,1,1,0,1,1,0,0,0,0,4,5,4,4,4,4,4,4,4,4,4,4,4,4,4,1
2171,2,2021,0,55,1,1,2,0,1,0,0,0,0,1,1,4,6,1,1,7,6,3,6,5,7,1,2,1,0
2172,2,2021,1,39,0,0,5,0,1,0,0,0,0,6,1,7,7,4,1,7,5,4,7,1,3,1,1,1,0
2173,2,2021,1,58,1,1,5,0,1,0,0,0,0,6,7,6,6,5,5,6,1,6,1,1,1,1,1,1,1
2174,2,2021,0,43,1,1,5,0,1,0,0,0,0,5,5,5,6,2,1,5,1,4,3,1,4,1,2,2,1
2175,2,2021,0,36,0,0,5,0,1,0,0,0,0,5,5,6,6,5,4,6,2,5,2,1,1,1,2,2,0
2176,2,2021,0,43,1,1,0,1,1,0,0,0,0,2,3,6,7,1,1,6,1,4,3,1,2,2,1,2,1
2177,2,2021,0,28,0,0,0,1,1,0,0,0,0,2,7,6,2,2,1,7,7,2,7,5,5,7,6,6,1
2178,2,2021,0,31,1,0,0,1,1,0,0,0,0,5,5,5,1,5,5,5,1,1,1,1,1,1,1,1,1
2179,2,2021,1,70,1,1,0,1,1,0,0,0,0,4,4,4,7,2,2,6,1,4,2,1,1,1,2,1,0
2180,2,2021,1,71,1,1,2,0,0,0,0,1,0,5,1,7,5,1,4,7,1,5,1,1,5,1,1,7,0
2181,2,2021,1,69,1,1,2,0,0,1,0,0,0,5,6,6,6,1,6,7,2,6,5,2,2,2,2,1,1
2182,2,2021,0,33,0,0,0,1,1,0,0,0,0,2,1,4,5,1,1,7,7,1,7,1,1,4,1,1,1
2183,2,2021,1,73,1,1,1,0,0,0,0,1,0,4,5,4,4,4,4,4,4,4,4,4,3,3,4,4,0
2184,2,2021,0,27,0,0,4,0,0,0,0,1,0,7,1,1,1,7,1,7,7,1,7,1,1,1,1,1,1
2185,2,2021,0,38,1,1,0,1,1,0,0,0,0,3,5,5,6,1,1,7,2,4,3,1,1,1,1,2,0
2186,2,2021,0,21,0,0,0,1,0,0,1,0,0,2,5,5,5,5,1,5,5,3,5,4,5,5,6,6,0
2187,2,2021,0,54,1,1,0,1,1,0,0,0,0,5,5,4,6,1,1,6,1,5,1,1,4,1,1,1,0
2188,2,2021,1,37,0,0,3,0,1,0,0,0,0,3,5,5,5,4,5,5,3,5,5,3,4,3,3,3,1
2189,2,2021,0,60,1,0,2,0,0,1,0,0,0,4,4,5,4,4,4,4,4,4,4,4,4,4,4,4,1
2190,2,2021,0,62,0,0,0,1,0,0,0,1,0,1,1,1,5,1,1,4,6,3,6,6,6,1,4,4,1
2191,2,2021,1,44,1,1,3,0,1,0,0,0,0,2,2,3,3,2,3,2,2,1,3,4,2,3,3,4,1
2192,2,2021,1,67,1,1,3,0,1,0,0,0,0,6,5,5,7,4,2,7,1,7,1,2,1,1,2,1,0
2193,2,2021,0,45,1,1,3,0,1,0,0,0,0,4,5,4,5,4,2,5,5,4,5,3,4,4,4,5,0
2194,2,2021,0,47,1,1,4,0,0,1,0,0,0,4,1,6,7,2,1,7,1,6,1,1,1,1,1,1,1
2195,2,2021,0,35,1,0,5,0,1,0,0,0,0,5,6,6,5,3,5,7,5,3,5,3,2,3,3,3,1
2196,2,2021,0,43,1,1,0,1,1,0,0,0,0,4,4,4,6,3,2,6,5,6,5,4,5,3,3,5,0
2197,2,2021,1,38,0,0,0,1,1,0,0,0,0,2,1,1,2,3,2,3,1,2,1,3,1,5,1,2,1
2198,2,2021,1,50,1,1,3,0,1,0,0,0,0,5,6,6,6,4,6,6,6,5,5,5,5,4,4,6,0
2199,2,2021,0,30,0,0,1,0,0,0,0,1,0,5,1,1,7,5,1,6,5,1,1,1,1,6,1,1,1
2200,2,2021,0,67,1,1,4,0,0,1,0,0,0,6,6,6,6,6,2,6,1,6,6,1,1,1,1,1,1
2201,2,2021,1,67,1,1,0,1,1,0,0,0,0,7,7,7,7,2,1,7,1,7,2,1,1,1,1,2,0
2202,2,2021,1,37,1,0,2,0,1,0,0,0,0,4,6,5,6,5,2,7,6,4,5,2,6,4,1,1,1
2203,2,2021,1,71,0,1,2,0,1,0,0,0,0,1,1,3,7,1,1,4,1,4,1,1,1,1,1,1,1
2204,2,2021,1,52,0,0,1,0,0,0,0,1,0,1,1,1,2,1,1,4,4,1,4,1,7,1,1,6,1
2205,2,2021,1,51,1,1,0,1,1,0,0,0,0,2,2,2,4,2,2,2,5,4,3,3,3,4,3,3,1
2206,2,2021,1,26,0,0,0,1,1,0,0,0,0,4,5,5,6,5,4,7,2,7,1,2,1,1,2,3,1
2207,2,2021,0,22,0,0,3,0,0,0,0,1,0,1,1,1,5,1,1,6,7,1,4,1,4,4,1,1,1
2208,2,2021,1,71,1,1,5,0,1,0,0,0,0,1,5,1,6,6,5,6,6,7,7,6,7,6,6,6,0
2209,2,2021,1,43,1,1,5,0,1,0,0,0,0,6,2,2,3,5,5,7,3,4,4,2,5,3,2,2,1
2210,2,2021,0,42,0,1,2,0,1,0,0,0,0,4,3,4,5,6,5,4,4,5,4,4,5,4,4,5,0
2211,2,2021,1,42,1,1,3,0,1,0,0,0,0,2,4,5,4,3,3,5,4,3,4,5,4,4,4,4,1
2212,2,2021,0,35,0,0,1,0,1,0,0,0,0,1,1,1,1,1,1,6,1,3,5,1,1,1,1,4,1
2213,2,2021,1,49,1,1,4,0,1,0,0,0,0,5,1,4,3,5,4,7,5,5,5,4,7,1,5,4,0
2214,2,2021,1,54,1,0,5,0,1,0,0,0,0,4,4,4,1,1,1,4,6,1,6,5,4,5,5,4,1
2215,2,2021,0,49,0,0,0,1,0,0,0,1,0,1,1,5,4,7,1,7,7,1,7,5,4,1,1,1,1
2216,2,2021,1,69,1,1,4,0,1,0,0,0,0,3,4,3,7,4,3,5,2,6,2,2,2,2,2,2,1
2217,2,2021,0,48,1,0,5,0,0,1,0,0,0,4,4,4,5,5,5,4,4,5,3,3,4,3,1,1,1
2218,2,2021,0,46,0,0,2,0,1,0,0,0,0,4,7,5,5,4,1,7,1,5,4,1,7,1,1,6,0
2219,2,2021,0,62,1,1,0,1,0,1,0,0,0,5,6,4,5,5,5,7,4,5,6,5,4,4,4,2,0
2220,2,2021,1,72,1,1,2,0,1,0,0,0,0,5,5,5,5,5,2,3,2,5,3,3,5,3,2,3,0
2221,2,2021,0,62,1,1,3,0,0,1,0,0,0,4,4,4,4,4,4,4,4,4,4,4,4,4,4,4,1
2222,2,2021,1,57,0,0,4,0,1,0,0,0,0,4,7,4,4,4,4,7,4,4,4,4,4,5,4,4,1
2223,2,2021,0,40,1,1,0,1,1,0,0,0,0,4,1,5,2,3,4,7,4,5,5,3,6,2,4,4,0
2224,2,2021,1,58,1,1,3,0,0,0,0,0,1,1,1,1,1,1,1,1,1,1,1,1,1,1,1,1,1
2225,2,2021,0,57,1,1,4,0,0,1,0,0,0,5,4,4,5,5,1,5,4,5,3,1,5,2,1,1,1
2226,2,2021,0,35,1,1,0,1,1,0,0,0,0,1,1,5,1,4,1,7,3,4,3,3,4,3,3,3,0
2227,2,2021,1,52,0,0,0,1,0,0,0,1,0,3,1,4,4,1,2,7,4,4,4,4,4,4,4,4,1
2228,2,2021,0,47,0,0,1,0,1,0,0,0,0,5,5,5,4,5,5,5,5,4,5,5,4,4,5,5,0
2229,2,2021,1,70,1,0,2,0,0,1,0,0,0,4,4,4,6,1,1,7,1,4,4,1,4,1,4,1,1
2230,2,2021,1,40,1,1,5,0,1,0,0,0,0,4,4,4,5,4,4,5,2,5,2,3,2,3,2,2,0
2231,2,2021,1,50,0,0,0,1,1,0,0,0,0,6,6,7,5,6,1,7,5,6,2,2,5,4,2,5,0
2232,2,2021,0,51,0,1,0,1,1,0,0,0,0,1,4,4,6,4,2,6,5,4,3,3,4,5,5,5,1
2233,2,2021,0,49,1,1,3,0,1,0,0,0,0,1,1,5,5,5,1,4,7,1,6,2,6,6,7,4,1
2234,2,2021,0,26,0,0,4,0,1,0,0,0,0,5,4,5,7,3,5,6,5,5,5,2,3,3,2,4,1
2235,2,2021,1,61,0,0,4,0,1,0,0,0,0,7,7,7,4,1,5,7,4,4,1,1,4,4,1,4,1
2236,2,2021,0,50,1,1,4,0,1,0,0,0,0,4,5,4,5,4,4,5,3,5,4,3,4,3,3,3,1
2237,2,2021,0,27,1,1,2,0,0,1,0,0,0,4,4,4,5,4,4,5,4,5,3,4,4,4,4,3,0
2238,2,2021,1,43,1,1,4,0,1,0,0,0,0,3,5,4,6,5,4,7,1,6,1,1,1,1,1,1,1
2239,2,2021,0,36,1,0,2,0,1,0,0,0,0,5,1,1,3,5,1,6,1,6,1,1,7,7,1,1,0
2240,2,2021,1,38,1,1,3,0,1,0,0,0,0,1,1,1,1,1,1,1,3,3,1,1,1,4,1,1,1
2241,2,2021,1,48,0,1,3,0,1,0,0,0,0,3,3,3,3,5,3,2,3,4,4,3,3,5,4,3,0
2242,2,2021,1,56,0,0,0,1,1,0,0,0,0,3,3,2,3,3,2,3,3,2,3,3,2,3,3,2,1
2243,2,2021,1,44,0,0,0,1,1,0,0,0,0,4,4,4,4,4,4,4,6,4,1,1,4,4,1,4,1
2244,2,2021,0,60,1,1,4,0,0,1,0,0,0,5,7,5,5,5,1,7,6,5,2,1,5,4,1,4,0
2245,2,2021,0,33,0,0,2,0,1,0,0,0,0,2,1,1,5,2,1,6,7,1,7,1,5,3,2,3,1
2246,2,2021,1,46,1,0,5,0,1,0,0,0,0,5,6,5,6,2,1,7,5,3,4,2,4,3,3,2,1
2247,2,2021,0,48,1,1,5,0,0,1,0,0,0,5,5,5,5,3,3,5,2,4,5,3,2,2,2,2,1
2248,2,2021,1,58,1,1,5,0,1,0,0,0,0,1,1,1,1,1,1,1,1,1,1,1,1,1,1,1,1
2249,2,2021,1,53,0,0,0,1,1,0,0,0,0,1,1,1,4,1,1,1,1,4,1,1,5,1,1,1,1
2250,2,2021,0,61,0,1,0,1,0,0,0,1,0,1,1,1,7,1,1,7,1,1,1,1,7,1,1,5,1
2251,2,2021,0,59,1,1,0,1,1,0,0,0,0,3,5,5,5,5,5,5,4,4,3,2,4,6,5,3,0
2252,2,2021,1,37,1,1,2,0,1,0,0,0,0,1,7,4,1,1,1,7,5,1,4,1,3,1,1,7,1
2253,2,2021,0,38,1,1,2,0,0,1,0,0,0,4,4,2,4,4,4,3,3,3,5,4,3,4,3,3,1
2254,2,2021,1,50,1,1,3,0,1,0,0,0,0,4,6,5,5,4,4,5,4,5,5,5,6,4,5,5,1
2255,2,2021,0,57,1,1,1,0,0,1,0,0,0,3,1,4,4,5,1,5,4,4,4,3,4,1,5,3,1
2256,2,2021,0,52,1,1,5,0,0,1,0,0,0,6,6,5,6,2,2,6,2,6,2,2,2,2,2,4,1
2257,2,2021,0,58,1,0,5,0,1,0,0,0,0,5,6,7,4,4,5,7,1,7,2,1,4,1,2,7,1
2258,2,2021,1,60,1,0,5,0,1,0,0,0,0,6,6,7,5,3,4,7,1,6,1,1,3,1,4,7,1
2259,2,2021,1,63,1,1,2,0,1,0,0,0,0,4,6,5,5,2,1,6,4,3,6,6,7,4,4,5,1
2260,2,2021,1,57,1,0,0,1,1,0,0,0,0,6,6,6,5,6,6,6,5,5,3,3,5,5,3,6,1
2261,2,2021,1,48,1,1,4,0,1,0,0,0,0,1,1,1,6,2,1,4,2,5,3,2,1,1,2,1,1
2262,2,2021,1,37,0,0,3,0,1,0,0,0,0,6,6,4,4,4,3,4,4,3,3,5,5,4,5,3,1
2263,2,2021,0,48,1,1,3,0,1,0,0,0,0,5,5,6,2,3,5,7,5,3,5,5,5,1,4,5,1
2264,2,2021,0,30,0,0,2,0,1,0,0,0,0,4,1,5,6,5,4,7,3,4,3,1,3,3,1,2,0
2265,2,2021,0,41,1,1,3,0,1,0,0,0,0,5,5,5,6,1,1,7,5,5,2,1,1,1,1,1,1
2266,2,2021,1,59,1,0,5,0,1,0,0,0,0,2,2,3,5,1,1,4,4,3,4,4,4,4,4,4,1
2267,2,2021,1,45,1,1,4,0,1,0,0,0,0,5,4,4,4,3,1,6,5,5,2,2,3,3,2,2,1
2268,2,2021,1,58,0,0,2,0,1,0,0,0,0,5,3,5,5,4,4,5,5,5,5,4,4,4,4,4,1
2269,2,2021,0,41,0,0,0,1,1,0,0,0,0,1,1,1,4,1,1,5,1,4,1,1,4,4,4,4,0
2270,2,2021,0,49,1,0,1,0,0,0,0,1,0,1,3,2,6,5,1,6,2,5,3,1,1,1,1,1,1
2271,2,2021,0,43,1,0,4,0,1,0,0,0,0,6,5,5,5,5,6,6,5,5,4,5,4,4,5,5,0
2272,2,2021,0,51,1,1,4,0,1,0,0,0,0,4,1,7,6,5,1,4,7,1,3,1,5,1,1,1,1
2273,2,2021,0,52,1,1,5,0,1,0,0,0,0,5,7,7,7,7,1,7,1,7,2,1,1,1,4,1,0
2274,2,2021,1,48,0,0,2,0,1,0,0,0,0,5,1,1,5,1,1,5,1,1,1,1,5,1,1,1,1
2275,2,2021,1,65,1,1,5,0,1,0,0,0,0,5,5,3,4,2,1,7,3,4,7,5,3,2,2,2,1
2276,2,2021,0,43,1,1,3,0,1,0,0,0,0,1,1,1,1,1,1,7,6,1,6,4,5,6,5,6,1
2277,2,2021,1,71,0,0,0,1,0,0,0,1,0,4,5,5,5,3,1,4,3,4,4,1,3,4,2,3,1
2278,2,2021,0,28,1,1,5,0,1,0,0,0,0,1,2,4,6,4,3,5,4,4,3,1,1,1,1,1,0
2279,2,2021,1,33,1,1,3,0,1,0,0,0,0,1,1,1,1,1,1,1,2,1,1,1,1,1,1,1,1
2280,2,2021,0,38,1,1,5,0,1,0,0,0,0,4,5,5,6,3,1,7,5,5,5,3,4,4,3,3,0
2281,2,2021,0,51,1,1,5,0,0,1,0,0,0,4,3,5,5,6,2,4,4,3,5,1,5,3,3,4,1
2282,2,2021,1,57,0,0,0,1,1,0,0,0,0,1,1,1,7,5,5,7,1,1,1,1,1,1,1,1,1
2283,2,2021,1,47,0,0,1,0,0,0,0,1,0,4,4,4,4,4,4,4,4,4,4,4,4,4,4,4,1
2284,2,2021,0,31,0,0,0,1,0,0,0,1,0,4,7,4,4,1,1,6,6,4,6,4,4,1,1,4,0
2285,2,2021,1,64,1,1,3,0,1,0,0,0,0,4,7,4,4,4,1,7,5,4,7,4,4,3,5,4,1
2286,2,2021,1,62,1,1,2,0,1,0,0,0,0,3,5,6,7,4,3,6,5,5,4,2,2,3,2,1,1
2287,2,2021,0,30,1,1,0,1,1,0,0,0,0,4,4,4,6,5,2,7,3,4,3,3,4,3,3,3,0
2288,2,2021,0,52,1,1,4,0,1,0,0,0,0,3,1,2,3,2,2,5,4,5,4,3,4,3,3,3,0
2289,2,2021,1,29,1,1,3,0,1,0,0,0,0,3,5,3,5,4,6,4,5,6,4,3,4,6,6,5,0
2290,2,2021,0,46,0,1,0,1,1,0,0,0,0,4,1,3,4,4,1,5,3,3,5,4,5,3,1,2,1
2291,2,2021,0,34,1,1,5,0,1,0,0,0,0,5,5,5,5,5,3,6,4,5,5,2,2,2,1,1,0
2292,2,2021,0,50,1,1,5,0,1,0,0,0,0,4,6,6,6,4,2,7,2,6,2,2,2,2,3,2,0
2293,2,2021,0,52,1,0,3,0,1,0,0,0,0,3,5,6,6,7,1,7,4,5,4,1,4,1,1,1,1
2294,2,2021,0,72,0,0,1,0,0,0,0,1,0,3,5,5,2,1,1,6,4,3,6,4,6,6,5,4,1
2295,2,2021,0,59,1,1,1,0,1,0,0,0,0,1,6,6,1,2,1,7,2,3,6,4,7,4,2,6,1
2296,2,2021,0,24,0,0,0,1,1,0,0,0,0,4,4,5,4,5,3,7,5,4,4,3,4,4,3,3,0
2297,2,2021,0,24,0,0,0,1,1,0,0,0,0,7,1,1,4,5,5,7,2,4,2,1,1,1,1,1,1
2298,2,2021,0,49,1,1,3,0,0,1,0,0,0,5,1,5,6,1,1,7,2,5,4,2,4,1,1,4,1
2299,2,2021,0,35,0,0,3,0,1,0,0,0,0,4,4,4,5,5,4,5,4,4,4,4,4,4,4,5,1
2300,2,2021,0,89,0,0,4,0,0,1,0,0,0,4,4,5,4,4,4,6,4,4,4,4,4,4,4,4,1
2301,2,2021,1,42,0,0,3,0,1,0,0,0,0,1,1,2,6,2,2,5,1,5,1,1,5,1,2,5,1
2302,2,2021,0,64,0,1,2,0,1,0,0,0,0,4,4,4,7,1,1,7,2,4,2,2,4,1,6,4,0
2303,2,2021,1,43,0,0,3,0,1,0,0,0,0,1,1,7,1,1,1,7,1,1,2,1,1,2,1,1,1
2304,2,2021,1,59,0,0,1,0,1,0,0,0,0,5,3,5,7,1,5,7,1,7,1,1,3,1,1,1,0
2305,2,2021,1,50,0,0,3,0,1,0,0,0,0,6,6,6,7,5,4,1,4,7,1,1,6,4,1,1,1
2306,2,2021,1,38,0,0,0,1,1,0,0,0,0,4,4,4,4,4,5,4,4,4,4,4,4,4,4,4,0
2307,2,2021,1,42,1,1,0,1,1,0,0,0,0,7,7,7,7,7,7,7,7,7,7,7,7,7,7,6,0
2308,2,2021,1,36,1,1,0,1,1,0,0,0,0,1,1,2,1,7,1,6,6,1,5,4,2,4,2,4,1
2309,2,2021,1,43,1,1,2,0,1,0,0,0,0,1,1,1,7,1,1,5,1,4,1,1,5,1,1,1,1
2310,2,2021,0,27,1,1,2,0,0,1,0,0,0,5,1,4,2,7,1,7,3,5,6,3,5,3,5,1,0
2311,2,2021,0,39,1,0,0,1,1,0,0,0,0,4,5,4,3,2,2,3,3,2,3,3,3,2,2,3,0
2312,2,2021,1,74,1,0,0,1,0,0,0,1,0,4,4,4,3,3,1,7,4,3,5,2,4,3,2,4,1
2313,2,2021,0,35,1,1,4,0,1,0,0,0,0,2,2,4,4,4,3,7,5,3,6,4,4,5,4,4,1
2314,2,2021,0,40,1,1,5,0,1,0,0,0,0,3,5,7,7,1,1,7,5,1,4,2,1,1,1,1,0
2315,2,2021,1,45,0,0,3,0,1,0,0,0,0,3,4,3,5,3,3,6,3,5,5,4,4,4,4,4,1
2316,2,2021,1,55,0,0,0,1,0,0,0,1,0,1,1,1,1,1,1,1,1,1,1,1,1,1,1,1,1
2317,2,2021,0,36,0,0,4,0,1,0,0,0,0,3,3,3,4,1,3,7,6,2,4,4,4,4,4,4,1
2318,2,2021,0,40,1,1,1,0,0,0,0,0,1,1,1,1,1,1,1,1,1,1,2,1,1,1,1,1,1
2319,2,2021,1,54,1,1,5,0,1,0,0,0,0,3,5,4,3,4,1,6,4,4,4,1,4,5,3,4,1
2320,2,2021,0,51,1,1,5,0,0,1,0,0,0,1,3,7,5,4,1,7,1,5,2,1,1,1,1,1,1
2321,2,2021,1,55,1,1,5,0,1,0,0,0,0,4,4,4,5,4,4,4,4,4,4,4,4,4,4,3,1
2322,2,2021,1,53,1,1,0,1,1,0,0,0,0,3,5,4,7,1,2,7,1,6,4,1,4,1,2,1,0
2323,2,2021,0,46,1,1,0,1,0,1,0,0,0,6,5,5,6,6,5,6,7,6,6,7,7,6,6,5,0
2324,2,2021,1,51,1,1,3,0,1,0,0,0,0,4,7,5,7,7,4,7,1,7,1,1,5,1,6,1,0
2325,2,2021,0,24,0,0,2,0,1,0,0,0,0,5,5,5,6,5,5,6,3,6,4,3,4,2,4,3,0
2326,2,2021,0,29,0,0,4,0,1,0,0,0,0,4,5,4,3,4,2,6,5,3,5,2,3,3,2,4,1
2327,2,2021,0,42,1,1,5,0,0,1,0,0,0,5,5,5,4,5,4,6,2,7,3,1,1,1,1,1,0
2328,2,2021,1,57,1,1,2,0,1,0,0,0,0,5,4,5,2,4,1,5,1,1,4,1,7,1,1,1,1
2329,2,2021,0,36,0,0,1,0,1,0,0,0,0,2,2,2,2,3,1,4,2,3,3,2,4,2,2,2,1
2330,2,2021,1,45,0,0,3,0,1,0,0,0,0,4,4,4,6,4,4,4,5,3,4,4,4,4,4,4,0
2331,2,2021,1,79,1,1,1,0,0,0,0,1,0,4,6,5,6,5,4,7,1,6,4,1,4,1,1,1,0
2332,2,2021,1,60,0,1,0,1,1,0,0,0,0,4,4,4,4,4,4,4,4,4,4,4,3,4,4,4,1
2333,2,2021,0,69,0,0,3,0,1,0,0,0,0,6,5,5,4,5,4,5,4,5,5,5,5,5,4,5,0
2334,2,2021,1,62,1,1,2,0,1,0,0,0,0,2,1,4,5,1,1,7,5,4,4,2,4,4,2,2,1
2335,2,2021,0,30,1,1,3,0,0,1,0,0,0,3,5,3,3,5,1,7,5,3,5,2,1,1,1,1,0
2336,2,2021,0,56,1,1,0,1,0,1,0,0,0,5,5,5,5,5,5,5,5,5,5,4,5,4,4,4,1
2337,2,2021,0,38,0,1,0,1,0,1,0,0,0,4,4,4,4,3,4,4,4,4,4,4,4,3,4,3,1
2338,2,2021,1,50,1,0,2,0,1,0,0,0,0,1,1,1,6,1,1,1,1,4,3,1,6,1,1,1,1
2339,2,2021,1,51,1,1,5,0,1,0,0,0,0,5,5,4,5,5,3,6,2,5,3,1,2,2,2,1,0
2340,2,2021,1,44,1,1,5,0,1,0,0,0,0,4,4,3,4,2,5,6,4,4,2,2,4,4,2,2,1
2341,2,2021,0,48,0,0,0,1,1,0,0,0,0,4,4,4,3,3,2,6,6,2,6,6,6,5,4,6,1
2342,2,2021,1,47,0,0,5,0,1,0,0,0,0,5,5,5,5,5,5,5,2,5,1,1,1,1,1,1,1
2343,2,2021,1,46,0,0,1,0,0,0,0,1,0,4,4,4,4,4,4,4,4,4,4,4,4,4,4,4,1
2344,2,2021,1,36,0,0,3,0,0,0,0,1,0,4,4,4,4,4,4,4,4,4,4,4,4,4,4,4,1
2345,2,2021,0,38,0,0,4,0,1,0,0,0,0,1,4,1,5,1,1,3,1,5,1,1,5,1,1,1,1
2346,2,2021,0,29,1,1,2,0,0,1,0,0,0,5,4,3,3,4,2,3,4,4,3,3,5,3,5,5,0
2347,2,2021,0,46,1,1,0,1,0,1,0,0,0,2,2,5,3,6,2,7,7,1,4,6,7,5,5,6,1
2348,2,2021,0,36,1,0,5,0,1,0,0,0,0,4,4,4,4,2,4,4,4,4,4,4,4,4,4,4,1
2349,2,2021,1,53,0,0,5,0,1,0,0,0,0,6,6,6,5,4,5,4,4,5,4,4,4,4,4,4,1
2350,2,2021,1,44,1,1,4,0,1,0,0,0,0,5,3,5,5,4,1,6,1,4,6,1,4,1,2,6,0
2351,2,2021,1,51,0,0,4,0,1,0,0,0,0,4,4,4,4,4,4,4,4,4,4,4,4,4,4,4,1
2352,2,2021,1,58,0,0,1,0,0,0,0,1,0,2,2,2,5,1,1,7,7,2,7,5,7,4,5,5,1
2353,2,2021,0,27,1,1,3,0,1,0,0,0,0,3,2,5,6,3,5,3,5,3,4,3,5,3,5,5,1
2354,2,2021,1,52,1,0,3,0,1,0,0,0,0,4,4,4,4,4,4,4,4,4,4,4,4,4,4,4,1
2355,2,2021,1,32,0,0,0,1,0,0,0,0,1,2,3,3,2,2,1,5,4,2,6,4,7,4,4,4,1
2356,2,2021,1,60,0,0,0,1,1,0,0,0,0,5,2,3,4,2,1,5,5,4,3,2,4,5,1,1,1
2357,2,2021,0,33,1,0,5,0,1,0,0,0,0,4,5,5,3,4,5,4,3,3,3,3,4,4,2,3,1
2358,2,2021,0,54,0,0,2,0,0,0,0,0,1,1,4,5,5,5,5,7,4,5,7,4,3,3,4,4,1
2359,2,2021,0,43,1,0,3,0,1,0,0,0,0,4,4,5,5,4,4,5,5,4,6,4,5,4,7,4,1
2360,2,2021,0,41,0,0,3,0,1,0,0,0,0,4,4,4,4,4,4,4,4,4,4,4,4,4,4,4,0
2361,2,2021,0,36,0,0,3,0,1,0,0,0,0,5,1,6,6,5,5,7,5,5,6,5,2,3,3,3,0
2362,2,2021,1,34,0,0,5,0,1,0,0,0,0,4,5,4,3,3,1,4,6,3,3,2,7,4,3,3,1
2363,2,2021,1,69,1,1,3,0,0,0,0,0,1,4,5,6,7,3,4,7,4,5,6,4,4,4,2,4,0
2364,2,2021,1,38,0,0,0,1,1,0,0,0,0,3,4,5,4,1,1,7,3,4,2,1,3,1,1,1,1
2365,2,2021,0,42,0,1,0,1,0,0,0,1,0,4,6,5,5,5,4,5,5,5,5,4,4,5,6,6,1
2366,2,2021,1,51,1,1,0,1,1,0,0,0,0,7,7,4,7,4,1,7,1,4,4,1,1,1,1,1,0
2367,2,2021,0,34,0,0,5,0,1,0,0,0,0,7,5,7,7,7,7,7,1,7,1,2,3,1,1,1,1
2368,2,2021,1,60,1,1,4,0,1,0,0,0,0,3,3,5,2,2,4,2,2,4,1,4,4,4,5,3,0
2369,2,2021,1,52,0,0,3,0,1,0,0,0,0,4,4,4,4,4,4,4,4,4,4,4,4,4,4,5,1
2370,2,2021,1,38,1,1,3,0,1,0,0,0,0,6,1,5,4,4,1,7,7,3,2,1,5,3,2,5,1
2371,2,2021,0,43,1,1,2,0,0,0,0,0,1,5,2,3,4,5,5,7,5,5,7,4,4,3,3,6,0
2372,2,2021,1,32,1,1,4,0,1,0,0,0,0,1,1,1,6,1,1,1,6,2,4,1,5,4,1,1,1
2373,2,2021,0,56,0,0,2,0,1,0,0,0,0,6,7,6,6,5,1,5,1,5,1,1,3,1,1,1,1
2374,2,2021,1,68,1,1,3,0,0,0,0,1,0,7,7,7,7,4,5,6,1,6,1,1,1,1,1,1,0
2375,2,2021,1,45,1,1,4,0,1,0,0,0,0,4,4,2,4,3,3,2,3,2,2,4,4,3,4,3,1
2376,2,2021,0,38,1,1,0,1,0,1,0,0,0,2,2,2,2,2,2,5,6,2,6,4,4,4,4,4,1
2377,2,2021,0,28,1,1,5,0,1,0,0,0,0,5,6,5,5,3,5,7,1,5,6,2,3,1,3,2,0
2378,2,2021,1,50,0,0,0,1,1,0,0,0,0,4,5,4,4,4,4,4,4,4,4,4,5,4,4,4,1
2379,2,2021,1,63,1,0,2,0,1,0,0,0,0,2,3,6,6,5,2,5,3,5,5,3,3,3,3,3,0
2380,2,2021,0,31,0,0,3,0,1,0,0,0,0,1,5,1,3,1,1,6,5,4,4,1,2,2,2,1,1
2381,2,2021,1,52,1,1,4,0,1,0,0,0,0,5,5,5,5,5,4,5,4,4,4,4,4,4,4,4,0
2382,2,2021,1,50,1,1,5,0,1,0,0,0,0,2,5,5,3,6,5,5,4,4,3,4,4,5,3,3,0
2383,2,2021,0,36,0,0,2,0,1,0,0,0,0,6,1,6,6,1,1,6,2,4,3,4,2,2,2,2,1
2384,2,2021,1,66,1,1,4,0,1,0,0,0,0,6,6,6,6,6,6,5,2,5,2,2,2,2,2,1,0
2385,2,2021,1,67,1,1,3,0,1,0,0,0,0,1,1,4,5,1,1,5,2,3,2,2,3,3,2,2,1
2386,2,2021,1,65,1,1,5,0,1,0,0,0,0,6,6,6,6,5,2,6,1,6,5,2,2,1,2,2,0
2387,2,2021,1,42,0,0,0,1,1,0,0,0,0,7,7,6,3,1,1,5,3,5,3,3,2,2,2,3,0
2388,2,2021,1,57,1,0,3,0,1,0,0,0,0,5,5,4,6,4,1,4,5,4,7,1,6,4,4,5,1
2389,2,2021,1,31,1,0,3,0,1,0,0,0,0,2,3,3,5,2,3,2,3,4,3,3,4,3,2,2,1
2390,2,2021,1,51,0,0,4,0,1,0,0,0,0,3,2,2,5,1,1,7,1,4,1,1,1,1,1,1,1
2391,2,2021,0,56,1,1,5,0,0,1,0,0,0,4,3,5,3,4,4,5,3,4,6,4,5,4,4,4,0
2392,2,2021,1,52,1,1,5,0,1,0,0,0,0,3,3,3,2,3,3,3,2,2,2,2,2,3,2,2,0
2393,2,2021,1,48,1,1,5,0,1,0,0,0,0,4,4,4,4,3,4,4,5,4,4,4,4,4,3,3,1
2394,2,2021,0,40,1,1,0,1,1,0,0,0,0,1,1,5,2,5,1,7,5,2,5,4,4,1,4,3,0
2395,2,2021,0,30,1,1,0,1,0,1,0,0,0,2,3,6,2,2,1,6,6,6,4,1,1,2,2,1,0
2396,2,2021,0,47,1,1,0,1,1,0,0,0,0,1,1,4,7,1,1,7,1,4,1,1,1,1,1,1,1
2397,2,2021,0,75,1,1,2,0,0,1,0,0,0,6,2,4,6,2,7,6,5,4,5,1,4,1,1,2,1
2398,2,2021,1,39,1,1,5,0,1,0,0,0,0,2,2,5,4,2,2,2,2,4,2,2,4,2,2,2,0
2399,2,2021,1,54,1,1,5,0,1,0,0,0,0,4,3,4,7,4,4,6,4,6,5,4,4,5,4,6,0
2400,2,2021,0,29,1,1,3,0,0,0,0,0,1,5,4,7,6,6,5,7,5,4,3,1,4,3,2,2,1
2401,2,2021,1,40,1,1,5,0,1,0,0,0,0,2,5,4,3,2,2,4,5,4,4,2,2,4,4,6,0
2402,2,2021,1,20,0,0,0,1,0,0,1,0,0,5,2,3,4,4,3,7,1,4,3,1,1,1,1,3,0
2403,2,2021,0,41,0,0,0,1,1,0,0,0,0,2,3,3,5,2,2,5,5,5,5,2,2,5,4,3,1
2404,2,2021,0,73,0,1,2,0,0,1,0,0,0,4,6,6,4,1,5,7,2,6,4,3,2,2,1,1,0
2405,2,2021,0,48,1,1,5,0,1,0,0,0,0,5,4,5,4,4,4,5,4,5,4,1,4,4,1,1,0
2406,2,2021,0,61,1,1,2,0,1,0,0,0,0,5,6,6,6,4,4,6,2,4,4,2,2,2,4,4,0
2407,2,2021,1,55,0,1,5,0,1,0,0,0,0,4,4,4,7,5,1,7,1,7,1,1,1,1,1,1,1
2408,2,2021,0,32,1,0,0,1,0,1,0,0,0,4,4,4,4,3,3,3,4,3,3,4,4,2,3,3,1
2409,2,2021,0,64,0,0,0,1,0,0,0,1,0,1,1,3,6,1,5,7,1,4,5,4,1,1,1,1,1
2410,2,2021,0,28,0,0,0,1,1,0,0,0,0,6,6,5,6,5,6,7,2,4,2,1,3,1,5,2,1
2411,2,2021,0,60,1,1,0,1,0,1,0,0,0,1,2,6,1,6,1,5,2,6,5,4,4,4,4,1,0
2412,2,2021,0,59,1,0,0,1,0,1,0,0,0,1,1,1,1,1,1,7,5,3,5,1,1,1,1,1,1
2413,2,2021,1,53,1,1,5,0,1,0,0,0,0,1,5,4,7,1,1,6,4,6,5,6,4,4,1,1,1
2414,2,2021,1,56,1,1,5,0,1,0,0,0,0,3,3,4,4,4,4,5,5,4,5,3,5,5,4,4,0
2415,2,2021,0,55,0,0,1,0,0,0,0,1,0,5,1,1,1,1,1,7,5,3,4,3,7,7,1,4,1
2416,2,2021,1,46,0,0,4,0,1,0,0,0,0,6,4,5,7,3,2,7,5,7,1,1,7,2,4,7,0
2417,2,2021,0,27,1,0,3,0,1,0,0,0,0,5,2,2,4,3,5,5,1,6,4,2,3,1,1,1,0
2418,2,2021,1,56,1,1,5,0,1,0,0,0,0,1,1,1,1,1,1,1,1,1,1,1,1,1,1,1,1
2419,2,2021,1,48,0,0,4,0,1,0,0,0,0,5,4,7,6,4,4,3,4,3,4,3,4,4,3,4,0
2420,2,2021,0,63,1,1,3,0,1,0,0,0,0,2,2,2,1,2,2,2,2,2,1,1,2,2,1,1,0
2421,2,2021,1,43,0,0,1,0,1,0,0,0,0,4,4,4,4,4,4,4,4,4,4,4,4,4,4,4,1
2422,2,2021,1,66,1,1,5,0,1,0,0,0,0,5,2,3,6,5,2,5,1,4,4,2,1,1,2,2,0
2423,2,2021,0,74,1,1,0,1,0,1,0,0,0,4,6,6,6,6,3,7,1,6,3,2,1,1,1,1,0
2424,2,2021,0,66,0,1,2,0,0,0,0,1,0,3,5,5,6,1,4,7,7,7,1,1,2,1,1,1,1
2425,2,2021,0,54,1,0,2,0,0,1,0,0,0,5,5,6,6,4,5,5,2,4,6,2,4,2,2,2,1
2426,2,2021,0,47,1,0,2,0,0,0,0,1,0,6,5,5,5,4,4,7,5,4,5,4,7,4,4,6,1
2427,2,2021,0,51,1,1,0,1,1,0,0,0,0,4,4,5,7,5,1,7,1,6,1,1,3,1,1,1,0
2428,2,2021,0,69,1,1,0,1,0,1,0,0,0,6,5,7,6,5,3,7,1,7,1,1,5,1,1,1,0
2429,2,2021,1,58,1,1,5,0,1,0,0,0,0,6,1,4,5,1,1,7,6,5,6,1,1,2,4,4,1
2430,2,2021,0,49,1,0,3,0,0,1,0,0,0,1,2,4,6,1,1,6,1,5,2,1,2,2,1,1,1
2431,2,2021,0,36,0,0,1,0,0,0,0,1,0,2,1,2,1,1,1,1,1,1,1,1,2,2,2,1,1
2432,2,2021,0,49,1,1,4,0,0,1,0,0,0,4,2,5,7,1,6,7,5,3,5,3,4,5,1,1,1
2433,2,2021,0,45,1,1,2,0,1,0,0,0,0,1,3,3,2,2,1,7,7,4,6,5,3,5,2,3,1
2434,2,2021,0,41,1,1,4,0,1,0,0,0,0,1,1,3,6,1,1,7,5,3,4,3,4,1,3,3,1
2435,2,2021,0,57,0,0,2,0,1,0,0,0,0,4,4,4,4,4,4,4,4,4,4,4,4,4,4,4,0
2436,2,2021,1,34,0,0,3,0,1,0,0,0,0,3,1,5,5,1,1,6,2,4,4,1,5,4,2,1,1
2437,2,2021,1,51,1,1,5,0,1,0,0,0,0,7,6,6,6,6,5,7,1,7,1,1,1,1,1,1,0
2438,2,2021,1,55,1,1,5,0,1,0,0,0,0,5,3,3,6,5,1,7,4,5,4,3,2,4,5,4,0
2439,2,2021,1,57,1,1,0,1,1,0,0,0,0,1,1,1,1,1,1,1,1,1,1,1,1,1,1,1,1
2440,2,2021,1,66,1,1,4,0,1,0,0,0,0,5,5,5,5,6,2,6,3,7,2,1,6,2,2,4,0
2441,2,2021,0,46,0,0,0,1,0,0,0,1,0,6,6,6,4,3,4,6,7,4,4,5,6,5,4,5,0
2442,2,2021,0,49,0,1,1,0,0,0,0,1,0,5,1,1,7,1,1,6,6,3,6,1,1,5,2,4,1
2443,2,2021,0,52,1,1,5,0,0,1,0,0,0,4,4,5,5,1,5,7,1,5,2,1,1,1,1,1,0
2444,2,2021,1,35,1,1,4,0,1,0,0,0,0,4,2,3,7,1,1,7,1,5,5,1,2,1,1,1,1
2445,2,2021,0,21,0,0,2,0,0,0,1,0,0,5,7,5,7,7,5,7,1,7,4,1,3,1,1,1,0
2446,2,2021,1,54,1,1,5,0,1,0,0,0,0,2,2,4,5,2,3,6,5,3,5,5,6,4,5,5,1
2447,2,2021,1,50,1,1,0,1,1,0,0,0,0,5,6,5,7,4,4,7,4,7,5,4,4,6,6,5,1
2448,2,2021,1,70,1,1,3,0,0,0,0,1,0,4,4,4,4,4,4,4,4,4,4,4,4,5,4,4,1
2449,2,2021,0,67,1,1,3,0,0,1,0,0,0,6,5,5,6,2,5,7,4,6,6,5,3,3,4,2,1
2450,2,2021,0,51,1,0,0,1,0,0,0,1,0,1,4,2,6,2,1,6,5,2,5,3,7,5,4,7,1
2451,2,2021,1,44,0,0,0,1,1,0,0,0,0,6,5,7,6,6,6,6,1,6,5,2,6,6,2,2,0
2452,2,2021,1,72,1,1,4,0,1,0,0,0,0,1,1,1,2,1,1,5,1,1,7,4,7,1,1,5,0
2453,2,2021,0,28,0,0,0,1,1,0,0,0,0,5,1,6,3,2,5,7,5,3,4,2,1,2,2,2,0
2454,2,2021,0,64,1,0,3,0,0,1,0,0,0,5,6,4,5,5,4,4,5,4,5,5,5,5,5,4,1
2455,2,2021,1,66,1,1,5,0,1,0,0,0,0,5,1,5,5,5,1,6,1,5,2,2,2,1,2,1,1
2456,2,2021,1,63,1,1,3,0,1,0,0,0,0,4,4,4,4,4,4,4,5,3,4,4,4,5,4,4,0
2457,2,2021,0,29,0,0,0,1,1,0,0,0,0,5,4,2,5,6,4,1,1,4,3,6,5,5,5,5,1
2458,2,2021,1,55,0,1,4,0,1,0,0,0,0,5,3,4,7,5,1,7,1,7,1,1,1,1,1,1,0
2459,2,2021,0,45,1,1,5,0,1,0,0,0,0,4,4,5,7,3,1,7,1,7,1,1,1,1,1,1,0
2460,2,2021,0,58,0,0,0,1,0,0,0,0,1,4,4,4,1,4,4,4,4,4,4,4,6,4,4,4,1
2461,2,2021,1,47,1,1,5,0,1,0,0,0,0,5,5,5,4,3,3,5,4,4,4,4,4,4,4,4,1
2462,2,2021,1,58,0,1,4,0,1,0,0,0,0,5,6,5,7,5,1,7,2,6,1,1,4,1,1,1,1
2463,2,2021,0,28,0,0,5,0,1,0,0,0,0,2,1,3,1,4,1,6,6,2,7,3,5,4,4,4,1
2464,2,2021,0,39,1,1,5,0,0,1,0,0,0,2,3,5,7,4,1,6,4,4,4,1,1,1,3,3,0
2465,2,2021,1,51,1,0,4,0,1,0,0,0,0,3,5,5,4,4,3,4,5,4,6,4,5,4,5,5,1
2466,2,2021,0,24,0,0,0,1,1,0,0,0,0,4,4,4,4,4,4,4,4,4,4,4,4,4,4,4,0
2467,2,2021,1,68,1,1,2,0,0,0,0,1,0,3,5,4,6,4,4,2,4,4,3,3,5,4,4,6,1
2468,2,2021,0,60,1,1,0,1,1,0,0,0,0,1,1,1,5,5,1,7,4,4,6,1,4,1,1,1,0
2469,2,2021,0,55,1,1,5,0,1,0,0,0,0,3,3,5,6,3,3,6,3,3,3,3,3,3,3,3,0
2470,2,2021,0,30,0,0,3,0,1,0,0,0,0,7,7,6,7,5,1,7,1,7,1,1,1,1,1,1,1
2471,2,2021,0,77,0,1,1,0,0,0,0,1,0,7,7,7,5,7,7,7,1,7,1,1,1,1,1,1,0
2472,2,2021,1,40,0,0,3,0,1,0,0,0,0,7,1,7,1,7,1,7,1,7,7,1,1,1,1,1,1
2473,2,2021,0,32,0,0,2,0,1,0,0,0,0,1,1,4,6,5,6,6,1,5,4,1,1,5,1,1,0
2474,2,2021,1,53,0,0,1,0,0,0,0,1,0,6,1,4,7,5,2,1,3,5,6,2,1,4,2,1,1
2475,2,2021,1,49,0,0,3,0,1,0,0,0,0,5,4,4,5,1,1,7,4,4,4,4,7,1,4,4,1
2476,2,2021,0,52,1,1,0,1,0,1,0,0,0,6,5,6,6,6,5,7,5,6,5,5,5,6,6,5,1
2477,2,2021,0,37,0,0,4,0,1,0,0,0,0,5,5,5,7,6,1,7,2,4,5,1,2,1,5,1,1
2478,2,2021,1,50,1,1,3,0,1,0,0,0,0,4,3,3,4,5,4,4,4,4,4,4,4,4,4,4,0
2479,2,2021,1,22,0,0,4,0,0,0,0,1,0,5,7,5,3,5,1,4,1,1,1,1,4,6,1,7,1
2480,2,2021,1,46,0,0,4,0,1,0,0,0,0,5,5,5,6,4,5,4,3,7,1,1,1,1,1,1,1
2481,2,2021,0,45,0,0,2,0,1,0,0,0,0,5,5,5,5,5,5,5,5,5,5,5,5,5,5,5,0
2482,2,2021,1,28,0,0,2,0,1,0,0,0,0,5,5,2,5,2,1,4,5,2,5,5,3,5,5,3,1
2483,2,2021,0,44,1,1,4,0,1,0,0,0,0,2,1,2,6,4,1,7,7,3,3,6,4,4,2,7,1
2484,2,2021,0,34,1,0,0,1,1,0,0,0,0,3,4,2,2,2,2,2,2,3,3,2,2,2,2,3,1
2485,2,2021,0,60,0,1,0,1,1,0,0,0,0,1,1,5,7,7,6,6,1,7,1,1,1,1,1,1,0
2486,2,2021,0,61,1,1,5,0,1,0,0,0,0,4,5,5,2,7,6,7,1,6,4,1,2,2,2,2,0
2487,2,2021,0,31,0,0,0,1,1,0,0,0,0,1,1,4,5,4,1,6,1,4,1,1,1,1,1,1,1
2488,2,2021,0,30,1,0,0,1,0,1,0,0,0,3,2,3,2,2,1,2,2,3,2,2,2,2,1,1,1
2489,2,2021,0,68,1,1,3,0,0,1,0,0,0,5,7,6,6,5,7,7,1,4,1,1,4,1,1,1,0
2490,2,2021,1,55,0,0,2,0,1,0,0,0,0,5,6,5,5,4,6,5,4,5,2,2,5,2,2,5,1
2491,2,2021,1,55,0,0,0,1,0,0,0,1,0,1,1,1,1,1,1,5,7,1,7,1,1,1,1,1,1
2492,2,2021,1,48,1,1,5,0,1,0,0,0,0,4,4,4,6,4,4,7,1,6,1,1,1,1,1,1,0
2493,2,2021,1,27,0,0,2,0,1,0,0,0,0,4,4,3,3,4,4,4,4,3,3,4,4,4,3,4,1
2494,2,2021,1,41,1,1,2,0,1,0,0,0,0,4,5,4,3,3,3,5,4,4,3,4,4,4,4,3,1
2495,2,2021,0,54,1,1,0,1,1,0,0,0,0,6,7,6,6,7,1,6,1,6,1,1,5,1,1,1,1
2496,2,2021,0,51,0,0,0,1,1,0,0,0,0,1,1,1,1,1,1,1,1,1,1,1,1,1,1,1,1
2497,2,2021,0,40,1,1,4,0,1,0,0,0,0,1,1,5,5,3,4,7,3,6,4,3,4,4,3,4,1
2498,2,2021,1,46,0,0,5,0,1,0,0,0,0,3,3,3,3,2,3,3,4,2,3,3,3,1,3,3,1
2499,2,2021,0,39,1,1,3,0,1,0,0,0,0,2,5,3,3,6,4,4,3,5,3,5,5,3,3,4,1
2500,2,2021,1,61,0,0,1,0,1,0,0,0,0,2,2,2,5,1,1,7,1,5,1,1,2,1,2,2,0
2501,2,2021,1,68,1,1,2,0,0,0,0,1,0,4,7,5,6,4,5,7,4,6,6,4,6,4,4,6,0
2502,2,2021,1,67,1,1,4,0,1,0,0,0,0,4,6,5,6,4,1,6,2,6,2,2,2,2,1,2,0
2503,2,2021,1,56,1,1,5,0,1,0,0,0,0,1,1,1,7,1,1,1,1,7,1,1,2,1,1,1,1
2504,2,2021,1,59,1,0,1,0,0,0,0,1,0,4,3,6,7,2,1,7,6,5,6,2,4,2,1,1,1
2505,2,2021,1,69,0,0,3,0,1,0,0,0,0,4,4,3,7,2,3,6,1,7,1,1,1,1,1,1,1
2506,2,2021,1,52,1,0,3,0,1,0,0,0,0,5,1,2,6,2,1,5,2,4,4,2,5,2,2,2,1
2507,2,2021,0,48,1,0,0,1,0,1,0,0,0,1,1,1,1,1,1,6,7,1,6,6,7,7,6,6,1
2508,2,2021,1,52,1,1,4,0,1,0,0,0,0,5,3,3,5,5,5,6,5,3,2,1,5,3,2,2,1
2509,2,2021,1,62,1,1,3,0,1,0,0,0,0,5,5,4,5,1,5,6,2,6,2,1,2,2,1,1,1
2510,2,2021,1,47,1,0,4,0,1,0,0,0,0,5,5,5,5,2,2,6,3,5,3,3,2,2,3,3,1
2511,2,2021,1,54,1,0,4,0,0,1,0,0,0,7,6,5,7,1,1,7,2,7,1,1,1,1,1,1,0
2512,2,2021,0,44,1,0,0,1,0,1,0,0,0,4,4,4,4,4,4,4,4,4,4,4,7,4,4,4,0
2513,2,2021,1,73,1,1,2,0,1,0,0,0,0,3,3,3,6,1,1,6,2,6,2,2,2,2,1,3,1
2514,2,2021,1,55,1,1,1,0,1,0,0,0,0,4,4,3,4,4,3,3,3,4,4,3,4,4,4,4,0
2515,2,2021,0,36,0,0,0,1,1,0,0,0,0,5,2,1,3,4,1,5,5,3,5,2,2,4,2,1,1
2516,2,2021,1,53,0,0,3,0,1,0,0,0,0,6,6,6,3,5,3,4,6,6,4,5,5,4,6,4,1
2517,2,2021,1,49,0,0,0,1,1,0,0,0,0,5,6,4,6,4,1,6,5,4,1,2,5,4,2,6,1
2518,2,2021,1,34,1,1,4,0,1,0,0,0,0,3,3,4,3,3,4,3,4,4,1,4,4,4,4,3,1
2519,2,2021,1,45,1,0,5,0,1,0,0,0,0,7,7,7,6,7,5,6,4,7,5,5,2,6,5,5,1
2520,2,2021,1,33,0,0,0,1,1,0,0,0,0,1,1,1,1,1,1,1,1,1,1,1,1,1,1,1,1
2521,2,2021,0,50,0,0,0,1,1,0,0,0,0,4,5,5,6,2,5,6,2,3,5,1,5,1,1,4,1
2522,2,2021,1,30,1,1,3,0,1,0,0,0,0,1,4,5,7,7,5,7,7,4,4,4,5,4,7,4,0
2523,2,2021,1,60,1,1,3,0,1,0,0,0,0,4,4,4,4,4,3,3,4,4,3,3,4,4,4,4,1
2524,2,2021,1,63,0,1,2,0,0,0,0,0,1,5,5,4,5,1,1,6,4,4,5,5,4,4,4,4,1
2525,2,2021,0,29,1,0,2,0,0,1,0,0,0,5,5,5,4,5,3,7,5,3,6,6,3,1,3,3,1
2526,2,2021,1,60,1,1,5,0,1,0,0,0,0,3,5,3,3,3,3,3,3,3,3,3,3,3,3,3,0
2527,2,2021,1,48,0,0,3,0,1,0,0,0,0,5,5,5,7,4,4,6,1,4,5,1,1,1,1,1,0
2528,2,2021,0,51,0,0,2,0,1,0,0,0,0,2,2,6,7,2,1,7,1,6,1,1,6,1,1,6,1
2529,2,2021,1,78,1,1,2,0,0,0,0,1,0,1,6,6,7,1,1,7,5,5,4,1,1,4,1,1,0
2530,2,2021,0,45,1,1,2,0,0,1,0,0,0,4,2,4,5,3,1,5,4,3,2,2,4,1,1,1,1
2531,2,2021,0,44,1,1,3,0,1,0,0,0,0,5,5,5,5,5,5,5,5,4,5,3,3,4,5,4,1
2532,2,2021,0,46,1,1,3,0,0,1,0,0,0,5,2,4,5,1,5,6,5,5,3,4,2,1,1,1,1
2533,2,2021,1,58,0,0,1,0,0,0,0,1,0,4,4,4,4,4,4,4,4,4,4,4,4,4,4,4,0
2534,2,2021,0,58,1,1,0,1,1,0,0,0,0,1,3,6,7,7,1,4,4,1,1,1,7,1,1,1,1
2535,2,2021,0,75,0,1,0,1,1,0,0,0,0,6,5,7,7,4,4,7,1,6,1,1,1,1,1,1,1
2536,2,2021,0,28,0,0,5,0,1,0,0,0,0,5,5,6,6,5,2,6,3,5,3,3,3,3,3,3,0
2537,2,2021,1,61,1,1,0,1,1,0,0,0,0,1,1,1,5,1,1,7,1,5,1,1,1,1,1,1,0
2538,2,2021,0,65,1,1,3,0,1,0,0,0,0,5,4,5,5,1,2,7,2,5,5,4,5,4,4,5,1
2539,2,2021,0,43,1,1,5,0,0,1,0,0,0,4,5,6,4,7,4,6,1,5,5,1,1,1,1,1,1
2540,2,2021,1,34,1,1,0,1,1,0,0,0,0,7,7,6,6,6,7,7,6,6,6,6,6,7,6,6,0
2541,2,2021,0,33,0,0,1,0,1,0,0,0,0,5,3,4,4,5,4,6,4,4,5,4,3,3,4,3,1
2542,2,2021,1,54,1,1,4,0,1,0,0,0,0,4,4,4,5,4,5,4,5,3,6,4,4,4,4,3,0
2543,2,2021,1,44,1,1,3,0,1,0,0,0,0,4,4,3,5,4,4,2,5,3,4,5,4,3,5,5,1
2544,2,2021,1,37,0,0,0,1,1,0,0,0,0,5,7,7,4,3,5,7,5,3,4,3,5,1,1,7,0
2545,2,2021,0,34,1,0,2,0,1,0,0,0,0,3,3,4,4,3,4,4,5,4,5,5,3,4,4,4,1
2546,2,2021,0,48,1,1,3,0,1,0,0,0,0,4,5,6,7,3,3,7,5,7,4,1,5,3,5,5,0
2547,2,2021,0,62,1,1,0,1,0,1,0,0,0,4,1,7,6,1,6,7,1,5,5,2,1,1,1,7,0
2548,2,2021,1,47,1,1,4,0,1,0,0,0,0,3,1,3,3,2,2,7,5,3,6,5,5,5,6,5,1
2549,2,2021,1,53,1,1,3,0,1,0,0,0,0,6,7,6,7,3,3,7,1,4,4,2,1,1,2,1,0
2550,2,2021,0,31,1,1,5,0,1,0,0,0,0,4,4,3,3,2,4,4,1,4,3,1,4,4,1,1,1
2551,2,2021,1,60,0,0,2,0,1,0,0,0,0,1,5,1,2,1,1,1,4,5,6,1,7,5,5,7,1
2552,2,2021,0,62,1,1,2,0,0,1,0,0,0,1,1,5,6,1,1,6,2,5,5,2,7,7,2,1,0
2553,2,2021,1,46,0,0,0,1,1,0,0,0,0,4,5,4,4,4,4,4,4,4,4,4,4,4,4,4,1
2554,2,2021,1,77,1,1,3,0,0,0,0,1,0,1,6,4,5,1,1,7,5,3,5,1,5,2,5,6,0
2555,2,2021,0,40,1,1,3,0,0,1,0,0,0,2,5,5,6,2,1,7,1,5,1,1,4,2,1,1,1
2556,2,2021,0,39,1,0,3,0,1,0,0,0,0,6,7,7,7,7,4,7,4,7,1,1,5,1,1,1,1
2557,2,2021,1,57,1,1,0,1,1,0,0,0,0,5,5,5,5,5,5,5,5,5,4,4,5,5,4,4,1
2558,2,2021,0,56,1,1,2,0,0,1,0,0,0,5,5,5,5,5,5,5,5,5,5,5,5,5,5,5,1
2559,2,2021,1,34,1,1,4,0,1,0,0,0,0,2,2,4,2,4,1,6,5,2,2,2,6,4,1,4,1
2560,2,2021,0,48,1,1,0,1,1,0,0,0,0,3,5,5,7,1,1,5,1,6,4,1,1,1,1,1,0
2561,2,2021,0,72,1,1,2,0,0,0,0,1,0,3,6,5,6,3,3,6,3,6,6,3,3,3,3,2,0
2562,2,2021,1,55,1,1,4,0,1,0,0,0,0,3,5,4,4,3,5,5,4,4,4,4,4,4,4,4,1
2563,2,2021,0,43,1,0,4,0,1,0,0,0,0,5,5,5,7,5,1,6,1,6,1,1,1,2,1,1,0
2564,2,2021,0,44,1,0,4,0,0,1,0,0,0,3,6,6,3,1,1,7,7,1,6,3,1,1,1,5,1
2565,2,2021,1,29,1,1,4,0,1,0,0,0,0,4,4,5,5,2,1,7,3,5,2,2,5,2,4,5,0
2566,2,2021,0,70,1,1,0,1,0,1,0,0,0,4,4,3,5,4,4,4,2,5,3,2,3,4,3,3,1
2567,2,2021,1,31,0,0,0,1,1,0,0,0,0,5,3,5,5,4,4,6,1,5,2,1,1,1,1,1,0
2568,2,2021,1,57,0,0,3,0,1,0,0,0,0,4,5,4,3,1,1,1,1,1,4,2,2,1,3,3,1
2569,2,2021,1,56,0,1,3,0,1,0,0,0,0,2,2,4,6,2,1,6,4,4,3,2,4,1,3,2,1
2570,2,2021,0,55,1,1,5,0,1,0,0,0,0,6,1,6,6,4,1,6,4,5,5,1,3,1,1,1,0
2571,2,2021,1,53,1,0,4,0,1,0,0,0,0,2,6,6,7,2,2,6,2,5,2,2,2,2,2,2,1
2572,2,2021,1,73,1,1,0,1,1,0,0,0,0,4,7,7,6,1,1,7,4,6,4,1,4,1,4,4,1
2573,2,2021,0,24,0,0,0,1,0,0,0,1,0,4,4,4,4,4,4,4,3,4,4,4,3,4,4,4,1
2574,2,2021,0,27,1,0,4,0,1,0,0,0,0,3,4,5,5,6,1,7,1,4,5,1,1,1,1,1,1
2575,2,2021,0,57,0,0,1,0,1,0,0,0,0,4,7,7,7,3,1,7,4,4,5,4,5,4,3,3,0
2576,2,2021,0,64,1,1,2,0,1,0,0,0,0,2,4,5,5,1,1,7,2,5,5,4,3,3,3,2,1
2577,2,2021,0,35,0,0,3,0,1,0,0,0,0,2,1,2,4,2,1,4,2,4,3,1,2,1,1,1,1
2578,2,2021,0,48,1,0,3,0,0,1,0,0,0,4,2,2,4,2,1,6,4,3,4,1,4,4,1,1,1
2579,2,2021,1,29,0,0,3,0,1,0,0,0,0,5,5,6,5,5,6,6,3,4,5,5,4,6,6,4,1
2580,2,2021,0,40,1,0,5,0,1,0,0,0,0,6,6,7,7,6,3,7,1,7,1,1,1,1,1,1,0
2581,2,2021,1,44,0,0,4,0,1,0,0,0,0,1,1,1,6,1,1,6,1,2,1,1,1,1,1,1,1
2582,2,2021,1,52,1,1,4,0,1,0,0,0,0,5,5,5,4,5,3,5,4,4,4,3,4,4,3,3,0
2583,2,2021,0,54,1,1,5,0,0,1,0,0,0,5,5,5,6,5,6,7,4,7,5,1,4,2,5,7,0
2584,2,2021,1,43,1,0,0,1,1,0,0,0,0,3,2,4,3,1,1,7,3,4,3,1,3,1,2,1,1
2585,2,2021,1,47,1,1,5,0,1,0,0,0,0,5,3,5,2,2,5,7,5,3,6,6,4,3,5,4,0
2586,2,2021,0,56,0,0,0,1,0,0,0,1,0,1,1,1,1,1,1,1,1,1,1,1,1,1,1,1,1
2587,2,2021,1,46,0,1,4,0,1,0,0,0,0,1,1,1,1,1,1,1,1,1,1,1,1,1,1,1,0
2588,2,2021,1,60,1,1,3,0,0,0,0,1,0,4,4,4,6,3,1,6,4,5,4,2,1,4,2,2,0
2589,2,2021,1,54,0,0,2,0,0,0,0,0,1,1,1,1,6,1,1,7,4,4,4,1,4,4,1,1,1
2590,2,2021,1,55,1,1,5,0,1,0,0,0,0,1,1,1,1,1,1,1,1,1,1,1,1,1,1,1,1
2591,2,2021,1,66,0,0,2,0,0,0,0,1,0,6,1,3,3,1,2,5,1,3,2,1,2,1,2,1,1
2592,2,2021,0,33,0,0,4,0,1,0,0,0,0,5,4,5,5,6,2,4,5,3,5,5,4,5,6,3,0
2593,2,2021,1,56,1,1,3,0,1,0,0,0,0,1,1,1,6,5,1,5,1,4,1,1,4,1,1,1,1
2594,2,2021,1,68,1,1,5,0,1,0,0,0,0,4,4,4,4,4,4,5,4,4,4,4,4,4,4,4,0
2595,2,2021,1,49,0,0,3,0,1,0,0,0,0,5,7,7,6,1,1,4,1,4,1,4,4,1,5,7,0
2596,2,2021,0,51,1,1,0,1,1,0,0,0,0,5,1,5,6,4,2,6,3,4,3,1,4,1,1,1,1
2597,2,2021,1,37,1,1,4,0,1,0,0,0,0,7,3,6,6,1,1,7,5,4,1,1,1,5,1,1,1
2598,2,2021,0,60,1,1,1,0,1,0,0,0,0,2,3,3,5,4,4,5,4,4,3,3,4,3,3,3,1
2599,2,2021,0,58,0,1,2,0,0,1,0,0,0,6,7,5,7,1,1,7,4,4,7,4,7,1,4,4,1
2600,2,2021,0,44,1,1,0,1,0,1,0,0,0,5,5,5,5,5,5,5,5,5,5,5,5,5,5,5,0
2601,2,2021,0,56,1,1,0,1,0,0,0,0,1,2,2,6,5,7,2,6,4,4,4,2,1,1,1,1,0
2602,2,2021,0,51,1,1,2,0,0,0,0,1,0,4,1,4,4,4,1,6,3,4,3,3,4,4,3,3,1
2603,2,2021,1,47,0,0,5,0,1,0,0,0,0,5,2,6,6,7,1,7,2,5,3,1,3,2,1,1,1
2604,2,2021,0,39,0,0,5,0,1,0,0,0,0,4,5,5,6,3,3,6,3,5,3,2,4,2,1,1,0
2605,2,2021,0,50,1,1,5,0,0,0,0,1,0,4,4,5,6,6,3,4,4,6,4,1,4,4,1,4,1
2606,2,2021,1,46,1,1,4,0,1,0,0,0,0,5,6,5,6,2,5,7,6,4,7,5,6,4,3,6,1
2607,2,2021,0,61,1,1,2,0,0,1,0,0,0,7,7,7,7,2,6,1,5,7,1,1,6,2,1,1,1
2608,2,2021,1,66,1,1,5,0,1,0,0,0,0,5,6,5,6,3,5,6,2,5,4,4,4,2,2,4,0
2609,2,2021,1,42,0,0,3,0,1,0,0,0,0,5,7,5,6,5,1,7,4,4,4,4,4,1,3,1,1
2610,2,2021,1,74,1,1,4,0,1,0,0,0,0,4,4,5,6,4,1,7,2,5,3,3,4,4,3,3,1
2611,2,2021,1,66,1,1,1,0,0,0,0,1,0,5,7,7,7,1,5,7,4,4,4,2,5,1,7,4,1
2612,2,2021,0,51,1,1,0,1,1,0,0,0,0,5,5,4,5,5,1,5,3,5,4,2,4,2,3,5,0
2613,2,2021,0,26,1,0,0,1,1,0,0,0,0,1,1,3,1,1,1,7,1,3,1,1,1,1,1,1,1
2614,2,2021,0,64,1,1,5,0,1,0,0,0,0,4,5,6,6,4,3,6,2,5,2,2,3,3,2,2,1
2615,2,2021,1,26,0,0,5,0,1,0,0,0,0,3,3,3,3,3,3,3,3,3,3,3,3,3,3,3,0
2616,2,2021,0,73,1,1,0,1,0,1,0,0,0,5,3,2,7,5,2,7,4,7,4,4,7,4,4,3,1
2617,2,2021,1,51,1,1,0,1,1,0,0,0,0,2,3,5,4,2,2,6,5,4,4,2,6,2,4,6,1
2618,2,2021,1,60,0,1,5,0,0,0,0,1,0,2,2,6,6,2,2,6,1,4,2,1,2,1,2,2,1
2619,2,2021,0,62,0,1,1,0,1,0,0,0,0,5,4,5,6,4,4,6,4,6,5,4,6,4,4,4,0
2620,2,2021,1,66,1,1,2,0,0,0,0,1,0,5,5,5,5,3,5,5,5,5,5,3,3,3,3,3,1
2621,2,2021,0,39,0,0,2,0,1,0,0,0,0,4,7,7,7,4,5,7,1,4,1,1,1,1,1,1,0
2622,2,2021,1,60,0,0,0,1,0,0,0,1,0,3,4,4,5,2,1,5,5,4,4,2,5,4,4,5,1
2623,2,2021,1,23,0,0,5,0,0,0,1,0,0,5,1,4,3,3,2,6,1,3,1,1,1,1,1,1,1
2624,2,2021,1,51,1,1,2,0,1,0,0,0,0,4,4,4,4,4,4,4,4,4,4,4,4,4,4,4,1
2625,2,2021,1,45,1,1,0,1,0,0,0,0,1,4,5,4,4,4,4,4,4,3,5,4,4,4,5,4,1
2626,2,2021,1,30,0,0,3,0,1,0,0,0,0,5,1,4,1,1,1,5,1,1,1,1,7,1,1,1,1
2627,2,2021,0,57,0,0,1,0,1,0,0,0,0,1,2,3,3,1,1,5,7,1,5,4,7,5,5,7,1
2628,2,2021,0,25,0,0,3,0,1,0,0,0,0,6,1,4,5,2,1,6,5,1,5,1,7,1,2,5,1
2629,2,2021,1,42,1,1,3,0,1,0,0,0,0,1,1,1,1,1,1,1,1,1,1,1,1,1,1,1,0
2630,2,2021,0,63,1,1,1,0,0,1,0,0,0,2,5,5,3,4,2,5,4,3,4,4,2,4,5,4,1
2631,2,2021,1,59,0,0,0,1,0,0,0,1,0,1,6,3,7,1,6,5,5,3,5,1,1,1,2,3,0
2632,2,2021,0,30,1,1,4,0,0,1,0,0,0,1,1,4,6,4,4,7,3,3,5,1,2,1,1,2,1
2633,2,2021,1,31,0,0,5,0,1,0,0,0,0,4,7,4,4,5,1,4,4,4,4,4,4,4,4,4,0
2634,2,2021,1,56,1,0,2,0,1,0,0,0,0,4,5,4,3,4,4,4,3,3,3,3,3,3,3,3,1
2635,2,2021,1,53,1,1,5,0,1,0,0,0,0,5,5,6,4,5,3,7,5,5,5,4,7,5,4,5,1
2636,2,2021,0,47,0,0,0,1,1,0,0,0,0,5,5,4,3,3,1,5,4,4,5,4,7,1,4,5,0
2637,2,2021,1,44,0,0,4,0,1,0,0,0,0,1,1,1,1,1,1,1,1,1,1,1,1,1,1,1,1
2638,2,2021,1,70,1,1,3,0,0,0,0,1,0,5,5,5,5,5,4,5,3,5,3,3,3,3,3,3,1
2639,2,2021,0,57,1,1,4,0,1,0,0,0,0,1,2,5,3,2,1,7,6,4,6,5,7,2,1,1,0
2640,2,2021,0,49,0,0,3,0,1,0,0,0,0,4,4,4,4,4,4,3,4,4,3,4,4,4,4,4,1
2641,2,2021,1,69,1,1,1,0,0,0,0,1,0,3,5,3,7,1,1,7,1,4,1,1,7,1,1,6,1
2642,2,2021,1,56,1,1,5,0,1,0,0,0,0,1,1,1,1,1,1,1,1,1,1,1,1,1,1,1,1
2643,2,2021,0,19,0,1,0,1,0,1,0,0,0,3,5,7,6,5,2,7,6,4,5,1,4,6,4,3,0
2644,2,2021,0,39,1,1,0,1,1,0,0,0,0,4,3,4,6,1,1,5,4,5,4,1,2,2,1,1,1
2645,2,2021,1,48,1,1,5,0,1,0,0,0,0,2,4,5,3,2,1,7,5,3,4,2,5,1,1,1,1
2646,2,2021,0,41,0,0,1,0,0,1,0,0,0,5,7,2,7,1,5,7,3,3,4,4,6,4,3,5,1
2647,2,2021,0,42,0,0,0,1,1,0,0,0,0,2,4,3,2,2,1,5,5,3,4,3,4,3,2,4,1
2648,2,2021,1,49,0,0,3,0,1,0,0,0,0,4,4,4,4,2,1,4,4,4,4,4,4,4,4,4,1
2649,2,2021,1,30,1,0,3,0,1,0,0,0,0,5,5,6,4,4,3,7,5,5,6,4,6,4,5,4,0
2650,2,2021,0,42,1,0,4,0,1,0,0,0,0,5,5,5,6,1,1,7,4,6,4,4,4,4,4,4,1
2651,2,2021,0,34,1,1,5,0,1,0,0,0,0,6,6,6,7,1,1,7,2,5,2,1,1,1,1,1,0
2652,2,2021,0,42,0,1,3,0,1,0,0,0,0,4,5,5,5,5,1,6,4,4,4,2,2,1,4,3,1
2653,2,2021,1,61,1,0,3,0,1,0,0,0,0,4,5,4,6,4,3,3,4,5,3,2,4,3,4,4,1
2654,2,2021,1,70,1,0,5,0,1,0,0,0,0,4,5,5,6,5,2,4,2,4,2,1,2,3,1,2,1
2655,2,2021,1,54,1,1,2,0,1,0,0,0,0,7,5,7,7,7,7,7,7,7,6,7,7,6,7,7,0
2656,2,2021,1,52,1,1,5,0,1,0,0,0,0,4,3,3,4,4,4,3,3,4,3,3,5,4,3,4,0
2657,2,2021,0,47,1,0,5,0,0,1,0,0,0,5,4,5,4,4,3,4,4,5,4,3,3,4,4,4,1
2658,2,2021,0,30,0,0,4,0,1,0,0,0,0,5,4,3,3,2,4,6,2,3,1,1,4,1,1,1,1
2659,2,2021,1,43,1,1,4,0,1,0,0,0,0,5,2,3,6,2,2,6,5,3,6,2,2,4,3,2,1
1,3,2022,1,55,1,1,4,0,1,0,0,0,0,4,1,5,6,3,1,7,1,4,2,1,5,2,6,1,1
2,3,2022,0,68,1,1,5,0,0,1,0,0,0,6,6,7,7,7,6,7,1,7,2,1,1,1,1,1,0
3,3,2022,1,50,0,0,3,0,1,0,0,0,0,5,5,3,6,1,1,5,2,4,1,1,1,1,1,1,1
4,3,2022,1,64,1,1,5,0,1,0,0,0,0,4,6,5,6,3,2,6,2,5,2,2,2,2,2,2,0
5,3,2022,1,61,1,1,0,1,1,0,0,0,0,5,2,2,5,5,5,5,4,5,4,4,4,4,4,4,1
6,3,2022,1,60,0,1,3,0,1,0,0,0,0,1,1,1,7,3,1,7,4,7,4,1,5,4,4,4,1
7,3,2022,1,67,1,1,3,0,1,0,0,0,0,6,6,6,6,5,1,6,2,6,5,2,4,2,2,2,1
8,3,2022,1,51,0,0,0,1,1,0,0,0,0,4,2,4,4,2,1,7,4,2,4,1,5,4,1,5,1
9,3,2022,1,44,0,0,4,0,1,0,0,0,0,4,4,4,7,7,1,7,5,4,6,5,1,1,2,1,1
10,3,2022,1,53,0,0,4,0,1,0,0,0,0,4,5,5,5,1,5,7,3,7,5,3,3,1,1,2,1
11,3,2022,1,68,1,1,3,0,0,0,0,1,0,2,3,3,5,2,4,5,4,4,5,2,5,5,2,1,1
12,3,2022,1,68,0,1,2,0,0,0,0,1,0,5,4,4,3,3,5,5,2,4,2,1,2,2,1,2,1
13,3,2022,1,64,0,0,2,0,1,0,0,0,0,5,1,1,6,1,1,5,1,4,1,1,5,4,1,1,1
14,3,2022,1,57,1,1,5,0,1,0,0,0,0,5,6,4,4,3,2,6,3,4,3,2,3,3,2,2,0
15,3,2022,1,53,0,0,1,0,0,0,0,1,0,2,2,3,3,2,1,4,5,2,1,1,7,1,1,4,1
16,3,2022,1,66,1,0,5,0,0,0,0,1,0,5,5,5,4,5,1,7,1,4,1,1,1,1,1,1,1
17,3,2022,1,63,1,1,3,0,1,0,0,0,0,6,1,6,4,4,5,4,6,5,4,3,6,5,5,5,0
18,3,2022,1,70,1,1,4,0,0,0,0,1,0,7,7,7,7,7,5,7,1,6,1,1,3,1,1,1,0
19,3,2022,0,50,0,0,3,0,1,0,0,0,0,4,6,6,6,1,1,7,1,7,1,1,4,1,1,1,1
20,3,2022,1,74,0,0,3,0,0,0,0,1,0,6,5,6,6,6,1,7,1,5,4,1,4,1,1,1,0
21,3,2022,0,73,0,1,1,0,0,1,0,0,0,5,5,5,7,4,4,7,1,6,1,1,4,1,1,1,0
22,3,2022,0,52,1,1,5,0,1,0,0,0,0,5,4,3,5,5,3,7,3,4,3,3,3,3,3,3,1
23,3,2022,0,47,1,1,5,0,1,0,0,0,0,7,7,7,7,7,7,7,1,7,1,1,1,1,1,1,0
24,3,2022,1,74,1,1,2,0,0,0,0,1,0,3,2,3,6,2,2,6,4,5,5,4,3,4,3,3,1
25,3,2022,1,65,1,1,5,0,1,0,0,0,0,4,2,4,6,7,1,5,4,4,3,2,4,2,1,1,0
26,3,2022,1,70,1,0,2,0,0,0,0,1,0,3,2,2,2,5,1,7,1,4,2,1,1,1,2,1,1
27,3,2022,1,63,1,1,4,0,0,1,0,0,0,3,2,4,5,5,5,5,3,4,3,3,3,2,3,2,1
28,3,2022,1,52,1,1,5,0,1,0,0,0,0,3,6,6,7,4,1,6,1,6,1,1,1,1,1,1,0
29,3,2022,1,72,1,1,3,0,0,0,0,1,0,5,5,4,5,4,4,4,4,4,4,4,4,4,4,4,0
30,3,2022,0,50,1,1,0,1,0,1,0,0,0,5,4,4,6,6,1,7,1,4,5,3,1,1,4,1,1
31,3,2022,0,56,1,1,5,0,1,0,0,0,0,5,5,5,5,5,5,7,3,4,5,1,1,5,1,1,0
32,3,2022,0,61,0,0,2,0,1,0,0,0,0,5,5,5,5,4,3,6,4,5,4,2,4,2,2,2,1
33,3,2022,0,58,0,1,0,1,1,0,0,0,0,6,3,5,7,4,1,7,1,5,3,1,4,1,1,3,1
34,3,2022,1,42,1,1,4,0,1,0,0,0,0,4,4,4,4,4,4,4,4,4,4,4,4,4,4,4,1
35,3,2022,0,50,1,0,5,0,0,1,0,0,0,1,7,4,5,5,6,7,5,3,3,2,1,4,1,1,1
36,3,2022,0,76,1,1,3,0,0,1,0,0,0,5,5,5,7,2,5,7,4,4,3,1,2,1,1,1,0
37,3,2022,1,60,1,1,4,0,1,0,0,0,0,4,1,5,5,1,1,5,1,5,1,1,5,1,1,1,0
38,3,2022,0,65,1,1,4,0,1,0,0,0,0,1,1,1,1,1,1,7,7,1,7,7,7,7,7,7,1
39,3,2022,1,58,1,1,2,0,1,0,0,0,0,1,1,5,7,1,1,1,2,5,3,2,5,2,2,5,1
40,3,2022,1,60,1,1,5,0,1,0,0,0,0,4,4,4,7,4,4,4,4,4,4,4,4,4,4,4,1
41,3,2022,0,68,1,1,3,0,0,1,0,0,0,4,5,5,7,3,5,7,1,5,1,1,1,1,1,1,1
42,3,2022,1,69,1,1,3,0,1,0,0,0,0,3,5,6,7,4,5,7,2,4,2,2,5,2,2,2,1
43,3,2022,0,57,0,1,2,0,1,0,0,0,0,1,1,1,7,1,1,7,5,5,5,2,3,1,2,1,1
44,3,2022,1,66,1,1,5,0,1,0,0,0,0,5,5,5,5,5,4,5,5,5,5,1,2,2,5,3,0
45,3,2022,0,54,1,1,4,0,0,1,0,0,0,4,2,5,6,4,2,6,3,4,2,2,3,3,2,2,0
46,3,2022,1,67,0,0,1,0,0,0,0,1,0,1,2,3,4,1,1,7,1,4,1,1,6,4,1,1,1
47,3,2022,1,63,1,1,5,0,0,0,0,1,0,6,6,5,6,6,5,6,1,6,1,1,1,1,1,1,0
48,3,2022,1,73,1,1,2,0,0,0,0,1,0,6,5,6,5,6,3,6,1,6,4,3,1,1,5,1,0
49,3,2022,0,48,1,1,5,0,1,0,0,0,0,4,4,4,5,5,4,4,4,4,4,4,4,4,4,4,1
50,3,2022,1,53,1,1,5,0,1,0,0,0,0,7,7,7,5,6,1,6,2,5,4,1,2,1,1,1,0
51,3,2022,1,60,1,1,3,0,1,0,0,0,0,1,1,1,5,1,1,5,1,2,1,1,1,4,1,6,1
52,3,2022,1,80,1,1,3,0,0,0,0,1,0,4,4,4,7,3,3,3,2,2,2,2,6,1,2,2,0
53,3,2022,1,58,0,0,4,0,1,0,0,0,0,1,2,1,5,2,1,2,1,4,3,1,1,1,1,1,1
54,3,2022,0,54,1,1,3,0,0,1,0,0,0,1,3,2,7,2,1,7,4,3,3,1,5,4,2,2,1
55,3,2022,0,62,1,1,3,0,0,1,0,0,0,4,5,5,7,2,2,6,3,4,4,2,4,1,1,1,0
56,3,2022,1,73,1,1,3,0,0,0,0,1,0,3,6,5,4,3,2,7,5,6,5,4,4,4,4,4,1
57,3,2022,1,66,0,0,1,0,1,0,0,0,0,1,1,1,6,1,1,1,1,1,1,1,4,1,1,1,0
58,3,2022,1,54,0,0,0,1,1,0,0,0,0,5,3,4,6,4,3,6,2,6,4,2,5,3,2,3,0
59,3,2022,1,58,1,0,0,1,1,0,0,0,0,3,4,4,6,4,2,4,4,4,4,4,4,4,4,4,1
60,3,2022,1,71,0,0,1,0,0,0,0,1,0,5,2,2,6,1,1,7,2,5,1,1,7,4,1,4,1
61,3,2022,1,60,1,0,4,0,1,0,0,0,0,3,1,5,6,1,1,7,6,2,5,2,5,1,1,1,1
62,3,2022,1,63,1,1,5,0,1,0,0,0,0,5,6,5,6,5,2,6,2,5,2,2,2,2,2,2,1
63,3,2022,1,67,0,0,1,0,0,0,0,1,0,3,3,3,3,3,1,4,4,4,4,4,4,4,4,4,1
64,3,2022,1,57,1,1,2,0,1,0,0,0,0,6,1,1,5,4,1,7,4,2,1,1,5,2,1,1,1
65,3,2022,1,81,1,1,2,0,0,0,0,1,0,5,5,5,5,5,5,5,4,5,4,4,4,4,4,3,0
66,3,2022,0,47,0,0,4,0,1,0,0,0,0,5,2,3,7,5,1,7,1,4,1,1,2,1,1,1,1
67,3,2022,1,61,0,0,3,0,1,0,0,0,0,2,1,2,5,5,2,6,1,5,1,1,4,2,1,1,0
68,3,2022,1,73,1,1,5,0,1,0,0,0,0,3,5,4,4,4,5,3,5,5,4,3,3,4,4,5,0
69,3,2022,0,60,1,1,2,0,0,1,0,0,0,5,5,6,6,6,5,7,2,5,2,2,2,2,1,1,1
70,3,2022,1,47,1,1,5,0,1,0,0,0,0,2,1,5,5,2,1,6,4,2,4,3,4,4,2,3,1
71,3,2022,0,56,1,1,0,1,0,1,0,0,0,5,5,6,7,5,1,7,1,6,4,1,1,1,1,1,1
72,3,2022,1,57,1,0,5,0,1,0,0,0,0,2,1,1,2,1,1,1,3,3,4,3,3,6,2,5,0
73,3,2022,1,65,1,1,5,0,1,0,0,0,0,2,5,6,7,6,2,7,2,7,4,1,2,2,1,2,0
74,3,2022,1,47,1,0,5,0,1,0,0,0,0,4,4,4,4,4,4,4,4,3,4,4,4,4,4,4,0
75,3,2022,0,55,1,1,4,0,1,0,0,0,0,3,6,5,7,4,1,5,5,6,1,1,2,3,1,1,1
76,3,2022,1,74,1,1,2,0,1,0,0,0,0,5,1,6,6,5,4,5,1,5,5,1,4,1,1,5,0
77,3,2022,0,48,0,0,0,1,1,0,0,0,0,4,1,4,3,5,5,5,4,5,5,2,4,3,2,3,0
78,3,2022,0,70,1,1,2,0,0,1,0,0,0,6,5,5,5,3,5,6,1,3,6,3,2,1,1,1,0
79,3,2022,1,58,1,0,3,0,1,0,0,0,0,3,4,3,1,6,5,6,1,5,1,2,2,1,5,5,1
80,3,2022,0,60,0,1,5,0,1,0,0,0,0,4,2,4,3,2,1,3,4,4,5,4,5,4,4,4,1
81,3,2022,1,76,1,1,2,0,1,0,0,0,0,6,5,4,6,5,4,6,3,6,4,2,4,4,1,1,0
82,3,2022,1,65,0,0,1,0,0,0,0,1,0,2,2,2,6,1,1,6,4,4,4,4,4,4,4,4,1
83,3,2022,1,80,0,1,2,0,0,0,0,1,0,2,5,5,4,1,5,7,4,5,4,1,6,1,1,1,1
84,3,2022,1,52,1,0,5,0,1,0,0,0,0,3,3,5,5,3,2,7,5,5,3,1,4,2,1,3,1
85,3,2022,1,58,1,1,5,0,1,0,0,0,0,3,7,5,6,3,3,6,2,2,5,1,7,3,1,1,1
86,3,2022,1,52,1,1,5,0,1,0,0,0,0,5,6,5,6,5,1,6,1,5,1,1,1,1,1,1,0
87,3,2022,0,50,0,0,1,0,1,0,0,0,0,4,4,4,4,4,4,4,4,4,4,4,4,4,4,4,1
88,3,2022,1,46,1,1,5,0,1,0,0,0,0,1,1,4,5,5,4,4,4,4,4,4,3,4,4,4,1
89,3,2022,1,60,1,1,0,1,1,0,0,0,0,4,4,4,4,4,2,4,4,4,4,3,4,4,4,4,0
90,3,2022,0,53,1,0,5,0,0,1,0,0,0,4,5,4,4,5,1,7,1,4,1,1,1,1,1,1,0
91,3,2022,1,59,1,0,5,0,1,0,0,0,0,2,5,2,6,4,1,5,2,6,2,1,5,1,1,1,1
92,3,2022,1,66,1,1,0,1,1,0,0,0,0,5,6,6,6,6,5,7,1,6,5,2,3,2,2,2,0
93,3,2022,1,63,1,1,2,0,1,0,0,0,0,4,4,4,4,4,4,4,4,4,4,4,3,4,4,4,1
94,3,2022,1,56,0,0,1,0,0,0,0,1,0,5,6,5,5,1,1,7,1,4,1,1,1,1,1,1,1
95,3,2022,0,43,1,1,5,0,1,0,0,0,0,1,2,4,6,1,7,7,4,4,3,1,1,1,1,1,1
96,3,2022,1,71,1,1,1,0,0,0,0,1,0,2,2,4,7,5,1,7,1,4,1,1,1,1,1,1,1
97,3,2022,1,72,0,0,5,0,0,0,0,1,0,6,1,4,5,1,1,5,1,4,2,1,5,1,1,1,1
98,3,2022,1,64,1,1,0,1,1,0,0,0,0,1,1,2,7,5,5,5,1,5,1,1,2,1,1,2,0
99,3,2022,1,51,0,0,4,0,1,0,0,0,0,6,6,6,7,4,1,6,1,4,1,1,1,1,1,1,0
100,3,2022,0,52,0,0,4,0,1,0,0,0,0,3,4,2,5,1,1,5,2,4,3,1,2,2,1,1,1
101,3,2022,0,57,1,1,4,0,1,0,0,0,0,1,3,3,3,2,1,7,5,6,2,1,1,4,2,4,1
102,3,2022,0,73,1,0,2,0,0,1,0,0,0,4,2,5,6,3,3,5,4,4,4,4,4,4,4,4,1
103,3,2022,1,57,1,1,5,0,1,0,0,0,0,4,4,4,4,5,5,4,4,4,4,4,4,4,4,4,1
104,3,2022,1,69,1,1,2,0,0,0,0,1,0,5,5,6,6,3,4,5,1,5,1,1,1,1,1,1,1
105,3,2022,1,72,1,1,5,0,0,0,0,1,0,2,5,4,6,1,1,6,1,3,1,1,2,1,1,1,0
106,3,2022,0,62,1,1,5,0,0,1,0,0,0,5,7,7,7,5,1,7,1,7,1,1,1,1,1,1,0
107,3,2022,0,60,1,1,5,0,0,1,0,0,0,4,2,5,5,7,7,7,5,5,5,4,5,4,4,4,0
108,3,2022,0,72,1,1,5,0,1,0,0,0,0,5,5,4,6,4,2,5,1,6,1,1,2,1,1,1,1
109,3,2022,1,57,1,1,5,0,1,0,0,0,0,1,5,1,7,7,1,7,1,4,1,1,1,1,1,1,0
110,3,2022,1,70,1,1,2,0,0,0,0,1,0,5,6,6,6,6,1,7,2,5,4,2,4,1,1,1,1
111,3,2022,1,51,0,0,3,0,1,0,0,0,0,5,5,3,6,5,1,7,4,5,3,1,1,1,1,1,1
112,3,2022,0,67,1,1,3,0,1,0,0,0,0,2,5,6,7,7,5,7,2,7,2,1,2,2,1,1,0
113,3,2022,1,53,1,1,4,0,1,0,0,0,0,1,1,1,1,1,1,1,1,1,1,1,1,1,1,1,1
114,3,2022,1,70,1,1,4,0,0,0,0,1,0,3,5,6,6,1,5,7,1,5,5,6,1,1,1,1,0
115,3,2022,1,52,0,0,4,0,1,0,0,0,0,4,5,6,6,4,1,7,4,4,3,1,4,4,1,1,1
116,3,2022,1,79,1,1,3,0,0,0,0,1,0,4,6,5,6,5,4,5,3,4,4,3,3,3,3,4,1
117,3,2022,1,66,0,1,1,0,0,0,0,1,0,7,6,5,6,2,1,5,1,4,4,1,4,1,1,1,1
118,3,2022,1,55,1,1,5,0,1,0,0,0,0,2,5,6,2,3,3,6,2,3,4,1,1,1,1,1,1
119,3,2022,1,70,1,1,4,0,1,0,0,0,0,1,1,1,1,1,1,1,1,1,1,1,1,1,1,1,1
120,3,2022,0,71,1,1,2,0,0,1,0,0,0,6,6,6,6,7,1,6,2,5,6,1,3,2,1,1,1
121,3,2022,1,60,1,1,4,0,1,0,0,0,0,6,6,5,6,5,1,7,2,5,1,1,5,1,1,1,1
122,3,2022,1,61,1,1,0,1,1,0,0,0,0,6,7,6,6,7,6,7,6,6,6,7,6,6,5,6,1
123,3,2022,1,51,1,1,3,0,1,0,0,0,0,2,5,4,5,2,1,6,3,4,3,1,2,2,1,1,1
124,3,2022,1,45,0,0,2,0,1,0,0,0,0,1,1,1,6,1,1,7,4,3,4,4,6,4,4,5,1
125,3,2022,1,61,1,1,4,0,1,0,0,0,0,5,5,4,5,5,1,7,1,5,2,1,1,5,1,1,1
126,3,2022,0,76,0,1,0,1,1,0,0,0,0,5,4,4,7,5,1,7,4,4,4,1,4,1,1,1,1
127,3,2022,0,53,0,0,0,1,1,0,0,0,0,4,4,4,7,4,4,4,4,4,4,4,4,4,4,4,0
128,3,2022,1,63,0,0,4,0,0,0,0,1,0,5,6,6,7,5,1,7,1,5,1,1,1,1,1,1,1
129,3,2022,1,72,1,1,5,0,0,0,0,0,1,2,5,6,5,5,2,7,1,5,5,2,2,2,2,2,1
130,3,2022,1,57,1,1,5,0,1,0,0,0,0,5,2,4,6,3,1,6,2,6,3,2,2,2,1,2,0
131,3,2022,1,55,0,0,3,0,1,0,0,0,0,5,5,5,4,1,1,7,7,4,5,4,7,1,1,7,1
132,3,2022,1,62,1,1,5,0,0,0,0,0,1,4,5,4,4,4,5,5,2,4,2,1,1,1,1,1,0
133,3,2022,1,51,1,1,4,0,1,0,0,0,0,1,1,5,7,1,1,7,5,1,6,4,7,7,1,1,1
134,3,2022,0,59,1,0,0,1,1,0,0,0,0,3,4,4,4,2,1,7,2,4,2,1,2,2,1,1,1
135,3,2022,1,59,0,0,1,0,1,0,0,0,0,1,7,1,4,1,1,1,1,4,1,1,1,1,1,1,1
136,3,2022,1,51,1,1,4,0,1,0,0,0,0,7,5,4,7,4,4,6,1,7,1,1,1,2,1,1,1
137,3,2022,1,54,1,1,4,0,1,0,0,0,0,6,6,4,5,4,5,5,3,5,3,2,4,3,3,2,1
138,3,2022,1,73,1,1,3,0,1,0,0,0,0,6,6,5,7,5,2,6,1,6,2,1,1,1,1,1,0
139,3,2022,0,67,1,1,3,0,0,1,0,0,0,7,4,6,7,4,3,6,1,7,1,1,2,1,1,1,1
140,3,2022,1,70,1,1,1,0,1,0,0,0,0,3,3,3,4,3,3,3,4,3,5,5,4,4,5,5,0
141,3,2022,1,55,0,0,4,0,1,0,0,0,0,5,5,5,4,5,4,5,4,4,4,4,4,4,4,4,0
142,3,2022,0,47,1,1,3,0,1,0,0,0,0,6,6,5,7,6,2,7,2,7,4,2,2,1,2,2,0
143,3,2022,1,54,1,1,5,0,1,0,0,0,0,6,1,1,5,6,5,4,1,4,1,1,4,1,1,5,0
144,3,2022,0,77,0,1,1,0,0,1,0,0,0,5,7,7,5,6,4,7,1,7,1,1,4,1,1,1,0
145,3,2022,1,52,0,1,2,0,1,0,0,0,0,4,2,5,5,1,1,5,1,5,1,1,1,1,1,1,0
146,3,2022,1,51,1,1,0,1,1,0,0,0,0,2,5,5,6,7,1,7,1,4,5,1,3,1,2,1,1
147,3,2022,1,55,1,1,5,0,1,0,0,0,0,4,2,4,4,6,2,7,3,6,4,4,2,4,4,4,0
148,3,2022,1,54,0,1,1,0,0,0,0,1,0,4,2,2,3,4,7,7,4,2,1,1,7,1,1,1,1
149,3,2022,0,63,1,1,5,0,0,1,0,0,0,6,7,6,6,6,1,6,2,6,3,2,4,2,2,4,0
150,3,2022,1,67,1,0,2,0,0,0,0,1,0,7,7,4,6,5,4,5,1,4,4,3,2,2,2,1,1
151,3,2022,1,61,0,0,2,0,0,0,0,1,0,2,1,4,4,2,1,7,4,1,4,2,5,3,1,2,1
152,3,2022,1,62,1,1,2,0,1,0,0,0,0,7,7,4,5,5,1,7,1,3,1,1,5,1,1,1,0
153,3,2022,1,58,1,1,5,0,1,0,0,0,0,1,2,2,5,5,1,5,1,4,1,1,5,1,1,5,1
154,3,2022,1,79,1,1,3,0,0,0,0,1,0,6,6,6,6,4,1,7,4,5,5,2,4,4,2,1,1
155,3,2022,0,70,1,0,2,0,0,1,0,0,0,5,1,4,3,3,1,6,2,4,1,1,4,1,1,1,1
156,3,2022,1,58,0,0,1,0,0,0,0,1,0,1,5,5,1,2,1,7,6,1,6,5,4,4,6,4,1
157,3,2022,1,60,1,1,3,0,1,0,0,0,0,4,4,5,4,4,4,4,3,5,3,5,4,4,4,4,1
158,3,2022,1,57,0,0,3,0,1,0,0,0,0,4,3,5,7,2,1,5,1,6,1,1,5,1,1,5,0
159,3,2022,1,50,0,0,1,0,1,0,0,0,0,7,6,6,6,1,1,5,1,5,1,1,2,1,1,1,1
160,3,2022,1,64,1,1,5,0,1,0,0,0,0,4,5,5,7,4,5,5,1,6,1,1,1,1,5,1,0
161,3,2022,1,59,0,0,5,0,1,0,0,0,0,3,2,4,5,3,3,7,5,3,5,1,3,1,3,3,1
162,3,2022,1,47,1,1,0,1,1,0,0,0,0,3,5,6,4,2,4,7,5,2,5,2,4,4,2,3,0
163,3,2022,1,75,1,1,5,0,0,0,0,1,0,5,4,6,6,5,1,6,2,4,1,1,4,1,1,1,0
164,3,2022,1,67,1,1,2,0,0,0,0,1,0,3,5,3,5,2,1,6,5,4,4,3,4,4,3,2,1
165,3,2022,1,66,1,1,3,0,0,0,0,1,0,5,6,5,2,5,1,6,1,6,1,1,6,1,1,1,0
166,3,2022,1,60,1,0,3,0,1,0,0,0,0,6,6,6,6,5,5,7,2,4,5,4,5,4,5,4,1
167,3,2022,1,46,0,0,3,0,1,0,0,0,0,4,7,7,5,1,1,4,7,3,5,1,2,4,1,1,1
168,3,2022,0,54,1,0,5,0,1,0,0,0,0,5,5,6,7,6,5,7,1,6,1,1,1,1,1,1,0
169,3,2022,1,64,0,0,0,1,1,0,0,0,0,4,1,1,4,1,1,6,4,4,4,4,4,4,4,4,1
170,3,2022,1,80,0,0,2,0,0,0,0,1,0,5,5,4,2,2,1,6,1,6,3,2,4,2,1,1,0
171,3,2022,0,79,0,1,3,0,0,0,0,1,0,5,5,5,6,6,1,6,3,6,4,3,3,3,2,2,1
172,3,2022,1,58,1,1,5,0,1,0,0,0,0,6,3,5,6,2,4,6,4,6,2,2,3,5,2,2,0
173,3,2022,1,55,0,0,2,0,1,0,0,0,0,4,4,5,4,4,4,4,1,4,1,1,6,1,1,6,1
174,3,2022,0,47,1,1,5,0,1,0,0,0,0,5,3,3,4,4,4,4,4,4,4,4,4,4,4,4,1
175,3,2022,0,69,1,1,2,0,1,0,0,0,0,4,4,4,4,4,6,4,4,4,4,4,4,4,4,4,0
176,3,2022,1,63,1,0,5,0,1,0,0,0,0,4,4,4,7,4,2,7,1,7,1,1,4,1,1,1,1
177,3,2022,1,62,0,1,3,0,1,0,0,0,0,1,2,2,5,1,1,1,2,4,1,1,1,1,1,1,1
178,3,2022,1,61,0,0,2,0,1,0,0,0,0,3,5,5,7,1,1,2,1,4,1,1,4,1,1,1,1
179,3,2022,1,59,1,1,1,0,0,0,0,1,0,1,4,4,3,1,1,5,1,1,1,1,7,1,1,7,1
180,3,2022,0,64,1,1,2,0,0,1,0,0,0,1,4,4,7,4,7,1,1,4,1,1,1,1,1,1,1
181,3,2022,1,76,1,1,2,0,0,0,0,1,0,3,5,5,5,4,1,1,3,4,1,1,4,2,1,1,1
182,3,2022,1,65,1,1,3,0,1,0,0,0,0,6,6,6,1,2,1,7,5,2,3,3,4,4,1,2,1
183,3,2022,1,70,1,1,5,0,0,0,0,1,0,3,5,4,6,2,4,5,2,4,2,2,2,2,2,2,0
184,3,2022,1,47,1,1,5,0,1,0,0,0,0,3,5,4,7,4,4,7,3,4,4,4,2,3,4,4,1
185,3,2022,1,60,1,1,5,0,1,0,0,0,0,3,5,5,5,3,2,6,4,5,2,2,4,4,2,4,0
186,3,2022,1,55,1,0,1,0,1,0,0,0,0,1,2,1,5,1,1,7,1,1,1,1,7,1,1,7,1
187,3,2022,1,68,1,0,5,0,1,0,0,0,0,4,4,3,4,3,4,5,4,4,5,4,4,4,5,4,0
188,3,2022,1,50,0,0,3,0,1,0,0,0,0,3,5,6,7,2,1,6,1,5,1,1,1,1,1,1,1
189,3,2022,0,52,0,1,0,1,1,0,0,0,0,5,1,1,5,1,1,4,1,1,1,1,4,3,1,1,1
190,3,2022,0,60,0,0,2,0,1,0,0,0,0,5,2,5,5,5,5,6,4,4,4,2,3,2,1,2,1
191,3,2022,1,50,0,0,1,0,1,0,0,0,0,4,4,4,4,4,4,4,4,4,4,4,7,4,4,4,1
192,3,2022,1,63,1,1,5,0,1,0,0,0,0,7,7,7,5,6,4,7,5,5,5,5,5,5,5,5,0
193,3,2022,1,76,1,1,2,0,1,0,0,0,0,4,5,4,5,2,5,4,1,4,2,1,2,1,2,1,0
194,3,2022,1,61,0,0,3,0,1,0,0,0,0,4,1,4,6,1,1,7,1,4,3,2,6,1,2,2,1
195,3,2022,1,60,1,1,4,0,1,0,0,0,0,5,5,4,6,5,3,6,2,6,2,2,2,2,2,2,1
196,3,2022,0,72,0,1,0,1,0,0,0,1,0,5,5,5,5,5,5,5,1,5,5,5,1,5,5,2,1
197,3,2022,1,74,1,1,2,0,0,0,0,1,0,5,7,4,5,4,1,7,4,4,4,1,4,4,1,1,1
198,3,2022,1,55,1,1,4,0,1,0,0,0,0,1,1,1,1,1,1,1,2,1,1,1,3,1,1,1,1
199,3,2022,1,55,1,0,2,0,1,0,0,0,0,2,1,2,5,2,2,5,5,5,5,5,5,5,4,4,1
200,3,2022,1,62,1,1,4,0,1,0,0,0,0,1,1,1,1,1,1,1,1,1,1,1,1,1,1,1,1
201,3,2022,0,37,0,0,3,0,1,0,0,0,0,6,2,5,5,5,1,5,3,5,3,1,3,2,2,2,0
202,3,2022,1,62,1,1,4,0,1,0,0,0,0,3,1,5,5,5,1,7,2,4,5,2,4,4,2,2,0
203,3,2022,0,70,1,1,0,1,0,1,0,0,0,6,4,5,6,5,4,6,3,5,4,2,4,3,2,2,1
204,3,2022,0,46,1,1,2,0,0,1,0,0,0,4,5,4,3,3,2,5,4,4,4,3,5,4,3,3,1
205,3,2022,1,65,1,1,4,0,1,0,0,0,0,5,6,5,6,5,4,6,5,5,3,3,5,2,3,3,0
206,3,2022,1,49,1,1,4,0,1,0,0,0,0,6,7,5,6,7,4,6,4,5,1,1,4,1,1,1,0
207,3,2022,1,56,1,1,3,0,1,0,0,0,0,5,3,4,6,4,1,5,2,4,2,1,4,2,2,2,1
208,3,2022,0,63,1,1,0,1,0,1,0,0,0,4,5,6,4,6,5,6,6,5,6,4,3,2,1,1,1
209,3,2022,0,45,1,1,5,0,1,0,0,0,0,4,4,5,5,4,4,6,3,5,3,3,4,4,2,2,0
210,3,2022,1,55,0,0,1,0,1,0,0,0,0,1,1,1,7,1,1,1,5,7,5,1,7,1,1,6,1
211,3,2022,1,63,1,1,3,0,1,0,0,0,0,5,5,6,6,1,1,5,3,5,2,1,3,5,1,1,1
212,3,2022,1,32,0,0,3,0,1,0,0,0,0,4,4,4,4,4,4,4,5,4,4,4,4,4,4,4,1
213,3,2022,0,56,1,1,2,0,1,0,0,0,0,3,5,5,5,3,5,5,5,5,5,3,7,5,1,4,1
214,3,2022,0,49,1,1,4,0,0,1,0,0,0,3,1,5,5,5,4,6,3,4,4,2,4,3,2,2,0
215,3,2022,1,63,1,0,3,0,1,0,0,0,0,1,2,5,4,1,4,4,3,4,3,2,3,4,4,3,1
216,3,2022,1,58,1,1,4,0,1,0,0,0,0,1,1,1,3,1,1,4,2,4,2,1,2,2,1,1,1
217,3,2022,1,65,0,0,0,1,0,0,0,1,0,4,4,4,4,4,4,4,4,4,3,4,3,4,4,4,1
218,3,2022,1,60,1,1,5,0,1,0,0,0,0,5,7,5,7,6,6,7,2,7,2,2,2,2,2,2,0
219,3,2022,1,59,1,1,5,0,1,0,0,0,0,5,6,6,7,6,4,6,1,5,2,1,1,1,1,1,0
220,3,2022,1,45,0,0,0,1,1,0,0,0,0,4,4,1,4,4,4,4,4,4,4,4,4,4,4,4,1
221,3,2022,1,45,1,1,5,0,1,0,0,0,0,1,5,7,6,6,1,3,5,4,1,1,5,5,1,1,1
222,3,2022,1,60,1,0,3,0,1,0,0,0,0,1,1,1,6,1,5,6,2,4,1,1,2,1,1,1,0
223,3,2022,1,52,1,0,2,0,1,0,0,0,0,1,1,1,7,1,1,5,1,2,1,1,7,1,1,7,1
224,3,2022,0,77,1,1,4,0,0,1,0,0,0,5,5,5,5,1,1,7,2,5,2,2,2,2,2,2,0
225,3,2022,0,84,1,1,3,0,0,0,0,1,0,6,6,7,5,3,3,6,1,6,2,2,5,1,1,2,0
226,3,2022,0,41,1,0,3,0,1,0,0,0,0,5,3,5,6,5,1,6,5,6,4,3,1,1,4,4,1
227,3,2022,1,57,1,1,5,0,1,0,0,0,0,3,5,5,5,3,1,5,1,5,5,1,3,1,1,1,0
228,3,2022,1,50,1,1,5,0,1,0,0,0,0,7,7,4,4,5,4,7,4,4,4,4,4,4,4,4,0
229,3,2022,1,60,0,0,1,0,1,0,0,0,0,7,2,4,1,5,1,5,1,4,2,1,4,2,1,2,1
230,3,2022,1,65,1,1,2,0,1,0,0,0,0,5,5,5,5,4,4,5,4,5,4,3,4,4,3,3,0
231,3,2022,1,50,0,0,3,0,1,0,0,0,0,2,2,2,2,2,2,2,2,2,2,2,2,2,2,2,1
232,3,2022,1,41,1,1,5,0,1,0,0,0,0,4,4,4,4,4,1,4,4,4,4,4,2,4,4,4,0
233,3,2022,1,67,1,0,4,0,1,0,0,0,0,5,5,4,4,4,4,5,3,4,3,3,4,4,3,4,0
234,3,2022,0,50,0,0,5,0,1,0,0,0,0,4,1,5,3,6,1,6,6,3,3,1,3,4,1,4,1
235,3,2022,0,50,1,1,4,0,1,0,0,0,0,4,1,6,3,4,5,7,6,1,5,3,3,4,3,3,1
236,3,2022,1,45,0,0,3,0,1,0,0,0,0,4,5,5,6,5,3,5,1,6,1,1,1,1,1,1,1
237,3,2022,0,49,1,1,5,0,1,0,0,0,0,4,5,5,5,5,4,7,5,6,4,2,4,3,2,4,1
238,3,2022,1,71,1,1,2,0,0,0,0,1,0,1,1,1,5,4,1,7,1,7,1,1,4,1,1,1,1
239,3,2022,0,68,1,1,5,0,0,1,0,0,0,2,3,4,6,4,1,5,1,4,1,1,4,1,1,1,1
240,3,2022,0,70,1,1,3,0,0,1,0,0,0,5,5,6,7,5,1,7,3,4,2,2,4,3,2,2,0
241,3,2022,1,73,1,1,4,0,1,0,0,0,0,5,4,6,5,6,3,7,2,5,5,2,6,1,2,6,1
242,3,2022,1,52,0,0,3,0,1,0,0,0,0,6,1,1,5,1,6,7,3,4,3,1,4,3,1,1,1
243,3,2022,0,34,1,1,4,0,1,0,0,0,0,5,5,2,5,5,1,6,5,3,1,1,2,1,1,1,1
244,3,2022,1,66,1,1,2,0,0,0,0,1,0,2,5,5,5,5,5,6,4,4,2,1,4,1,1,1,1
245,3,2022,1,68,1,0,3,0,0,0,0,1,0,3,3,3,3,2,2,3,4,2,3,2,1,2,2,3,1
246,3,2022,1,80,1,1,3,0,0,0,0,1,0,6,7,6,7,5,1,6,1,6,1,1,4,2,1,1,1
247,3,2022,0,69,1,0,3,0,0,1,0,0,0,4,1,3,6,5,2,6,2,5,2,2,2,2,2,1,1
248,3,2022,0,49,1,1,5,0,1,0,0,0,0,4,5,5,5,4,1,5,3,4,4,4,3,3,4,4,1
249,3,2022,0,72,1,1,0,1,0,1,0,0,0,2,5,3,6,3,3,6,5,3,5,2,3,5,2,1,0
250,3,2022,0,42,1,0,5,0,0,1,0,0,0,5,3,5,6,2,1,6,1,4,3,1,1,2,1,1,1
251,3,2022,1,65,1,1,1,0,1,0,0,0,0,4,4,4,4,4,4,4,4,4,4,4,3,4,4,4,1
252,3,2022,1,46,0,0,0,1,1,0,0,0,0,6,6,6,7,4,1,7,3,7,4,1,1,4,2,4,1
253,3,2022,1,68,1,1,3,0,1,0,0,0,0,4,1,4,4,2,2,7,4,4,4,4,4,4,4,4,1
254,3,2022,0,45,1,1,5,0,1,0,0,0,0,4,1,7,5,5,2,5,4,4,3,1,2,2,2,2,0
255,3,2022,0,64,0,0,1,0,1,0,0,0,0,4,1,3,4,2,2,7,7,4,7,7,7,4,4,7,1
256,3,2022,1,72,1,1,3,0,0,0,0,1,0,6,6,5,6,5,5,6,1,5,2,1,1,1,1,1,0
257,3,2022,1,58,1,1,3,0,1,0,0,0,0,2,5,1,5,5,5,5,1,5,3,1,6,2,1,5,1
258,3,2022,1,50,1,1,5,0,1,0,0,0,0,1,1,1,6,1,1,1,1,1,1,1,1,1,1,1,0
259,3,2022,0,56,1,0,5,0,0,1,0,0,0,3,6,6,5,2,2,7,2,1,6,2,4,4,1,4,1
260,3,2022,0,58,1,1,3,0,0,1,0,0,0,5,3,3,5,4,4,1,1,7,1,1,1,1,1,1,0
261,3,2022,1,58,1,0,0,1,1,0,0,0,0,1,1,5,5,1,1,7,3,5,4,4,3,3,3,3,1
262,3,2022,1,64,1,1,5,0,1,0,0,0,0,7,7,6,7,7,1,5,1,7,1,1,4,1,1,1,1
263,3,2022,1,76,0,0,2,0,0,0,0,1,0,5,4,4,1,1,1,6,1,2,4,1,4,1,1,1,1
264,3,2022,1,82,1,1,2,0,0,0,0,1,0,5,6,5,7,5,1,7,1,5,5,1,5,1,1,1,0
265,3,2022,0,47,1,0,3,0,1,0,0,0,0,1,1,1,5,1,1,5,1,1,5,1,4,4,1,5,1
266,3,2022,0,43,1,0,4,0,1,0,0,0,0,4,2,2,4,5,3,6,4,5,4,4,4,5,5,5,1
267,3,2022,1,63,1,0,2,0,1,0,0,0,0,2,1,4,5,4,4,5,3,4,2,2,3,3,1,1,1
268,3,2022,1,76,0,1,2,0,0,0,0,1,0,6,7,6,7,6,5,5,1,6,4,2,4,1,1,1,1
269,3,2022,1,74,1,1,3,0,0,0,0,1,0,6,6,5,6,6,5,6,4,6,3,2,3,3,2,3,0
270,3,2022,0,67,1,1,3,0,0,1,0,0,0,4,5,5,6,1,1,7,1,5,3,3,3,3,2,2,1
271,3,2022,1,53,0,0,0,1,1,0,0,0,0,7,7,7,7,4,1,4,1,1,1,1,1,1,1,1,1
272,3,2022,0,47,1,1,3,0,0,1,0,0,0,4,1,2,4,5,1,7,3,4,5,2,3,1,2,4,1
273,3,2022,0,53,1,1,2,0,0,1,0,0,0,4,6,4,7,3,1,6,1,5,1,1,1,1,1,1,1
274,3,2022,1,60,0,0,2,0,1,0,0,0,0,1,2,3,6,5,2,7,1,2,4,3,7,1,2,4,1
275,3,2022,1,82,1,1,0,1,0,0,0,1,0,7,6,6,7,6,6,7,2,7,1,1,1,2,1,1,0
276,3,2022,0,60,0,1,2,0,1,0,0,0,0,5,5,5,5,4,5,5,5,5,5,5,4,5,4,5,1
277,3,2022,1,50,1,0,4,0,1,0,0,0,0,4,5,4,5,3,5,5,4,4,3,4,3,4,5,4,1
278,3,2022,0,58,1,1,2,0,0,1,0,0,0,1,1,7,5,1,1,7,7,1,7,4,7,4,1,1,1
279,3,2022,1,64,1,1,4,0,0,0,0,1,0,5,6,6,5,5,1,6,1,5,1,1,1,1,1,1,1
280,3,2022,1,61,1,1,4,0,1,0,0,0,0,4,4,5,5,4,3,4,3,4,5,2,4,3,3,3,1
281,3,2022,1,67,1,1,2,0,0,0,0,1,0,1,5,6,6,2,5,7,1,6,4,4,4,1,6,2,0
282,3,2022,1,49,0,0,4,0,1,0,0,0,0,1,1,1,7,1,1,1,1,7,1,1,1,1,1,1,0
283,3,2022,1,45,0,0,2,0,1,0,0,0,0,1,1,1,1,1,1,2,1,1,1,1,1,1,1,2,1
284,3,2022,1,42,0,0,4,0,1,0,0,0,0,3,4,4,4,3,3,3,4,4,4,4,4,4,4,4,1
285,3,2022,0,55,0,0,0,1,0,0,0,1,0,7,1,7,2,1,1,6,5,3,7,3,5,5,2,5,1
286,3,2022,0,66,1,0,2,0,0,1,0,0,0,4,5,4,1,5,1,5,1,1,1,1,2,1,1,1,1
287,3,2022,1,52,1,1,5,0,1,0,0,0,0,6,1,5,6,6,1,6,1,6,4,1,1,1,1,1,0
288,3,2022,0,69,1,0,0,1,1,0,0,0,0,1,1,5,5,4,1,6,2,4,2,1,5,1,1,4,1
289,3,2022,1,50,1,1,5,0,1,0,0,0,0,4,4,4,4,3,3,5,2,3,4,3,2,2,2,2,0
290,3,2022,1,48,1,1,5,0,1,0,0,0,0,1,1,1,5,6,2,6,3,5,1,1,4,3,2,1,0
291,3,2022,1,47,1,1,5,0,1,0,0,0,0,5,3,1,5,6,6,7,1,4,1,1,1,1,1,1,1
292,3,2022,1,46,1,1,3,0,1,0,0,0,0,4,5,4,5,4,4,5,4,4,4,4,5,4,4,4,1
293,3,2022,0,69,0,1,2,0,1,0,0,0,0,1,1,2,5,1,3,7,2,6,2,2,3,2,2,2,1
294,3,2022,1,55,0,0,2,0,1,0,0,0,0,1,1,1,1,1,1,1,1,1,1,1,1,1,1,1,1
295,3,2022,1,58,0,0,3,0,1,0,0,0,0,5,5,7,6,4,4,7,1,4,4,2,4,1,1,2,1
296,3,2022,1,46,1,0,4,0,1,0,0,0,0,2,1,1,1,1,1,1,1,1,1,1,1,1,1,1,1
297,3,2022,0,48,1,1,4,0,1,0,0,0,0,4,4,4,1,5,1,7,7,1,4,4,6,4,4,4,1
298,3,2022,1,40,0,0,5,0,1,0,0,0,0,5,5,5,7,6,5,6,1,6,5,1,1,1,3,2,0
299,3,2022,1,43,0,0,3,0,1,0,0,0,0,6,3,4,5,4,4,4,1,4,1,1,1,1,1,1,1
300,3,2022,1,61,1,1,4,0,1,0,0,0,0,5,3,3,5,4,5,3,3,4,4,3,3,4,4,4,0
301,3,2022,1,78,1,1,1,0,0,0,0,1,0,4,4,4,4,5,4,4,4,4,4,4,4,4,4,4,0
302,3,2022,0,71,1,1,3,0,0,1,0,0,0,6,6,4,6,6,1,6,2,6,1,1,5,1,1,1,0
303,3,2022,0,52,1,1,5,0,0,1,0,0,0,5,2,5,5,3,2,5,5,3,4,2,3,5,2,2,1
304,3,2022,0,55,1,1,5,0,1,0,0,0,0,4,4,5,7,5,1,7,1,6,1,1,1,1,1,1,1
305,3,2022,1,63,0,0,2,0,1,0,0,0,0,4,4,4,5,4,4,5,4,5,4,4,4,4,4,4,1
306,3,2022,1,61,1,1,4,0,1,0,0,0,0,1,1,5,5,5,1,6,5,5,5,2,5,5,2,2,1
307,3,2022,0,64,0,1,2,0,1,0,0,0,0,5,4,5,7,3,1,7,3,5,3,3,5,5,3,3,1
308,3,2022,1,53,0,0,2,0,0,0,0,1,0,1,1,2,5,1,1,2,1,1,4,1,4,1,4,1,1
309,3,2022,1,51,0,0,1,0,1,0,0,0,0,5,1,1,4,1,1,1,1,5,1,1,2,1,1,1,1
310,3,2022,1,61,1,1,3,0,1,0,0,0,0,4,4,4,6,4,4,4,4,4,4,4,5,4,4,4,0
311,3,2022,0,73,1,1,4,0,0,1,0,0,0,6,7,6,7,3,6,7,1,7,3,1,1,1,1,1,0
312,3,2022,0,49,0,0,2,0,1,0,0,0,0,5,4,4,5,3,1,4,4,3,4,4,4,4,4,4,1
313,3,2022,1,50,0,0,5,0,1,0,0,0,0,1,1,4,1,1,1,5,4,2,5,3,6,5,4,4,1
314,3,2022,1,62,1,1,2,0,1,0,0,0,0,6,7,5,6,6,6,6,4,6,4,2,5,1,2,2,0
315,3,2022,0,50,1,0,5,0,0,0,0,1,0,1,5,6,7,5,1,7,1,4,4,1,6,1,1,6,1
316,3,2022,1,81,1,0,3,0,0,0,0,1,0,5,5,6,5,1,1,7,5,3,5,1,6,1,4,2,1
317,3,2022,1,57,1,1,4,0,1,0,0,0,0,1,1,1,1,1,1,2,1,1,1,1,1,1,1,1,1
318,3,2022,1,78,1,1,3,0,0,0,0,1,0,5,1,6,7,2,5,7,3,4,5,1,5,1,1,1,1
319,3,2022,1,75,0,1,2,0,0,0,0,1,0,3,5,5,5,3,5,6,2,4,3,2,3,2,2,2,0
320,3,2022,1,74,0,1,1,0,0,0,0,1,0,1,1,1,4,1,1,5,1,4,1,1,4,4,1,1,1
321,3,2022,0,69,1,1,3,0,0,1,0,0,0,6,7,7,7,7,1,5,2,7,3,1,3,1,4,2,0
322,3,2022,0,75,0,1,2,0,0,0,0,1,0,3,5,5,6,4,4,6,5,5,5,4,4,4,3,4,1
323,3,2022,0,61,1,1,3,0,1,0,0,0,0,4,4,4,7,5,1,5,1,5,1,1,1,2,1,1,1
324,3,2022,0,58,1,1,5,0,1,0,0,0,0,5,6,6,4,5,4,4,3,5,5,1,1,1,1,1,1
325,3,2022,1,77,1,1,3,0,0,0,0,1,0,4,5,6,6,5,2,6,1,6,1,2,4,1,1,1,0
326,3,2022,0,70,1,1,5,0,1,0,0,0,0,5,6,4,7,5,1,6,2,4,2,1,5,1,1,2,0
327,3,2022,1,70,0,1,3,0,1,0,0,0,0,6,7,5,7,6,7,7,1,7,1,1,1,1,1,1,1
328,3,2022,1,75,1,1,3,0,0,0,0,1,0,5,2,6,6,4,4,7,3,6,4,4,4,4,4,4,1
329,3,2022,1,60,0,0,1,0,0,0,0,1,0,2,1,5,2,1,1,1,3,4,2,1,2,1,1,2,1
330,3,2022,1,53,1,1,1,0,1,0,0,0,0,4,4,4,4,4,4,4,4,4,4,4,5,4,4,4,0
331,3,2022,1,62,0,0,1,0,1,0,0,0,0,6,5,1,1,1,1,7,1,4,1,1,6,1,1,1,1
332,3,2022,1,52,0,0,1,0,1,0,0,0,0,1,7,1,1,1,1,1,1,1,1,1,1,1,1,1,1
333,3,2022,0,58,1,1,5,0,0,1,0,0,0,4,6,5,3,6,2,6,2,4,1,1,4,1,2,1,1
334,3,2022,1,38,0,0,2,0,1,0,0,0,0,4,1,1,1,1,1,1,1,1,1,4,3,2,2,1,0
335,3,2022,1,53,1,1,5,0,1,0,0,0,0,4,4,4,5,4,4,4,2,5,4,2,4,2,2,4,0
336,3,2022,1,63,1,0,1,0,1,0,0,0,0,3,5,5,3,3,3,2,1,6,2,1,5,3,1,1,0
337,3,2022,1,70,0,1,2,0,1,0,0,0,0,7,6,6,5,5,1,5,1,5,1,1,3,5,1,5,1
338,3,2022,1,76,1,1,5,0,0,0,0,1,0,4,4,5,5,5,1,5,4,4,4,4,5,4,2,4,1
339,3,2022,1,85,1,1,5,0,0,0,0,1,0,3,2,4,2,3,5,7,1,4,4,1,2,1,1,1,0
340,3,2022,0,56,0,1,3,0,1,0,0,0,0,4,4,4,4,4,4,4,4,4,5,4,4,4,4,4,1
341,3,2022,1,74,1,0,5,0,1,0,0,0,0,6,6,5,5,6,1,6,2,4,2,1,3,1,4,5,0
342,3,2022,0,44,1,1,4,0,0,0,0,0,1,1,1,5,1,1,1,7,5,1,5,1,2,1,2,5,1
343,3,2022,0,72,1,0,4,0,0,1,0,0,0,5,4,5,5,5,5,6,3,5,3,3,3,3,3,3,0
344,3,2022,0,49,1,1,5,0,0,1,0,0,0,4,1,1,1,1,1,7,7,3,7,6,5,5,1,4,1
345,3,2022,0,54,0,0,4,0,1,0,0,0,0,2,2,5,7,5,4,7,2,3,4,2,3,2,2,2,1
346,3,2022,0,63,1,1,3,0,0,1,0,0,0,4,2,6,6,3,1,6,2,5,4,2,3,1,2,1,1
347,3,2022,1,49,0,0,1,0,0,0,0,1,0,5,4,5,4,3,5,6,1,4,1,1,1,1,1,1,1
348,3,2022,0,61,1,1,0,1,0,1,0,0,0,5,6,7,7,6,1,7,3,5,6,1,2,1,1,5,0
349,3,2022,1,69,1,1,3,0,0,0,0,1,0,1,3,6,6,6,6,7,1,6,1,1,4,1,1,1,1
350,3,2022,0,35,1,0,5,0,0,1,0,0,0,5,5,6,3,5,3,3,1,5,1,1,1,1,1,1,1
351,3,2022,0,58,1,1,5,0,0,1,0,0,0,5,4,5,6,5,1,6,1,6,2,1,1,1,1,1,0
352,3,2022,0,74,0,1,0,1,0,0,0,1,0,4,6,5,7,5,2,7,2,4,3,1,4,1,1,1,0
353,3,2022,1,70,1,1,0,1,1,0,0,0,0,5,5,5,6,3,1,7,1,5,1,1,2,1,2,2,1
354,3,2022,0,76,0,1,0,1,0,0,0,1,0,6,6,5,6,5,1,6,3,5,3,2,4,4,2,2,0
355,3,2022,0,56,1,1,5,0,1,0,0,0,0,5,6,7,5,6,6,6,3,6,2,1,3,2,2,3,0
356,3,2022,0,62,1,0,2,0,1,0,0,0,0,3,3,5,5,3,3,6,4,4,4,4,4,4,4,3,1
357,3,2022,1,53,1,1,4,0,1,0,0,0,0,1,1,1,1,1,1,1,1,1,1,1,1,1,1,1,1
358,3,2022,1,62,1,1,3,0,1,0,0,0,0,4,5,4,4,4,4,4,4,4,4,4,4,4,4,4,1
359,3,2022,0,66,0,1,0,1,0,0,0,1,0,4,1,5,6,2,1,7,2,4,4,1,4,2,1,1,1
360,3,2022,1,45,0,0,5,0,1,0,0,0,0,3,5,3,6,2,2,6,2,5,5,2,2,2,2,2,1
361,3,2022,1,62,0,0,1,0,1,0,0,0,0,2,4,4,6,3,1,4,3,4,1,2,4,2,1,1,1
362,3,2022,1,55,1,1,4,0,1,0,0,0,0,5,5,5,4,5,4,4,4,4,4,4,4,4,4,4,0
363,3,2022,1,70,1,1,3,0,0,0,0,1,0,4,4,4,4,4,4,4,4,5,4,4,4,4,4,4,1
364,3,2022,1,71,1,1,2,0,0,0,0,1,0,4,5,4,5,3,4,5,5,4,4,5,4,4,5,4,0
365,3,2022,1,47,1,1,3,0,1,0,0,0,0,3,3,4,3,3,3,3,4,3,3,2,3,3,3,3,1
366,3,2022,1,43,0,0,3,0,1,0,0,0,0,3,4,3,4,3,2,1,1,4,1,1,1,1,1,1,1
367,3,2022,1,51,1,0,5,0,1,0,0,0,0,5,5,6,5,4,5,5,3,4,2,4,3,3,3,3,1
368,3,2022,1,51,1,1,5,0,1,0,0,0,0,5,6,6,6,7,4,6,4,6,5,2,4,4,2,4,1
369,3,2022,1,50,1,1,5,0,1,0,0,0,0,5,4,5,7,3,2,7,1,7,2,1,4,2,1,1,1
370,3,2022,0,46,1,1,5,0,0,1,0,0,0,5,5,5,7,7,1,7,4,4,3,2,1,2,1,1,1
371,3,2022,0,57,1,0,4,0,0,1,0,0,0,2,1,5,1,1,1,7,5,3,7,5,5,4,1,1,1
372,3,2022,0,35,1,1,5,0,0,0,0,0,1,1,4,3,1,3,5,6,5,4,3,1,3,2,2,2,0
373,3,2022,1,74,1,1,0,1,0,0,0,1,0,1,7,4,7,1,1,1,2,6,2,2,5,2,2,1,1
374,3,2022,1,60,0,0,1,0,0,0,0,1,0,4,4,1,1,1,1,1,4,1,4,4,7,5,4,4,1
375,3,2022,1,66,1,1,3,0,0,0,0,1,0,5,5,5,6,5,1,6,1,6,1,1,1,1,1,1,1
376,3,2022,0,56,0,0,4,0,1,0,0,0,0,5,6,5,5,4,4,6,3,4,3,3,3,3,2,2,1
377,3,2022,1,59,1,1,0,1,1,0,0,0,0,3,1,3,7,3,1,7,5,3,6,7,7,5,4,4,1
378,3,2022,0,44,0,0,2,0,1,0,0,0,0,1,4,1,4,1,1,7,4,4,4,3,4,4,1,3,1
379,3,2022,1,49,1,1,0,1,1,0,0,0,0,7,7,5,7,7,5,6,1,7,5,2,1,1,1,1,0
380,3,2022,1,44,1,1,4,0,1,0,0,0,0,5,5,5,1,5,5,7,3,4,1,1,5,1,1,1,1
381,3,2022,0,53,1,1,5,0,1,0,0,0,0,7,5,5,7,5,1,7,5,1,4,5,1,5,1,4,1
382,3,2022,0,60,0,0,0,1,1,0,0,0,0,4,1,4,3,4,4,4,4,4,4,4,4,4,4,4,1
383,3,2022,1,62,0,1,1,0,0,0,0,1,0,4,1,6,4,4,4,6,5,4,5,5,6,4,5,5,0
384,3,2022,1,63,1,1,5,0,1,0,0,0,0,1,7,1,7,7,1,7,1,7,5,1,1,1,1,1,0
385,3,2022,0,48,0,0,3,0,1,0,0,0,0,1,1,5,3,5,1,7,4,4,5,4,4,4,4,4,1
386,3,2022,1,60,1,1,5,0,1,0,0,0,0,1,1,2,1,1,1,1,2,1,2,2,2,2,2,2,1
387,3,2022,0,47,1,0,4,0,1,0,0,0,0,1,1,6,7,5,6,7,1,7,1,1,4,1,1,1,0
388,3,2022,1,56,1,1,4,0,1,0,0,0,0,5,3,5,6,5,6,5,1,5,5,1,2,2,1,1,0
389,3,2022,1,86,0,1,2,0,0,0,0,1,0,1,2,2,7,5,5,6,2,5,5,2,4,1,1,1,1
390,3,2022,1,55,0,0,1,0,1,0,0,0,0,4,4,4,4,4,4,4,4,4,4,4,4,4,4,4,1
391,3,2022,1,58,1,1,5,0,1,0,0,0,0,5,5,5,5,5,1,7,2,7,2,1,3,1,1,1,0
392,3,2022,0,71,1,1,5,0,1,0,0,0,0,5,1,6,6,1,1,7,1,6,3,2,4,1,2,5,1
393,3,2022,0,58,0,0,3,0,1,0,0,0,0,3,4,5,6,1,1,6,4,4,5,3,5,2,2,5,1
394,3,2022,0,62,0,1,5,0,1,0,0,0,0,5,3,7,4,5,5,5,4,4,4,4,4,4,4,4,0
395,3,2022,1,67,1,1,5,0,1,0,0,0,0,3,1,3,6,5,4,7,2,6,2,1,2,4,1,6,0
396,3,2022,1,46,0,0,2,0,1,0,0,0,0,4,2,2,7,4,4,1,1,7,1,1,1,1,1,1,0
397,3,2022,1,63,1,1,2,0,1,0,0,0,0,1,1,1,6,1,1,5,5,3,4,1,3,3,4,2,1
398,3,2022,1,74,1,1,3,0,1,0,0,0,0,5,5,5,6,4,3,5,5,5,4,1,5,1,1,1,1
399,3,2022,0,52,1,0,4,0,0,1,0,0,0,5,4,6,6,1,1,7,1,4,4,1,4,1,1,1,0
400,3,2022,0,50,0,0,0,1,0,0,0,1,0,5,1,4,4,1,1,7,1,4,2,1,6,1,1,1,1
401,3,2022,0,50,1,0,5,0,1,0,0,0,0,1,1,1,5,1,1,6,2,4,2,2,2,2,2,2,0
402,3,2022,0,45,1,0,0,1,0,0,0,1,0,1,1,4,4,1,1,5,4,2,4,3,5,4,4,4,1
403,3,2022,1,50,0,0,0,1,1,0,0,0,0,4,5,5,4,5,6,2,1,3,1,4,4,1,4,4,0
404,3,2022,1,48,0,0,0,1,1,0,0,0,0,1,1,1,7,1,1,1,1,4,1,1,7,1,1,1,0
405,3,2022,1,53,0,0,0,1,1,0,0,0,0,1,1,1,5,1,1,1,4,4,4,1,4,4,1,1,1
406,3,2022,1,51,1,1,5,0,1,0,0,0,0,4,4,5,6,3,2,5,2,4,2,2,2,2,2,2,0
407,3,2022,0,49,1,0,4,0,0,1,0,0,0,1,1,1,4,1,1,6,3,3,2,2,4,3,2,2,1
408,3,2022,0,61,1,1,0,1,1,0,0,0,0,4,5,5,6,3,3,4,5,3,4,2,7,4,4,4,1
409,3,2022,0,42,0,0,2,0,1,0,0,0,0,1,1,4,4,5,1,7,3,3,6,4,4,4,3,3,0
410,3,2022,1,50,0,0,5,0,1,0,0,0,0,7,4,4,7,1,1,1,1,7,1,1,1,1,1,1,1
411,3,2022,1,53,0,0,3,0,1,0,0,0,0,4,1,5,4,1,1,5,4,4,4,4,3,4,4,4,1
412,3,2022,1,52,1,1,4,0,1,0,0,0,0,3,5,3,4,3,3,3,5,3,5,4,5,4,4,3,1
413,3,2022,1,45,1,1,3,0,1,0,0,0,0,2,5,5,5,3,1,7,5,6,2,1,4,7,2,6,1
414,3,2022,1,53,1,1,5,0,1,0,0,0,0,4,6,4,4,4,4,4,4,4,4,4,4,4,4,4,0
415,3,2022,0,72,1,1,2,0,1,0,0,0,0,5,7,7,6,5,1,7,1,4,2,1,1,1,1,3,0
416,3,2022,1,82,1,1,3,0,0,0,0,1,0,5,6,6,7,4,3,6,4,7,2,6,4,4,1,4,1
417,3,2022,1,65,0,1,3,0,1,0,0,0,0,6,5,5,5,5,1,7,1,7,3,1,5,1,1,1,1
418,3,2022,1,53,1,1,5,0,1,0,0,0,0,1,4,4,5,1,1,7,5,1,1,1,5,1,1,4,1
419,3,2022,0,44,1,1,3,0,1,0,0,0,0,1,1,1,4,4,1,7,4,3,4,1,4,4,1,1,1
420,3,2022,1,58,0,0,2,0,1,0,0,0,0,3,4,4,4,4,4,4,4,7,7,7,7,4,3,4,1
421,3,2022,1,46,0,0,0,1,1,0,0,0,0,1,4,1,1,1,1,1,1,1,1,1,1,1,1,1,1
422,3,2022,1,70,0,1,1,0,1,0,0,0,0,3,4,6,7,3,3,4,2,7,1,1,4,3,1,1,1
423,3,2022,1,49,1,1,5,0,1,0,0,0,0,2,2,3,5,2,3,5,5,4,5,6,5,4,6,6,0
424,3,2022,0,54,0,0,0,1,0,0,0,1,0,1,5,4,1,1,1,7,3,4,5,1,4,4,1,1,1
425,3,2022,1,72,0,0,2,0,0,0,0,1,0,6,1,4,7,4,1,7,1,6,1,1,4,4,1,1,1
426,3,2022,1,68,1,1,4,0,1,0,0,0,0,6,1,7,7,5,1,6,1,7,4,1,3,1,1,1,1
427,3,2022,0,69,0,1,0,1,0,1,0,0,0,6,6,7,7,7,7,7,1,7,2,1,1,1,1,1,0
428,3,2022,1,64,1,1,5,0,1,0,0,0,0,5,6,5,7,5,1,7,1,7,1,1,2,2,1,1,1
429,3,2022,1,60,1,0,1,0,0,0,0,1,0,4,5,5,5,4,2,5,1,5,2,1,1,1,1,2,1
430,3,2022,1,74,0,0,2,0,0,0,0,1,0,1,1,5,6,1,1,1,1,1,1,1,1,1,1,1,1
431,3,2022,1,72,1,0,2,0,0,0,0,1,0,4,4,4,4,4,4,4,4,4,4,4,4,4,4,4,1
432,3,2022,1,67,1,1,3,0,1,0,0,0,0,5,5,5,5,5,5,5,5,5,4,5,5,5,5,4,1
433,3,2022,1,82,0,1,2,0,0,0,0,1,0,7,7,4,7,7,5,7,1,7,1,1,5,1,1,1,0
434,3,2022,0,71,0,0,2,0,0,0,0,1,0,5,5,5,5,3,3,5,4,4,4,4,4,4,4,4,1
435,3,2022,1,44,1,1,5,0,1,0,0,0,0,2,1,3,1,4,1,5,2,6,3,1,2,1,1,5,1
436,3,2022,1,58,0,0,1,0,0,0,0,1,0,4,3,3,3,4,4,4,4,3,4,4,4,5,4,4,1
437,3,2022,1,46,0,0,0,1,1,0,0,0,0,5,3,5,4,1,2,4,4,4,4,2,6,5,4,5,1
438,3,2022,1,47,1,1,4,0,1,0,0,0,0,2,4,3,4,4,4,3,4,4,4,3,4,4,4,4,0
439,3,2022,1,58,1,0,3,0,1,0,0,0,0,3,5,4,5,6,4,4,4,5,4,2,3,1,2,2,1
440,3,2022,1,56,0,0,2,0,1,0,0,0,0,4,1,1,6,1,1,6,1,4,1,1,1,1,1,1,1
441,3,2022,1,72,1,1,5,0,0,0,0,1,0,2,2,5,5,6,1,7,3,5,3,3,3,3,3,3,1
442,3,2022,0,62,1,0,3,0,0,1,0,0,0,3,3,6,7,2,1,6,3,6,4,2,1,1,1,2,1
443,3,2022,1,68,0,0,1,0,0,0,0,1,0,1,5,1,5,2,1,1,2,5,2,4,5,1,4,3,1
444,3,2022,0,49,1,1,5,0,1,0,0,0,0,5,6,6,6,6,5,7,1,5,1,1,3,1,1,1,0
445,3,2022,0,43,0,1,2,0,1,0,0,0,0,2,1,2,7,1,1,6,1,4,1,1,2,1,1,1,1
446,3,2022,1,58,1,1,5,0,1,0,0,0,0,3,6,5,5,5,1,6,4,5,4,4,5,6,3,4,0
447,3,2022,0,48,1,0,2,0,0,1,0,0,0,7,1,7,7,1,1,7,1,4,1,1,1,1,1,1,1
448,3,2022,1,55,1,1,5,0,1,0,0,0,0,7,7,7,7,5,1,2,1,6,1,1,1,1,1,1,0
449,3,2022,1,48,1,1,5,0,1,0,0,0,0,2,3,2,2,2,2,2,1,2,1,1,6,5,1,1,1
450,3,2022,1,49,1,1,5,0,1,0,0,0,0,5,6,6,6,7,1,7,1,7,1,1,1,1,1,1,0
451,3,2022,1,52,0,0,5,0,1,0,0,0,0,2,2,1,1,4,5,5,4,2,2,1,3,4,1,1,1
452,3,2022,1,74,1,1,2,0,0,0,0,1,0,4,5,5,4,5,3,5,4,4,4,4,4,4,4,4,1
453,3,2022,1,48,0,0,3,0,0,0,0,1,0,4,2,3,6,1,1,6,1,4,1,1,2,1,1,1,1
454,3,2022,1,65,0,0,4,0,0,0,0,1,0,5,6,6,6,7,1,7,1,6,1,1,2,1,1,1,0
455,3,2022,1,43,1,1,5,0,1,0,0,0,0,4,4,4,5,7,4,5,3,5,3,3,2,3,3,2,0
456,3,2022,1,49,1,1,0,1,1,0,0,0,0,5,5,5,7,7,1,7,1,4,1,1,4,1,1,1,1
457,3,2022,1,59,1,1,4,0,1,0,0,0,0,5,5,5,4,5,3,7,4,5,5,4,4,4,3,3,1
458,3,2022,1,52,1,0,3,0,1,0,0,0,0,5,5,5,5,5,5,5,5,5,5,5,5,5,5,5,1
459,3,2022,1,64,1,1,2,0,1,0,0,0,0,3,4,4,4,2,2,4,4,4,4,3,4,4,4,2,0
460,3,2022,1,56,1,1,5,0,1,0,0,0,0,6,7,6,7,7,1,7,7,7,7,7,7,7,7,7,0
461,3,2022,1,69,1,1,4,0,1,0,0,0,0,5,5,5,3,5,1,7,5,4,5,5,2,2,5,5,1
462,3,2022,0,48,1,1,3,0,1,0,0,0,0,7,5,6,5,6,2,7,3,5,5,4,4,2,1,1,0
463,3,2022,0,55,1,0,3,0,1,0,0,0,0,3,5,5,6,3,5,6,5,3,5,4,5,3,3,4,0
464,3,2022,1,62,1,1,4,0,1,0,0,0,0,5,3,4,4,5,4,5,5,5,4,3,4,4,4,4,1
465,3,2022,0,70,1,1,2,0,0,1,0,0,0,6,6,6,6,5,5,7,1,6,1,1,1,1,1,1,0
466,3,2022,1,59,1,1,3,0,1,0,0,0,0,3,5,6,6,7,3,7,1,6,5,3,6,1,5,5,1
467,3,2022,1,68,1,1,2,0,1,0,0,0,0,4,4,3,4,4,4,4,4,4,4,4,4,4,4,4,0
468,3,2022,0,43,1,1,5,0,0,1,0,0,0,5,6,7,6,7,6,7,6,6,6,3,1,2,3,3,0
469,3,2022,0,50,1,1,3,0,0,1,0,0,0,4,5,5,2,4,4,7,6,5,5,5,4,4,5,4,1
470,3,2022,1,59,1,1,5,0,1,0,0,0,0,1,1,1,6,5,1,6,1,5,1,1,4,1,1,1,1
471,3,2022,1,52,0,0,1,0,1,0,0,0,0,5,1,1,1,1,1,4,4,1,1,1,7,1,5,7,1
472,3,2022,1,60,1,0,5,0,1,0,0,0,0,2,6,5,6,2,1,6,2,6,1,1,2,1,1,1,1
473,3,2022,1,58,1,1,4,0,1,0,0,0,0,2,1,3,2,2,2,3,2,2,2,2,1,2,2,2,1
474,3,2022,0,46,1,1,5,0,1,0,0,0,0,3,5,5,6,2,1,5,5,4,3,2,3,2,3,5,0
475,3,2022,0,57,1,0,3,0,1,0,0,0,0,4,5,4,2,5,1,7,6,4,4,1,1,1,1,2,1
476,3,2022,1,60,1,1,5,0,1,0,0,0,0,5,5,5,5,2,2,7,5,5,1,1,5,2,5,5,1
477,3,2022,0,48,0,0,4,0,1,0,0,0,0,5,6,6,6,6,1,6,2,6,2,1,2,1,1,1,0
478,3,2022,0,50,0,0,1,0,1,0,0,0,0,4,3,6,7,1,1,7,1,5,1,1,1,1,1,1,1
479,3,2022,0,55,0,0,5,0,1,0,0,0,0,5,5,5,4,5,5,4,5,4,5,5,5,5,5,5,0
480,3,2022,0,37,1,1,5,0,1,0,0,0,0,4,5,5,5,6,6,6,5,5,2,1,3,2,3,2,0
481,3,2022,1,49,1,1,5,0,1,0,0,0,0,5,5,5,5,4,4,5,4,4,4,1,1,4,4,1,1
482,3,2022,0,48,1,1,5,0,0,1,0,0,0,3,2,6,5,6,5,5,1,4,1,1,2,1,1,1,1
483,3,2022,0,38,0,0,1,0,1,0,0,0,0,5,5,5,5,5,5,4,5,2,5,5,5,5,5,5,1
484,3,2022,0,59,1,1,5,0,0,1,0,0,0,6,7,6,7,5,1,7,1,7,1,1,1,1,1,1,0
485,3,2022,0,53,1,1,3,0,1,0,0,0,0,3,7,7,5,5,4,5,4,5,4,3,5,5,3,3,0
486,3,2022,0,34,1,0,0,1,1,0,0,0,0,4,4,5,4,4,5,7,4,5,5,3,2,1,4,4,0
487,3,2022,0,48,1,1,0,1,0,1,0,0,0,5,5,5,6,4,5,7,5,5,6,2,5,4,5,5,1
488,3,2022,1,74,1,1,5,0,0,0,0,1,0,5,4,4,6,4,5,7,3,5,5,4,4,2,3,1,1
489,3,2022,1,67,0,0,1,0,0,0,0,1,0,5,1,5,6,1,1,1,1,3,1,1,3,3,1,1,1
490,3,2022,0,44,1,0,5,0,1,0,0,0,0,6,7,6,3,6,1,7,1,5,1,1,1,1,1,1,1
491,3,2022,0,58,0,0,0,1,1,0,0,0,0,1,1,3,5,1,1,7,4,3,4,1,5,1,4,6,1
492,3,2022,0,69,1,1,3,0,1,0,0,0,0,7,6,5,7,3,5,7,2,7,2,2,3,3,2,2,1
493,3,2022,1,52,0,0,1,0,0,0,0,1,0,2,1,1,1,4,1,7,3,1,3,2,5,2,1,1,1
494,3,2022,1,71,1,1,2,0,0,0,0,1,0,4,5,4,6,6,1,5,3,4,3,2,4,3,1,1,1
495,3,2022,1,55,1,1,5,0,1,0,0,0,0,4,5,4,4,4,4,4,4,4,4,4,4,4,4,4,0
496,3,2022,1,59,1,1,0,1,1,0,0,0,0,1,1,4,5,1,1,1,4,4,4,1,5,4,4,5,1
497,3,2022,1,72,1,1,2,0,0,0,0,1,0,2,2,5,6,2,2,5,1,4,1,1,1,1,1,1,1
498,3,2022,1,55,1,1,5,0,1,0,0,0,0,5,6,5,7,4,1,6,3,3,5,3,3,4,1,1,1
499,3,2022,0,71,1,1,0,1,0,1,0,0,0,2,2,1,6,5,6,7,2,5,5,2,4,5,3,1,0
500,3,2022,1,64,1,1,5,0,1,0,0,0,0,3,7,7,7,6,5,7,1,7,2,1,3,1,1,1,0
501,3,2022,0,61,1,1,3,0,1,0,0,0,0,6,7,7,7,5,5,7,2,7,4,5,2,2,4,4,0
502,3,2022,1,60,1,0,5,0,1,0,0,0,0,2,2,4,4,4,4,4,2,4,1,1,3,3,1,1,1
503,3,2022,1,74,1,0,4,0,1,0,0,0,0,4,1,5,4,5,5,5,2,5,3,1,3,3,2,2,1
504,3,2022,1,77,1,1,0,1,0,0,0,1,0,4,1,1,6,1,1,1,3,1,2,1,4,4,4,1,1
505,3,2022,1,64,1,0,4,0,1,0,0,0,0,4,4,4,3,4,1,6,1,4,1,1,7,1,1,5,1
506,3,2022,0,59,1,0,3,0,0,1,0,0,0,5,1,6,6,5,1,7,1,5,5,1,4,1,1,1,1
507,3,2022,1,69,1,1,2,0,1,0,0,0,0,4,3,4,7,3,3,7,1,7,1,1,1,1,1,1,0
508,3,2022,0,60,0,0,4,0,1,0,0,0,0,3,6,6,6,3,3,5,4,4,4,4,4,4,4,4,1
509,3,2022,1,55,1,0,3,0,1,0,0,0,0,1,1,1,2,2,1,1,2,1,1,1,1,1,2,1,0
510,3,2022,0,45,1,1,5,0,0,1,0,0,0,2,2,5,6,5,2,6,4,4,3,3,4,4,3,3,0
511,3,2022,1,56,0,0,3,0,1,0,0,0,0,3,3,3,5,3,3,3,4,3,4,4,6,5,4,4,1
512,3,2022,1,45,0,0,3,0,1,0,0,0,0,4,1,4,7,1,1,7,1,4,1,1,4,4,4,4,1
513,3,2022,1,62,1,0,5,0,1,0,0,0,0,7,7,7,7,7,1,7,1,7,1,1,1,1,1,1,1
514,3,2022,0,43,1,1,3,0,0,1,0,0,0,3,5,5,5,4,3,7,4,6,5,6,5,3,6,6,1
515,3,2022,0,63,1,1,1,0,0,1,0,0,0,4,3,3,5,4,4,3,4,4,5,4,4,3,4,4,1
516,3,2022,1,52,1,1,4,0,1,0,0,0,0,6,6,6,5,5,2,4,5,6,5,4,6,5,4,4,1
517,3,2022,0,48,1,0,5,0,1,0,0,0,0,1,5,4,3,1,1,4,5,2,2,2,4,4,5,5,1
518,3,2022,1,64,1,1,5,0,1,0,0,0,0,5,6,6,6,5,4,7,1,6,1,1,4,1,1,1,0
519,3,2022,0,80,0,1,0,1,0,1,0,0,0,5,6,6,7,6,1,5,1,5,3,1,1,1,1,1,0
520,3,2022,0,72,1,1,3,0,0,1,0,0,0,4,4,4,5,6,1,7,2,6,4,3,4,1,1,2,0
521,3,2022,1,52,1,1,5,0,1,0,0,0,0,1,1,1,7,1,1,7,1,7,4,1,1,1,1,1,0
522,3,2022,1,71,1,1,5,0,0,0,0,0,1,5,6,4,7,4,1,3,1,6,1,1,2,1,1,1,1
523,3,2022,1,45,1,1,5,0,1,0,0,0,0,6,1,4,5,3,1,7,1,5,2,1,2,1,2,1,1
524,3,2022,0,56,1,1,4,0,0,1,0,0,0,5,5,5,5,5,1,5,4,4,5,6,4,3,6,2,0
525,3,2022,0,56,0,0,1,0,0,0,0,1,0,6,2,3,6,6,1,6,2,4,2,1,3,2,1,1,1
526,3,2022,1,73,1,1,4,0,0,0,0,1,0,1,4,5,5,2,1,1,5,7,5,2,4,4,1,3,0
527,3,2022,1,55,1,1,3,0,1,0,0,0,0,1,1,1,5,1,1,7,4,6,2,2,3,5,1,1,1
528,3,2022,1,51,0,0,5,0,1,0,0,0,0,4,2,5,3,4,1,7,4,3,4,4,1,3,4,4,1
529,3,2022,1,73,1,1,2,0,0,0,0,1,0,4,5,5,5,2,1,7,1,4,1,1,1,1,1,1,1
530,3,2022,1,58,0,0,1,0,1,0,0,0,0,4,4,4,3,4,4,3,3,3,3,3,3,3,3,3,1
531,3,2022,1,53,0,0,3,0,1,0,0,0,0,5,5,3,5,5,2,5,1,5,1,1,5,1,1,2,1
532,3,2022,0,70,1,1,3,0,0,1,0,0,0,5,1,5,2,5,1,7,5,5,5,2,5,3,1,1,1
533,3,2022,0,61,1,1,3,0,1,0,0,0,0,5,2,6,5,6,1,7,1,1,1,1,6,1,1,1,1
534,3,2022,1,69,1,1,2,0,1,0,0,0,0,2,5,4,6,5,1,7,2,4,1,1,4,2,1,1,1
535,3,2022,0,59,0,1,2,0,1,0,0,0,0,2,2,2,6,6,1,5,5,5,5,2,5,1,3,2,0
536,3,2022,0,65,1,1,0,1,0,1,0,0,0,5,1,6,6,5,1,6,5,4,5,3,2,4,1,1,1
537,3,2022,0,49,0,0,2,0,1,0,0,0,0,4,2,5,3,3,4,6,2,4,2,1,2,2,2,3,1
538,3,2022,0,36,1,1,3,0,1,0,0,0,0,4,5,5,5,2,2,6,3,5,4,4,5,3,4,4,0
539,3,2022,0,68,1,1,3,0,0,1,0,0,0,2,5,4,7,7,7,7,1,6,4,1,1,1,1,1,1
540,3,2022,1,70,1,0,2,0,1,0,0,0,0,1,1,3,7,2,1,6,5,4,5,2,2,1,1,1,1
541,3,2022,1,42,0,0,3,0,1,0,0,0,0,4,4,4,3,5,4,4,4,4,1,1,4,4,4,4,1
542,3,2022,1,57,1,1,5,0,1,0,0,0,0,4,3,4,4,4,4,4,4,4,4,4,4,4,4,4,1
543,3,2022,1,55,1,1,5,0,1,0,0,0,0,4,5,5,5,6,5,4,1,4,4,1,1,1,1,1,0
544,3,2022,1,45,1,0,3,0,1,0,0,0,0,3,4,4,1,6,6,7,4,7,1,1,4,4,1,1,0
545,3,2022,1,74,0,1,2,0,0,0,0,1,0,5,7,4,5,5,5,6,5,4,4,3,3,3,3,1,0
546,3,2022,1,40,0,0,3,0,1,0,0,0,0,6,1,5,3,5,6,6,1,6,2,2,1,1,2,1,0
547,3,2022,1,64,1,1,0,1,1,0,0,0,0,4,3,4,2,4,4,5,4,4,4,3,4,4,3,3,1
548,3,2022,1,60,0,0,1,0,0,0,0,1,0,4,6,4,4,6,4,5,4,4,4,4,4,4,4,1,1
549,3,2022,1,70,1,1,5,0,0,0,0,1,0,5,6,6,6,5,4,4,4,6,4,2,4,4,2,4,0
550,3,2022,1,50,0,0,3,0,1,0,0,0,0,1,1,1,3,3,3,7,5,3,3,2,4,2,3,2,1
551,3,2022,1,47,1,1,5,0,1,0,0,0,0,2,1,2,5,5,5,6,5,3,2,1,4,2,1,1,1
552,3,2022,1,61,1,1,3,0,1,0,0,0,0,5,1,1,7,2,1,7,1,6,1,1,1,1,1,4,1
553,3,2022,1,72,1,1,4,0,0,0,0,1,0,5,6,6,6,5,1,6,1,5,1,1,1,2,1,1,1
554,3,2022,0,59,0,0,2,0,1,0,0,0,0,3,7,3,1,7,5,7,1,4,1,1,1,1,1,1,1
555,3,2022,0,55,0,0,0,1,0,0,0,1,0,4,1,5,3,4,1,5,5,3,5,5,7,4,5,6,1
556,3,2022,1,59,0,0,1,0,1,0,0,0,0,6,5,6,7,1,1,6,1,4,4,1,2,1,2,1,1
557,3,2022,1,63,1,1,2,0,0,0,0,1,0,5,5,7,6,6,1,6,1,7,1,1,1,1,1,1,1
558,3,2022,1,44,0,0,3,0,1,0,0,0,0,1,1,1,1,1,1,1,1,1,1,1,1,1,1,1,1
559,3,2022,1,77,1,1,4,0,0,0,0,1,0,2,3,6,7,2,6,7,3,3,5,2,4,1,1,1,0
560,3,2022,1,67,1,1,2,0,0,0,0,1,0,4,5,4,4,4,4,4,4,4,4,4,4,4,4,4,0
561,3,2022,1,51,1,1,5,0,0,0,0,0,1,4,4,4,4,4,4,4,4,4,4,4,4,4,4,4,1
562,3,2022,0,50,1,1,5,0,0,1,0,0,0,2,1,2,4,1,1,5,4,3,4,4,5,4,4,4,1
563,3,2022,1,73,1,1,0,1,0,0,0,1,0,3,7,5,5,5,5,7,2,4,3,2,2,2,2,2,1
564,3,2022,0,38,0,0,4,0,1,0,0,0,0,1,2,2,6,1,3,6,7,1,2,1,4,5,1,5,1
565,3,2022,1,54,0,0,4,0,1,0,0,0,0,4,4,4,4,4,4,4,4,4,4,4,4,4,4,4,1
566,3,2022,1,60,0,0,2,0,1,0,0,0,0,4,4,4,4,4,4,3,4,4,4,5,4,4,4,4,1
567,3,2022,0,52,0,0,4,0,1,0,0,0,0,1,1,3,5,1,1,7,1,3,1,1,1,1,1,1,1
568,3,2022,0,62,0,0,3,0,1,0,0,0,0,2,2,4,6,6,2,5,2,4,2,2,2,2,2,2,1
569,3,2022,1,45,0,0,4,0,1,0,0,0,0,6,6,2,5,3,1,2,5,5,2,2,2,2,2,2,1
570,3,2022,0,59,1,1,5,0,1,0,0,0,0,7,4,5,6,5,4,7,2,5,2,1,1,2,1,1,0
571,3,2022,1,74,1,1,2,0,0,0,0,1,0,2,6,6,6,6,6,6,1,6,5,1,1,1,1,1,1
572,3,2022,0,71,1,1,2,0,0,1,0,0,0,6,5,6,6,5,1,7,1,6,4,2,5,1,2,2,0
573,3,2022,1,64,1,1,5,0,1,0,0,0,0,4,4,5,5,4,3,4,3,5,3,3,5,3,3,3,1
574,3,2022,1,80,1,1,2,0,0,0,0,1,0,4,5,5,5,4,1,5,4,5,4,4,4,4,4,4,1
575,3,2022,1,62,1,1,5,0,1,0,0,0,0,2,2,4,6,2,1,6,4,4,2,2,5,1,4,1,1
576,3,2022,1,71,1,1,0,1,1,0,0,0,0,4,5,4,7,5,3,6,1,5,4,2,1,1,1,1,1
577,3,2022,1,77,0,0,5,0,0,0,0,1,0,5,6,6,7,4,1,4,2,6,3,2,1,4,2,1,1
578,3,2022,0,49,0,0,2,0,1,0,0,0,0,4,4,5,4,4,1,1,4,4,4,4,4,4,4,4,1
579,3,2022,0,55,1,1,2,0,1,0,0,0,0,1,5,5,7,6,1,7,4,2,1,1,4,1,1,1,1
580,3,2022,1,46,0,0,4,0,1,0,0,0,0,6,6,6,6,6,5,5,2,6,2,2,4,2,2,3,0
581,3,2022,0,53,0,0,3,0,1,0,0,0,0,1,5,5,3,7,5,6,1,2,1,1,4,3,1,1,0
582,3,2022,0,37,1,1,3,0,1,0,0,0,0,5,4,3,4,4,4,4,6,6,3,4,4,4,4,4,0
583,3,2022,1,73,1,1,5,0,1,0,0,0,0,7,1,6,7,1,6,7,1,5,6,1,7,1,4,5,0
584,3,2022,1,56,1,1,5,0,1,0,0,0,0,5,2,4,6,5,1,6,4,4,5,3,5,2,3,3,1
585,3,2022,1,55,1,1,5,0,1,0,0,0,0,2,2,4,4,4,2,5,4,4,4,4,4,4,4,4,1
586,3,2022,1,68,1,1,3,0,1,0,0,0,0,5,4,5,5,5,3,5,2,6,4,2,4,1,2,2,1
587,3,2022,1,39,0,0,1,0,1,0,0,0,0,2,1,1,2,2,2,2,1,2,2,2,1,1,1,1,1
588,3,2022,1,51,1,1,5,0,1,0,0,0,0,6,4,5,7,6,1,6,3,5,3,2,2,2,2,2,0
589,3,2022,1,59,0,0,0,1,1,0,0,0,0,4,4,4,5,6,3,4,2,3,2,2,5,2,2,2,1
590,3,2022,1,60,1,1,0,1,1,0,0,0,0,5,6,4,1,1,7,7,4,3,3,1,5,4,4,5,1
591,3,2022,1,49,1,1,3,0,1,0,0,0,0,5,4,5,5,4,5,4,5,5,4,5,6,5,5,5,0
592,3,2022,1,66,0,0,2,0,1,0,0,0,0,1,1,1,2,1,1,6,1,2,1,1,5,1,1,1,1
593,3,2022,1,57,1,0,2,0,1,0,0,0,0,5,5,5,6,5,5,5,4,5,4,4,4,4,4,4,1
594,3,2022,0,51,1,0,5,0,0,1,0,0,0,3,5,5,5,5,3,6,5,5,4,2,5,2,4,2,0
595,3,2022,1,68,1,1,3,0,0,0,0,1,0,5,1,2,6,6,1,6,4,5,4,2,4,4,1,1,1
596,3,2022,1,50,0,0,3,0,0,0,0,1,0,5,1,3,4,2,1,4,4,3,5,2,6,6,4,4,1
597,3,2022,1,50,1,1,3,0,1,0,0,0,0,4,4,4,2,5,1,4,4,3,3,1,5,4,5,5,1
598,3,2022,0,39,1,1,4,0,1,0,0,0,0,5,5,5,6,5,5,6,3,5,3,3,3,3,3,3,1
599,3,2022,0,74,1,1,2,0,0,1,0,0,0,5,7,7,6,6,1,6,1,6,1,1,1,1,1,1,0
600,3,2022,0,42,1,1,0,1,0,1,0,0,0,4,5,5,4,4,4,5,3,4,4,3,4,3,4,3,0
601,3,2022,1,39,1,1,5,0,1,0,0,0,0,1,1,1,3,4,1,7,1,4,1,1,1,1,1,1,0
602,3,2022,1,58,1,1,5,0,1,0,0,0,0,4,4,4,4,4,4,4,4,4,4,4,4,3,4,4,0
603,3,2022,0,63,1,1,0,1,1,0,0,0,0,3,4,5,3,5,1,6,4,4,5,3,4,4,3,4,1
604,3,2022,1,42,0,0,1,0,0,0,0,1,0,1,1,1,1,1,1,1,1,1,1,1,1,1,1,1,1
605,3,2022,1,58,0,0,3,0,1,0,0,0,0,4,7,4,3,4,7,4,4,4,4,4,4,4,4,4,0
606,3,2022,1,45,1,1,5,0,1,0,0,0,0,4,5,4,5,4,5,5,4,4,4,4,4,4,4,4,1
607,3,2022,1,55,1,1,3,0,1,0,0,0,0,3,4,4,5,3,3,5,3,4,3,3,4,2,3,3,1
608,3,2022,1,59,1,1,5,0,1,0,0,0,0,7,7,7,6,7,5,7,1,5,2,1,1,1,1,1,1
609,3,2022,0,74,1,1,4,0,0,1,0,0,0,6,2,5,7,5,5,6,2,6,3,2,2,1,1,1,0
610,3,2022,1,59,1,0,5,0,1,0,0,0,0,4,5,5,6,4,4,6,1,4,1,1,1,1,1,1,1
611,3,2022,0,47,1,1,5,0,1,0,0,0,0,3,4,6,4,5,2,7,5,7,5,6,1,4,6,5,1
612,3,2022,1,58,1,1,0,1,1,0,0,0,0,4,4,4,4,4,4,5,4,4,4,4,7,4,4,4,1
613,3,2022,0,71,1,1,1,0,0,1,0,0,0,7,7,7,7,7,1,7,1,6,4,1,1,1,1,1,0
614,3,2022,1,54,1,1,5,0,1,0,0,0,0,5,7,4,5,6,6,6,4,6,1,1,5,1,1,1,0
615,3,2022,1,35,0,0,0,1,0,0,0,1,0,6,1,2,4,4,1,1,1,1,4,1,4,1,1,1,1
616,3,2022,0,65,1,1,2,0,0,1,0,0,0,6,5,5,6,6,6,6,6,6,6,6,6,6,6,4,0
617,3,2022,0,48,0,0,3,0,1,0,0,0,0,3,5,2,5,5,2,6,4,4,3,3,3,4,4,3,0
618,3,2022,0,53,1,1,0,1,1,0,0,0,0,4,5,4,7,4,4,6,3,4,5,5,3,4,4,6,1
619,3,2022,1,59,1,1,3,0,1,0,0,0,0,4,1,5,7,2,1,7,1,4,1,1,1,1,1,1,1
620,3,2022,1,63,0,0,0,1,0,0,0,1,0,4,6,4,4,3,5,3,4,4,4,3,4,3,4,3,1
621,3,2022,1,62,0,1,3,0,1,0,0,0,0,5,2,5,6,6,1,5,1,5,1,1,4,1,1,1,0
622,3,2022,0,50,0,0,1,0,0,0,0,0,1,4,4,1,4,1,1,4,4,4,4,4,7,4,4,4,1
623,3,2022,1,69,1,0,1,0,0,0,0,1,0,1,1,1,7,4,1,7,1,4,1,1,4,1,1,1,1
624,3,2022,0,53,1,1,0,1,0,1,0,0,0,2,4,7,5,4,1,7,3,5,3,2,4,1,2,1,1
625,3,2022,1,46,0,0,3,0,1,0,0,0,0,3,3,2,5,5,5,5,3,5,3,2,5,3,3,3,1
626,3,2022,0,48,1,1,0,1,1,0,0,0,0,1,1,1,7,1,1,5,1,4,1,1,3,1,1,1,1
627,3,2022,0,56,1,1,0,1,0,1,0,0,0,5,4,5,5,6,1,7,1,6,4,1,4,1,4,4,0
628,3,2022,1,56,0,0,0,1,0,0,0,1,0,4,4,5,4,4,4,4,4,4,4,4,6,4,4,4,1
629,3,2022,1,67,1,1,2,0,0,0,0,1,0,5,5,5,7,5,1,5,2,5,2,1,5,2,1,1,1
630,3,2022,1,49,0,0,5,0,1,0,0,0,0,4,5,6,3,1,1,6,4,5,2,2,3,4,2,2,1
631,3,2022,0,54,0,0,1,0,1,0,0,0,0,1,1,1,1,1,1,1,5,1,4,3,7,2,2,1,1
632,3,2022,1,42,0,0,0,1,0,0,0,0,1,1,4,4,3,4,1,6,2,1,2,1,4,2,2,2,1
633,3,2022,1,62,1,1,4,0,1,0,0,0,0,2,5,2,3,2,2,5,2,2,2,2,1,4,2,2,0
634,3,2022,0,55,0,0,0,1,1,0,0,0,0,4,5,4,7,1,5,7,4,4,4,4,4,4,4,4,1
635,3,2022,1,65,0,0,2,0,0,0,0,1,0,4,5,6,6,2,4,6,2,4,4,2,2,2,1,1,1
636,3,2022,0,42,0,0,4,0,1,0,0,0,0,1,1,1,2,1,1,7,3,3,4,1,4,4,1,1,1
637,3,2022,1,64,1,1,2,0,1,0,0,0,0,4,7,4,7,4,4,7,3,4,3,3,7,3,3,6,1
638,3,2022,1,45,1,1,0,1,1,0,0,0,0,4,6,5,5,3,4,6,4,5,4,5,4,3,4,4,0
639,3,2022,1,58,1,1,5,0,1,0,0,0,0,4,4,4,4,4,4,4,4,4,4,4,4,4,4,4,1
640,3,2022,0,67,0,0,1,0,0,0,0,1,0,5,5,5,7,5,5,7,1,7,1,1,1,1,1,1,0
641,3,2022,1,55,0,0,5,0,1,0,0,0,0,7,1,2,3,4,4,5,4,4,3,3,3,3,4,3,0
642,3,2022,1,77,1,1,3,0,0,0,0,1,0,5,7,7,5,5,5,5,1,5,1,1,1,1,1,1,0
643,3,2022,1,56,1,1,5,0,1,0,0,0,0,6,6,5,6,6,3,1,1,6,1,1,1,1,1,1,0
644,3,2022,0,64,1,1,3,0,0,1,0,0,0,4,1,5,6,3,3,5,3,5,3,2,3,2,3,1,1
645,3,2022,1,47,0,0,3,0,1,0,0,0,0,2,3,5,5,1,4,4,3,3,4,2,2,1,2,2,1
646,3,2022,1,59,0,0,2,0,1,0,0,0,0,6,4,4,6,1,1,6,4,4,5,1,5,1,1,1,1
647,3,2022,0,43,1,1,5,0,1,0,0,0,0,1,3,5,6,6,1,7,4,3,3,1,3,4,2,2,1
648,3,2022,0,75,1,1,2,0,0,1,0,0,0,6,7,7,7,6,6,7,1,7,2,2,1,1,1,1,0
649,3,2022,1,74,0,0,1,0,0,0,0,1,0,6,6,2,6,6,1,6,1,4,3,2,1,1,1,1,0
650,3,2022,1,62,0,0,5,0,1,0,0,0,0,5,5,3,5,5,1,6,1,4,3,1,1,1,1,2,0
651,3,2022,1,53,1,1,5,0,1,0,0,0,0,4,4,4,4,4,4,4,4,4,4,4,4,4,4,4,1
652,3,2022,0,53,0,0,4,0,1,0,0,0,0,5,2,5,6,5,5,6,2,4,2,1,2,1,2,2,0
653,3,2022,1,73,1,1,4,0,0,0,0,1,0,7,7,6,7,7,7,7,1,7,4,1,4,1,1,4,0
654,3,2022,0,36,1,1,0,1,1,0,0,0,0,3,4,4,4,4,3,5,4,4,5,5,3,4,4,3,1
655,3,2022,1,51,0,1,2,0,1,0,0,0,0,4,6,5,6,2,2,6,3,4,3,3,3,3,3,2,1
656,3,2022,0,37,0,0,5,0,1,0,0,0,0,5,3,4,4,4,4,7,3,5,4,4,4,2,4,3,0
657,3,2022,1,66,1,1,4,0,1,0,0,0,0,5,4,6,5,5,4,6,4,5,3,2,3,3,2,3,0
658,3,2022,1,45,0,0,3,0,1,0,0,0,0,4,7,4,4,4,4,4,4,4,4,4,4,4,4,4,1
659,3,2022,1,54,0,0,1,0,1,0,0,0,0,3,5,5,6,5,6,6,4,6,4,4,4,4,4,4,1
660,3,2022,1,56,1,0,2,0,1,0,0,0,0,6,1,1,7,1,1,1,1,1,1,1,6,1,1,1,1
661,3,2022,0,54,1,0,4,0,0,1,0,0,0,6,6,5,6,4,1,7,2,5,2,2,4,4,2,2,1
662,3,2022,1,73,1,1,0,1,1,0,0,0,0,2,2,6,6,6,1,7,1,6,4,1,5,1,2,2,1
663,3,2022,1,56,1,1,5,0,1,0,0,0,0,4,4,3,5,5,4,3,3,4,4,5,4,4,5,3,1
664,3,2022,1,60,0,0,1,0,1,0,0,0,0,4,1,4,4,4,5,5,2,4,4,4,7,1,4,4,1
665,3,2022,1,58,1,1,5,0,1,0,0,0,0,5,5,5,5,5,3,6,2,5,2,1,4,1,1,2,0
666,3,2022,0,51,0,0,1,0,0,0,0,1,0,3,3,2,3,1,1,7,6,1,5,3,7,5,2,4,1
667,3,2022,1,56,1,1,4,0,1,0,0,0,0,1,7,7,4,7,1,7,7,1,7,7,7,7,4,7,1
668,3,2022,0,57,1,1,0,1,1,0,0,0,0,4,1,3,5,6,1,6,3,4,4,2,5,3,3,3,1
669,3,2022,0,75,1,1,3,0,0,1,0,0,0,3,6,6,6,6,1,7,5,4,5,3,4,4,3,1,0
670,3,2022,1,68,1,1,1,0,0,0,0,1,0,4,5,4,6,4,4,4,4,4,1,1,4,4,1,1,1
671,3,2022,1,64,1,1,5,0,1,0,0,0,0,2,1,2,5,3,1,1,1,5,1,1,2,1,1,1,1
672,3,2022,0,70,1,1,5,0,0,1,0,0,0,4,5,6,6,6,3,6,5,4,5,4,4,4,2,1,1
673,3,2022,1,51,1,0,5,0,1,0,0,0,0,1,1,1,6,1,1,7,1,4,1,1,7,1,1,1,1
674,3,2022,1,40,1,1,5,0,1,0,0,0,0,1,1,1,4,4,4,4,4,4,4,4,4,4,4,4,1
675,3,2022,0,67,1,1,3,0,0,1,0,0,0,5,2,5,7,5,1,7,3,6,4,3,2,1,5,2,0
676,3,2022,1,42,1,1,5,0,1,0,0,0,0,4,6,4,5,5,5,5,4,4,4,4,2,4,4,4,0
677,3,2022,0,63,0,1,2,0,1,0,0,0,0,5,5,4,6,6,3,7,2,5,1,1,2,1,1,5,1
678,3,2022,0,45,1,1,3,0,1,0,0,0,0,7,6,6,7,3,1,5,5,4,1,1,5,1,1,1,0
679,3,2022,1,53,1,1,4,0,1,0,0,0,0,1,5,1,4,4,1,5,3,4,3,3,3,3,3,3,1
680,3,2022,0,41,1,1,3,0,0,1,0,0,0,3,5,5,3,2,1,5,2,3,2,1,6,2,3,3,0
681,3,2022,1,38,0,0,1,0,1,0,0,0,0,4,4,4,4,3,4,4,4,4,4,3,3,4,4,4,1
682,3,2022,0,42,1,0,0,1,1,0,0,0,0,1,4,5,6,4,1,4,4,4,3,1,1,1,3,2,1
683,3,2022,1,77,1,1,2,0,0,0,0,1,0,2,5,5,2,3,2,2,3,2,3,3,5,3,3,3,0
684,3,2022,1,47,0,0,3,0,1,0,0,0,0,4,5,5,5,5,5,4,4,3,5,4,4,5,4,4,1
685,3,2022,1,59,0,0,1,0,0,0,0,1,0,4,5,4,6,1,1,5,1,5,2,2,3,1,3,1,1
686,3,2022,1,51,0,0,2,0,1,0,0,0,0,5,5,4,6,5,1,5,2,5,2,1,4,1,1,1,1
687,3,2022,0,58,1,1,3,0,1,0,0,0,0,3,2,3,4,3,4,7,5,4,5,6,4,5,5,6,1
688,3,2022,1,74,1,1,2,0,0,0,0,1,0,7,6,5,4,5,1,2,2,4,2,1,5,2,4,1,0
689,3,2022,1,40,0,0,1,0,0,0,0,1,0,1,1,1,1,1,1,1,1,1,1,1,1,1,1,1,1
690,3,2022,1,50,1,0,5,0,1,0,0,0,0,5,7,6,5,5,5,6,1,5,1,1,1,1,1,1,0
691,3,2022,1,61,1,1,5,0,1,0,0,0,0,5,5,4,6,4,6,6,3,4,3,3,4,3,3,3,1
692,3,2022,1,58,1,1,4,0,1,0,0,0,0,5,4,1,5,5,1,7,7,1,6,4,7,5,2,1,1
693,3,2022,1,58,1,1,4,0,1,0,0,0,0,2,5,3,5,2,2,6,2,5,2,2,2,2,2,2,1
694,3,2022,1,75,1,1,5,0,1,0,0,0,0,3,2,2,6,6,6,7,1,6,1,1,1,1,1,1,0
695,3,2022,1,45,1,1,5,0,1,0,0,0,0,6,6,7,7,2,2,6,1,4,5,1,5,1,1,4,1
696,3,2022,0,59,0,1,3,0,0,1,0,0,0,3,5,3,7,5,2,7,1,3,2,1,1,1,1,1,0
697,3,2022,1,64,0,1,2,0,1,0,0,0,0,5,6,6,7,4,4,5,5,6,2,1,6,1,2,4,1
698,3,2022,0,34,1,1,4,0,1,0,0,0,0,1,4,4,5,4,1,7,3,3,4,1,3,3,1,1,0
699,3,2022,0,49,0,0,3,0,1,0,0,0,0,5,5,5,5,5,5,6,6,6,6,5,5,5,5,5,1
700,3,2022,1,57,0,0,0,1,1,0,0,0,0,4,1,1,5,1,1,4,2,1,1,1,2,1,1,1,1
701,3,2022,1,60,0,0,5,0,1,0,0,0,0,1,7,7,6,1,1,7,7,1,2,1,1,4,1,1,1
702,3,2022,0,74,1,1,2,0,0,1,0,0,0,5,6,6,6,6,6,5,1,6,3,1,4,1,1,1,0
703,3,2022,1,42,0,0,0,1,1,0,0,0,0,3,5,4,4,4,1,4,4,4,4,4,4,4,4,4,1
704,3,2022,1,37,0,0,3,0,1,0,0,0,0,2,2,2,6,4,4,4,2,3,1,1,2,1,2,1,1
705,3,2022,1,48,1,0,4,0,1,0,0,0,0,5,6,6,5,4,3,7,2,7,1,1,3,1,4,3,1
706,3,2022,1,56,1,1,2,0,1,0,0,0,0,6,5,5,6,4,4,6,1,6,1,1,5,1,1,1,0
707,3,2022,1,37,0,0,0,1,1,0,0,0,0,3,3,3,5,3,3,3,4,4,4,4,4,4,4,4,1
708,3,2022,0,44,1,1,5,0,1,0,0,0,0,3,4,4,3,4,4,4,4,3,4,4,4,4,4,4,1
709,3,2022,1,79,1,1,4,0,0,0,0,1,0,3,5,6,7,1,1,6,2,5,4,1,1,1,1,1,1
710,3,2022,1,72,1,1,3,0,0,0,0,1,0,6,5,4,6,4,3,6,4,5,2,2,7,2,1,4,1
711,3,2022,0,40,1,1,5,0,0,1,0,0,0,4,1,4,7,5,5,7,5,4,1,1,1,1,1,1,0
712,3,2022,1,51,1,0,5,0,1,0,0,0,0,5,6,6,6,5,5,7,2,6,2,2,4,4,2,2,0
713,3,2022,1,40,0,0,5,0,1,0,0,0,0,6,6,6,6,4,5,7,1,5,2,1,1,1,1,1,0
714,3,2022,1,58,1,1,5,0,1,0,0,0,0,5,3,4,1,1,1,7,7,7,5,1,5,1,1,1,1
715,3,2022,0,72,0,1,3,0,1,0,0,0,0,1,5,4,5,1,1,6,4,5,5,4,6,3,4,3,1
716,3,2022,1,63,1,1,2,0,0,0,0,1,0,5,6,5,2,1,1,6,1,4,4,2,2,1,4,1,1
717,3,2022,1,64,0,0,2,0,1,0,0,0,0,2,2,5,4,2,2,7,5,3,5,4,5,4,3,5,1
718,3,2022,1,66,1,1,2,0,0,0,0,1,0,4,5,4,4,4,4,4,4,4,4,4,4,4,4,4,0
719,3,2022,0,63,1,1,5,0,0,1,0,0,0,4,4,5,5,5,4,6,1,5,4,1,2,1,1,1,1
720,3,2022,1,73,0,0,1,0,0,0,0,1,0,4,4,4,4,4,4,4,4,4,4,4,4,4,4,4,1
721,3,2022,1,41,0,0,3,0,1,0,0,0,0,1,1,1,4,5,1,7,1,3,1,1,2,1,1,1,1
722,3,2022,0,47,0,0,0,1,1,0,0,0,0,6,2,4,5,4,2,7,4,5,2,1,4,4,1,5,0
723,3,2022,1,62,0,0,4,0,1,0,0,0,0,4,4,4,4,4,4,4,4,4,4,4,4,4,4,4,1
724,3,2022,0,46,1,1,4,0,1,0,0,0,0,3,6,6,6,4,1,6,4,4,4,4,1,1,4,3,1
725,3,2022,0,47,1,1,5,0,0,1,0,0,0,5,2,2,6,5,4,6,1,5,1,1,2,1,1,1,1
726,3,2022,1,71,1,1,3,0,1,0,0,0,0,5,5,5,6,6,3,6,2,3,5,2,5,2,2,2,0
727,3,2022,1,54,1,1,3,0,1,0,0,0,0,6,5,5,5,3,4,7,4,7,4,4,4,4,4,4,1
728,3,2022,0,73,1,1,2,0,0,1,0,0,0,6,6,6,6,6,1,6,4,6,5,3,4,2,3,3,0
729,3,2022,0,34,0,0,3,0,1,0,0,0,0,5,5,5,4,4,3,6,5,3,3,3,6,2,2,4,1
730,3,2022,0,55,1,0,4,0,0,1,0,0,0,2,5,5,7,6,1,7,1,4,2,1,1,1,1,1,1
731,3,2022,0,40,0,0,3,0,1,0,0,0,0,3,5,5,7,5,3,6,4,4,6,5,5,5,5,5,1
732,3,2022,1,42,0,0,2,0,1,0,0,0,0,3,3,4,4,3,4,3,3,4,3,3,3,4,4,3,1
733,3,2022,0,45,0,0,0,1,0,0,0,1,0,5,1,1,1,1,1,1,1,1,1,1,1,1,1,1,1
734,3,2022,0,51,1,0,2,0,1,0,0,0,0,4,5,4,4,4,4,4,4,4,4,4,4,4,4,4,1
735,3,2022,0,54,1,0,3,0,1,0,0,0,0,1,5,1,5,1,1,7,5,4,6,2,3,1,4,1,1
736,3,2022,0,53,0,0,1,0,1,0,0,0,0,1,1,1,1,1,1,1,1,1,1,1,7,1,1,1,1
737,3,2022,1,61,1,0,1,0,0,0,0,1,0,5,5,3,7,4,1,5,1,5,2,1,4,1,1,1,1
738,3,2022,0,47,1,1,0,1,1,0,0,0,0,4,4,4,4,4,4,4,4,4,4,4,4,4,4,4,1
739,3,2022,1,50,0,0,4,0,1,0,0,0,0,5,4,5,5,5,1,5,4,5,3,3,4,4,2,4,0
740,3,2022,0,50,0,0,3,0,0,0,0,1,0,5,2,5,7,5,1,5,2,5,2,2,4,2,2,2,1
741,3,2022,0,55,1,0,3,0,0,1,0,0,0,4,5,5,5,4,1,5,4,4,4,3,4,3,3,2,1
742,3,2022,1,64,1,1,2,0,1,0,0,0,0,1,1,4,7,1,1,1,1,4,1,1,5,1,1,1,1
743,3,2022,1,57,1,1,5,0,1,0,0,0,0,4,7,7,7,1,1,7,4,4,4,4,4,4,4,4,0
744,3,2022,0,56,1,0,0,1,0,1,0,0,0,4,4,5,4,4,4,4,4,4,4,4,4,4,4,4,1
745,3,2022,0,63,1,1,3,0,1,0,0,0,0,2,1,5,4,4,1,5,4,4,4,2,5,3,1,1,1
746,3,2022,0,47,0,0,3,0,1,0,0,0,0,3,4,3,2,5,1,6,3,5,4,3,3,3,3,3,1
747,3,2022,1,51,1,1,5,0,1,0,0,0,0,4,4,4,5,5,5,6,3,5,4,4,4,4,4,4,0
748,3,2022,0,54,1,0,5,0,1,0,0,0,0,3,3,4,4,4,3,7,5,3,5,5,5,3,3,4,1
749,3,2022,0,52,1,1,5,0,1,0,0,0,0,3,1,4,5,5,1,1,5,1,3,1,4,1,1,4,1
750,3,2022,0,58,0,0,1,0,1,0,0,0,0,4,4,4,4,4,4,4,4,4,4,4,4,4,4,4,1
751,3,2022,1,67,1,1,5,0,1,0,0,0,0,6,6,6,6,6,6,6,6,6,6,5,6,6,5,5,0
752,3,2022,1,57,0,0,3,0,1,0,0,0,0,4,3,5,5,2,4,6,4,4,5,2,4,3,2,3,0
753,3,2022,0,50,1,1,5,0,1,0,0,0,0,5,5,5,7,5,1,6,2,6,4,1,1,1,1,1,1
754,3,2022,1,50,0,0,5,0,1,0,0,0,0,4,5,4,4,4,4,4,3,4,5,5,1,2,4,4,1
755,3,2022,0,61,0,0,1,0,0,0,0,1,0,4,5,5,7,5,5,6,3,4,4,3,3,3,3,3,1
756,3,2022,1,58,1,0,5,0,1,0,0,0,0,4,4,4,5,5,4,5,2,5,2,1,2,2,1,1,0
757,3,2022,1,47,1,0,5,0,1,0,0,0,0,6,5,5,5,5,5,5,3,4,3,2,2,2,2,2,1
758,3,2022,1,54,1,0,3,0,1,0,0,0,0,5,5,5,5,4,3,5,4,4,4,4,3,4,3,3,1
759,3,2022,1,56,1,0,5,0,1,0,0,0,0,5,5,5,5,3,1,6,2,4,3,1,2,2,1,1,1
760,3,2022,0,41,1,1,5,0,1,0,0,0,0,2,2,2,3,2,2,5,5,4,3,2,2,2,1,1,1
761,3,2022,0,50,1,1,2,0,1,0,0,0,0,7,1,5,4,1,1,7,4,4,4,4,4,4,4,4,1
762,3,2022,1,60,1,0,3,0,1,0,0,0,0,6,5,6,6,6,1,6,2,5,4,2,3,2,2,2,1
763,3,2022,1,51,1,1,5,0,1,0,0,0,0,4,4,4,4,4,4,4,3,4,4,4,4,4,4,4,1
764,3,2022,0,54,1,1,3,0,0,1,0,0,0,5,6,6,5,7,7,7,6,3,2,3,4,4,3,3,1
765,3,2022,0,39,1,1,0,1,0,1,0,0,0,1,1,2,1,1,1,1,3,1,1,1,1,1,1,1,0
766,3,2022,1,49,1,1,2,0,1,0,0,0,0,5,7,5,5,7,1,7,3,4,4,4,3,3,4,4,1
767,3,2022,1,66,1,1,2,0,0,0,0,1,0,1,6,6,5,1,1,4,1,4,1,1,1,1,1,1,1
768,3,2022,1,50,1,1,2,0,1,0,0,0,0,5,1,1,2,1,1,6,3,5,3,1,1,1,1,1,1
769,3,2022,0,71,1,1,2,0,1,0,0,0,0,5,6,6,6,5,1,7,1,5,5,2,4,1,1,4,0
770,3,2022,1,59,0,0,4,0,1,0,0,0,0,6,3,3,5,3,3,1,3,6,1,1,3,3,1,1,1
771,3,2022,0,70,1,1,2,0,0,1,0,0,0,2,3,4,5,2,2,5,5,5,5,5,5,5,5,3,1
772,3,2022,1,80,0,1,3,0,0,0,0,1,0,6,5,5,6,1,2,5,2,6,1,1,1,2,1,1,1
773,3,2022,1,53,1,0,5,0,1,0,0,0,0,6,3,6,6,6,5,6,3,5,2,1,2,3,2,1,1
774,3,2022,1,52,1,1,5,0,1,0,0,0,0,5,5,5,4,5,4,5,4,5,4,4,5,4,4,4,1
775,3,2022,0,57,1,1,1,0,0,1,0,0,0,5,7,4,5,5,1,7,1,7,3,1,6,1,4,3,0
776,3,2022,0,55,1,1,0,1,0,1,0,0,0,6,5,5,5,5,6,5,5,6,6,5,6,6,6,3,0
777,3,2022,1,46,1,1,5,0,1,0,0,0,0,5,5,5,5,5,3,5,3,5,3,2,3,3,3,3,0
778,3,2022,1,55,1,1,5,0,1,0,0,0,0,2,6,7,6,2,2,6,4,6,6,3,5,4,4,4,1
779,3,2022,0,45,1,1,5,0,0,1,0,0,0,5,1,6,5,6,1,7,5,3,1,1,2,4,2,1,0
780,3,2022,1,34,0,0,4,0,1,0,0,0,0,5,7,6,6,4,6,5,1,6,1,1,2,1,1,1,0
781,3,2022,0,50,1,1,4,0,0,1,0,0,0,7,7,7,7,7,7,7,1,6,1,1,4,1,1,1,0
782,3,2022,1,70,1,1,2,0,1,0,0,0,0,5,7,6,6,7,7,7,5,3,5,4,4,1,5,5,1
783,3,2022,1,36,1,1,3,0,1,0,0,0,0,4,3,3,5,4,2,6,3,4,2,1,3,2,1,3,0
784,3,2022,0,41,0,0,1,0,0,0,0,1,0,1,5,2,2,1,1,7,5,1,1,1,7,7,1,7,1
785,3,2022,0,45,0,0,3,0,1,0,0,0,0,3,5,5,4,4,3,4,4,4,4,4,4,4,4,4,1
786,3,2022,1,51,1,1,5,0,1,0,0,0,0,1,1,1,2,1,1,2,3,2,3,2,2,3,2,2,0
787,3,2022,1,57,0,0,0,1,1,0,0,0,0,4,4,5,4,4,4,4,4,4,4,4,4,4,4,4,1
788,3,2022,1,59,0,0,2,0,0,0,0,1,0,3,2,3,5,1,1,7,1,4,1,1,3,1,1,1,1
789,3,2022,1,70,1,1,2,0,0,0,0,1,0,4,5,4,4,5,1,5,1,4,1,1,1,1,1,1,0
790,3,2022,1,69,1,1,2,0,0,0,0,1,0,2,2,4,6,2,1,6,4,4,3,2,3,2,2,2,0
791,3,2022,1,46,0,0,4,0,1,0,0,0,0,5,7,5,6,5,1,6,1,6,1,1,1,1,1,6,1
792,3,2022,0,41,1,0,3,0,1,0,0,0,0,3,4,3,6,1,1,6,3,4,3,3,3,3,3,3,1
793,3,2022,0,50,1,0,5,0,0,1,0,0,0,5,6,6,6,5,5,5,6,6,6,6,5,6,6,6,1
794,3,2022,1,50,0,0,2,0,1,0,0,0,0,4,1,5,4,4,4,4,4,4,4,4,4,4,4,4,1
795,3,2022,1,48,0,0,4,0,1,0,0,0,0,3,5,5,5,2,2,7,5,4,5,4,4,2,2,1,0
796,3,2022,1,67,1,1,4,0,0,0,0,1,0,4,6,5,6,6,5,6,4,5,5,3,3,5,3,3,1
797,3,2022,1,48,0,0,3,0,1,0,0,0,0,1,1,3,5,1,1,1,1,4,3,1,1,1,1,1,1
798,3,2022,1,54,0,0,2,0,1,0,0,0,0,4,1,4,7,4,5,7,4,4,1,1,4,1,1,1,0
799,3,2022,0,40,1,0,1,0,1,0,0,0,0,4,4,4,4,4,4,4,4,4,4,4,4,4,4,4,1
800,3,2022,1,53,0,0,1,0,1,0,0,0,0,4,5,4,5,1,1,5,5,3,5,3,5,1,2,3,1
801,3,2022,1,62,1,0,5,0,1,0,0,0,0,5,6,6,7,5,1,5,1,7,1,1,4,1,1,1,1
802,3,2022,0,78,1,1,0,1,0,1,0,0,0,5,5,5,4,5,1,7,1,4,1,1,1,4,1,1,1
803,3,2022,0,69,1,1,1,0,1,0,0,0,0,4,5,5,5,4,4,6,4,5,5,4,5,4,5,5,0
804,3,2022,0,53,0,0,3,0,1,0,0,0,0,4,4,4,5,4,3,4,4,4,4,5,4,4,3,4,1
805,3,2022,1,67,0,0,2,0,1,0,0,0,0,5,5,5,5,1,1,7,1,3,5,1,3,1,6,6,1
806,3,2022,0,49,1,0,5,0,1,0,0,0,0,6,7,5,5,6,1,5,1,3,4,1,3,1,1,1,0
807,3,2022,1,63,1,0,1,0,0,0,0,1,0,4,4,4,4,4,1,4,4,4,4,4,4,4,4,4,1
808,3,2022,0,57,0,0,2,0,0,0,0,1,0,4,5,6,7,6,1,6,1,4,2,1,1,1,1,1,1
809,3,2022,0,72,1,1,3,0,0,1,0,0,0,5,5,5,6,5,3,5,1,5,1,1,1,1,1,1,0
810,3,2022,0,41,1,1,0,1,0,1,0,0,0,4,7,7,5,4,5,6,1,5,3,1,1,4,1,1,1
811,3,2022,1,69,1,1,5,0,1,0,0,0,0,3,2,5,6,5,2,7,1,6,2,1,2,1,1,1,0
812,3,2022,1,45,0,0,0,1,1,0,0,0,0,6,6,5,7,4,2,7,1,4,4,2,7,5,2,4,1
813,3,2022,0,39,1,1,0,1,0,1,0,0,0,4,5,5,7,4,4,7,4,4,4,2,2,1,4,2,0
814,3,2022,1,60,1,0,2,0,1,0,0,0,0,4,4,4,4,4,4,5,4,4,4,4,4,4,4,4,1
815,3,2022,0,45,1,1,3,0,0,1,0,0,0,6,2,4,3,1,1,7,7,2,1,1,4,1,1,4,1
816,3,2022,1,46,1,0,4,0,1,0,0,0,0,2,7,4,4,4,1,7,3,4,3,3,3,3,3,3,0
817,3,2022,1,57,0,0,2,0,1,0,0,0,0,2,2,5,6,4,1,7,2,3,2,1,3,2,1,1,1
818,3,2022,1,56,1,1,0,1,1,0,0,0,0,4,4,4,4,4,4,4,4,4,4,4,4,4,4,4,0
819,3,2022,1,65,1,1,0,1,1,0,0,0,0,6,5,6,6,2,1,7,1,6,2,1,3,1,1,1,1
820,3,2022,1,57,0,0,0,1,1,0,0,0,0,4,6,6,4,1,4,7,5,4,6,2,5,5,4,4,0
821,3,2022,1,49,0,0,2,0,1,0,0,0,0,1,1,1,1,1,1,1,1,1,1,1,1,1,1,1,1
822,3,2022,1,56,1,1,5,0,1,0,0,0,0,7,7,7,7,7,4,7,7,7,7,7,7,7,7,7,0
823,3,2022,1,72,0,0,2,0,0,0,0,1,0,1,5,4,5,1,1,5,1,4,5,1,4,1,1,1,1
824,3,2022,1,76,1,1,5,0,1,0,0,0,0,7,7,7,6,7,6,7,1,6,2,1,3,1,2,1,0
825,3,2022,1,69,1,1,1,0,0,0,0,1,0,3,4,4,5,3,4,6,2,4,3,2,3,2,2,2,1
826,3,2022,1,74,0,0,2,0,1,0,0,0,0,7,7,5,5,7,2,6,2,6,2,1,5,2,1,1,0
827,3,2022,1,55,1,0,2,0,1,0,0,0,0,2,5,4,4,2,2,6,5,4,3,3,5,3,3,3,1
828,3,2022,1,53,1,1,5,0,1,0,0,0,0,3,2,5,2,5,5,6,1,6,5,1,4,1,2,5,1
829,3,2022,1,60,1,0,0,1,1,0,0,0,0,5,1,1,5,5,1,5,4,5,4,4,4,4,4,4,0
830,3,2022,1,54,1,0,5,0,1,0,0,0,0,4,5,6,6,5,4,6,2,6,3,2,1,2,3,2,1
831,3,2022,1,57,0,0,0,1,1,0,0,0,0,4,1,4,1,1,1,7,7,1,6,4,7,7,5,7,1
832,3,2022,0,66,1,1,0,1,1,0,0,0,0,5,7,4,6,6,3,7,2,6,3,3,3,1,1,1,0
833,3,2022,1,43,1,0,5,0,1,0,0,0,0,3,4,3,4,4,4,3,4,4,4,4,4,4,3,4,1
834,3,2022,1,47,1,1,4,0,1,0,0,0,0,5,5,5,5,6,3,6,3,5,3,3,1,2,3,2,0
835,3,2022,1,76,1,0,3,0,0,0,0,0,1,5,2,6,6,6,1,6,1,3,6,1,4,1,1,4,1
836,3,2022,0,50,0,1,3,0,0,0,0,1,0,3,5,7,5,7,4,7,4,4,1,1,5,3,1,1,1
837,3,2022,0,53,1,1,0,1,1,0,0,0,0,2,3,3,3,3,3,2,2,1,2,2,1,2,1,2,0
838,3,2022,0,63,1,1,5,0,1,0,0,0,0,2,2,2,4,2,2,5,4,5,5,4,4,4,4,4,0
839,3,2022,1,46,1,1,2,0,1,0,0,0,0,4,4,4,4,4,4,4,4,4,4,4,4,4,4,4,1
840,3,2022,1,60,1,1,5,0,1,0,0,0,0,4,5,5,5,5,3,5,1,4,2,2,2,1,2,2,0
841,3,2022,1,74,1,1,2,0,0,0,0,1,0,6,6,6,6,6,2,6,2,6,2,2,4,2,2,2,0
842,3,2022,0,47,1,0,4,0,0,1,0,0,0,5,4,4,6,5,7,5,2,4,1,1,1,1,1,1,0
843,3,2022,1,46,1,0,5,0,1,0,0,0,0,1,1,1,5,1,1,1,4,3,4,4,4,4,4,4,0
844,3,2022,1,65,0,0,2,0,0,0,0,1,0,4,1,7,7,5,1,7,4,2,4,2,4,4,1,1,1
845,3,2022,0,52,0,0,2,0,1,0,0,0,0,5,5,7,6,6,1,7,1,4,3,1,1,1,3,1,0
846,3,2022,0,80,1,1,3,0,1,0,0,0,0,3,6,5,7,5,1,7,2,6,4,2,5,1,1,1,0
847,3,2022,0,46,0,0,1,0,1,0,0,0,0,4,1,5,4,1,1,7,4,3,4,3,5,3,1,1,1
848,3,2022,1,51,1,0,3,0,1,0,0,0,0,1,1,1,1,1,1,1,1,1,1,1,1,1,1,1,1
849,3,2022,0,72,1,1,3,0,0,1,0,0,0,6,6,5,7,6,1,6,1,6,1,1,1,1,1,1,0
850,3,2022,0,73,0,1,1,0,1,0,0,0,0,6,5,7,7,5,1,7,1,7,1,1,1,1,1,1,0
851,3,2022,0,47,0,0,2,0,1,0,0,0,0,3,7,4,4,5,1,7,4,5,4,1,1,1,1,1,0
852,3,2022,0,55,0,0,2,0,1,0,0,0,0,4,4,5,6,5,5,6,1,4,1,1,4,1,1,1,1
853,3,2022,0,48,1,1,0,1,1,0,0,0,0,4,5,4,4,5,3,5,4,4,4,4,4,4,4,4,0
854,3,2022,1,69,0,1,2,0,0,0,0,0,1,4,2,5,6,4,5,6,2,4,4,4,7,3,2,6,1
855,3,2022,1,57,0,1,1,0,0,0,0,1,0,4,4,4,4,4,4,5,4,4,4,4,4,4,4,4,1
856,3,2022,0,56,1,1,4,0,0,0,0,0,1,4,2,4,6,4,1,6,2,5,2,2,4,4,3,2,0
857,3,2022,1,60,1,0,3,0,0,0,0,1,0,3,3,3,5,2,2,5,5,4,5,4,5,4,3,4,1
858,3,2022,0,53,0,0,4,0,1,0,0,0,0,3,6,4,6,5,5,7,5,4,2,1,5,1,1,1,1
859,3,2022,1,79,1,1,2,0,0,0,0,1,0,5,7,5,7,1,1,7,1,7,1,1,4,1,1,1,1
860,3,2022,1,71,1,1,3,0,1,0,0,0,0,4,5,4,6,4,5,7,4,6,4,4,4,3,4,4,0
861,3,2022,0,37,1,1,4,0,0,1,0,0,0,4,4,4,4,4,4,4,4,4,4,4,4,4,4,4,1
862,3,2022,1,73,1,1,3,0,0,0,0,1,0,7,3,2,3,5,1,6,1,4,1,1,1,1,1,1,0
863,3,2022,1,62,0,0,4,0,1,0,0,0,0,7,7,7,7,7,1,7,1,7,1,1,1,1,1,1,1
864,3,2022,0,45,0,0,1,0,1,0,0,0,0,2,2,2,5,4,2,2,2,2,2,2,4,2,2,2,1
865,3,2022,0,42,1,1,5,0,1,0,0,0,0,4,5,5,7,4,4,7,1,6,1,1,1,1,1,1,0
866,3,2022,0,70,0,1,0,1,0,0,0,1,0,1,2,3,2,2,1,7,4,2,3,3,4,2,1,1,1
867,3,2022,1,57,0,0,2,0,1,0,0,0,0,6,4,4,5,7,4,5,4,5,4,4,4,4,4,1,0
868,3,2022,0,57,0,0,1,0,1,0,0,0,0,1,2,2,2,1,1,3,2,2,3,3,2,2,2,2,1
869,3,2022,1,69,1,1,0,1,1,0,0,0,0,6,5,5,4,6,4,6,1,4,1,1,2,1,1,1,0
870,3,2022,1,52,0,0,0,1,0,0,0,0,1,5,6,5,4,2,2,6,5,4,6,5,6,4,5,6,1
871,3,2022,1,57,0,0,5,0,1,0,0,0,0,1,1,3,1,3,1,1,4,4,4,4,4,4,4,4,1
872,3,2022,1,62,1,1,5,0,1,0,0,0,0,7,7,5,7,7,7,7,1,6,2,1,1,1,1,5,0
873,3,2022,1,63,1,0,4,0,1,0,0,0,0,4,4,4,5,5,3,7,2,5,5,3,2,2,3,2,1
874,3,2022,1,64,0,0,5,0,1,0,0,0,0,6,6,5,5,3,1,4,1,5,1,1,1,1,1,1,1
875,3,2022,1,37,0,0,3,0,1,0,0,0,0,5,5,4,6,4,4,7,3,1,5,5,3,2,4,4,1
876,3,2022,1,66,1,1,5,0,1,0,0,0,0,6,6,4,4,4,1,3,4,4,1,1,7,4,1,5,0
877,3,2022,1,48,0,0,1,0,0,0,0,1,0,1,1,1,1,1,1,6,3,1,5,3,5,5,4,5,1
878,3,2022,1,68,1,1,3,0,0,0,0,1,0,5,6,6,7,5,1,7,1,7,1,1,1,1,1,1,0
879,3,2022,0,51,0,0,2,0,1,0,0,0,0,4,1,1,6,5,1,7,3,4,1,1,1,1,1,1,1
880,3,2022,1,75,1,1,2,0,0,0,0,1,0,5,6,6,6,5,2,6,2,5,2,2,2,2,2,2,0
881,3,2022,1,68,1,1,5,0,1,0,0,0,0,4,5,5,5,4,4,6,3,5,3,2,2,2,2,2,0
882,3,2022,1,72,1,1,3,0,0,0,0,1,0,6,5,5,7,5,1,6,2,6,2,1,4,2,1,1,0
883,3,2022,1,40,1,1,2,0,1,0,0,0,0,1,2,1,6,1,1,1,2,2,2,2,2,1,2,2,1
884,3,2022,0,76,0,1,1,0,0,0,0,1,0,5,5,5,6,5,5,6,3,6,3,2,6,6,5,5,0
885,3,2022,0,72,1,1,2,0,0,1,0,0,0,5,6,6,7,6,1,7,2,5,4,3,1,1,1,1,0
886,3,2022,0,70,1,1,2,0,0,1,0,0,0,3,3,5,7,5,1,7,1,4,4,2,4,1,1,1,1
887,3,2022,0,49,0,0,2,0,1,0,0,0,0,4,3,7,4,7,1,5,4,4,4,4,4,4,4,4,1
888,3,2022,1,63,1,1,0,1,1,0,0,0,0,1,6,1,7,1,1,1,5,4,3,4,5,1,5,5,0
889,3,2022,0,65,0,0,2,0,0,0,0,1,0,5,6,6,6,5,6,7,1,6,3,1,1,1,1,1,0
890,3,2022,1,58,0,0,4,0,1,0,0,0,0,1,1,1,1,1,1,1,1,1,1,1,5,1,1,1,1
891,3,2022,1,82,1,1,0,1,0,1,0,0,0,6,6,6,6,6,6,6,1,6,1,1,1,1,1,1,0
892,3,2022,1,61,1,1,3,0,1,0,0,0,0,1,1,1,2,1,1,3,5,3,5,3,7,5,3,6,1
893,3,2022,0,58,1,0,0,1,0,1,0,0,0,1,1,1,7,1,1,6,5,4,5,1,7,5,7,4,1
894,3,2022,1,78,0,0,2,0,0,0,0,1,0,2,1,5,5,4,2,7,1,4,1,1,4,4,1,1,1
895,3,2022,1,61,1,0,0,1,1,0,0,0,0,4,5,3,6,4,1,7,3,4,4,3,3,1,1,1,1
896,3,2022,0,53,1,1,2,0,1,0,0,0,0,1,4,5,3,3,1,7,5,2,5,2,6,4,4,4,1
897,3,2022,1,38,0,0,5,0,1,0,0,0,0,5,5,3,2,5,1,6,3,4,2,1,3,2,1,1,1
898,3,2022,1,59,1,1,0,1,1,0,0,0,0,2,2,2,2,2,2,1,2,2,2,1,2,2,2,1,1
899,3,2022,0,47,0,0,4,0,1,0,0,0,0,6,5,5,5,5,5,5,5,5,6,5,6,5,4,5,1
900,3,2022,1,33,0,0,2,0,1,0,0,0,0,3,2,2,3,2,3,5,5,4,5,6,6,5,6,5,1
901,3,2022,1,74,0,0,1,0,1,0,0,0,0,3,5,4,3,2,2,6,4,4,4,3,3,3,4,4,1
902,3,2022,1,74,1,1,1,0,1,0,0,0,0,4,6,4,6,2,2,7,1,4,4,1,7,1,1,3,0
903,3,2022,1,62,1,0,0,1,1,0,0,0,0,5,4,5,6,4,1,1,3,4,3,2,4,3,1,1,0
904,3,2022,1,63,1,1,2,0,0,0,0,1,0,5,3,5,6,6,1,5,2,4,3,2,2,2,2,2,1
905,3,2022,1,47,1,1,4,0,1,0,0,0,0,5,5,5,6,5,5,7,4,5,5,2,6,4,3,3,1
906,3,2022,1,60,1,1,3,0,1,0,0,0,0,2,2,5,7,6,1,7,2,4,2,1,4,2,1,1,0
907,3,2022,1,64,0,0,5,0,1,0,0,0,0,2,5,5,5,2,1,3,1,5,1,1,4,4,1,2,1
908,3,2022,0,46,1,0,3,0,1,0,0,0,0,4,5,5,6,5,1,6,1,4,1,1,3,1,5,1,1
909,3,2022,0,78,1,0,1,0,0,0,0,1,0,1,7,7,7,5,5,7,1,7,5,4,5,1,4,1,0
910,3,2022,0,62,1,1,0,1,0,1,0,0,0,4,3,7,6,2,2,7,2,4,4,3,3,3,3,3,1
911,3,2022,0,52,0,0,2,0,1,0,0,0,0,1,1,4,7,1,1,7,7,1,7,5,4,5,1,1,1
912,3,2022,0,49,1,1,5,0,1,0,0,0,0,5,3,7,7,7,5,7,1,7,1,1,1,1,1,1,0
913,3,2022,1,76,1,1,5,0,0,0,0,1,0,1,1,6,7,1,1,7,1,4,1,1,5,1,1,1,1
914,3,2022,0,59,1,1,5,0,1,0,0,0,0,3,6,7,5,4,1,5,1,4,1,1,4,1,1,1,0
915,3,2022,0,58,1,0,3,0,1,0,0,0,0,7,7,7,6,7,5,7,5,4,5,1,6,2,1,1,1
916,3,2022,1,61,1,1,4,0,1,0,0,0,0,5,5,3,7,5,1,7,3,4,5,5,7,3,5,5,0
917,3,2022,0,75,1,1,0,1,0,1,0,0,0,5,6,5,7,5,1,7,1,7,1,1,1,1,1,1,0
918,3,2022,0,66,1,1,2,0,0,1,0,0,0,3,3,5,5,5,3,5,3,5,5,4,4,3,3,3,0
919,3,2022,1,65,1,1,5,0,1,0,0,0,0,4,3,4,2,3,3,2,4,2,4,4,6,6,4,4,0
920,3,2022,1,45,1,0,5,0,1,0,0,0,0,4,1,4,3,3,4,6,7,1,6,2,4,6,4,4,1
921,3,2022,1,67,1,1,4,0,0,0,0,1,0,4,5,6,7,1,1,6,1,4,2,2,2,1,1,1,1
922,3,2022,0,50,1,0,0,1,0,1,0,0,0,1,4,3,5,5,1,6,6,7,4,1,5,4,1,1,0
923,3,2022,1,43,0,0,5,0,1,0,0,0,0,5,5,5,4,4,1,4,4,4,4,4,4,4,4,4,0
924,3,2022,1,71,1,1,2,0,0,0,0,1,0,7,7,7,7,7,1,6,1,7,1,1,1,1,1,1,0
925,3,2022,0,41,1,0,5,0,1,0,0,0,0,1,2,6,2,2,2,7,3,4,4,1,4,1,1,1,0
926,3,2022,0,60,1,0,3,0,1,0,0,0,0,2,4,4,5,5,5,6,5,6,1,1,1,1,1,1,0
927,3,2022,1,79,1,1,3,0,0,0,0,1,0,5,6,6,6,6,1,7,1,7,1,1,2,1,1,1,0
928,3,2022,0,57,1,0,3,0,0,1,0,0,0,1,1,1,1,1,1,1,1,1,1,1,1,1,1,1,1
929,3,2022,1,56,0,0,0,1,1,0,0,0,0,1,6,5,4,5,1,5,4,4,4,4,4,4,4,4,0
930,3,2022,1,64,1,1,2,0,1,0,0,0,0,4,4,4,7,4,4,4,1,4,1,1,1,1,1,1,1
931,3,2022,0,73,0,1,1,0,0,0,0,1,0,2,3,6,6,6,2,7,1,4,3,1,4,2,1,1,0
932,3,2022,1,42,1,0,0,1,1,0,0,0,0,4,1,2,3,4,4,4,2,2,2,2,4,3,2,2,1
933,3,2022,0,60,1,1,2,0,1,0,0,0,0,4,2,5,5,4,4,6,4,5,4,4,4,4,4,3,0
934,3,2022,0,48,1,1,5,0,0,1,0,0,0,4,4,1,3,7,1,7,6,3,4,1,3,5,1,1,1
935,3,2022,1,61,1,1,4,0,1,0,0,0,0,4,5,6,7,5,1,6,1,6,1,1,2,1,1,2,1
936,3,2022,1,75,1,1,2,0,0,0,0,1,0,4,6,4,5,4,1,4,4,4,4,4,4,1,4,4,0
937,3,2022,1,55,1,1,5,0,1,0,0,0,0,5,5,4,5,5,1,2,3,2,3,1,4,3,2,4,1
938,3,2022,1,62,1,1,2,0,1,0,0,0,0,5,4,4,4,5,2,4,3,5,3,2,3,4,3,3,0
939,3,2022,0,46,1,1,2,0,1,0,0,0,0,2,2,2,6,2,2,6,2,2,2,2,2,2,2,2,1
940,3,2022,1,58,0,0,2,0,0,0,0,0,1,5,6,6,2,2,5,7,5,3,5,3,5,5,5,5,0
941,3,2022,1,61,1,0,5,0,1,0,0,0,0,6,4,4,4,5,5,5,3,5,4,4,4,4,4,2,1
942,3,2022,1,43,0,0,5,0,1,0,0,0,0,4,7,6,3,4,4,7,2,7,2,1,1,1,1,2,0
943,3,2022,1,74,1,1,2,0,1,0,0,0,0,3,3,7,6,6,1,7,4,6,3,3,7,1,3,5,1
944,3,2022,1,68,1,1,3,0,1,0,0,0,0,1,1,5,6,1,5,5,4,2,6,3,6,5,1,1,1
945,3,2022,1,58,1,0,5,0,0,0,0,0,1,1,1,1,1,1,1,1,1,1,1,1,1,1,1,1,1
946,3,2022,0,52,1,0,4,0,1,0,0,0,0,2,3,5,7,4,3,4,4,3,3,1,4,4,2,2,1
947,3,2022,1,44,0,0,0,1,1,0,0,0,0,4,3,5,4,3,4,5,4,4,5,3,4,4,1,3,1
948,3,2022,1,63,1,1,3,0,1,0,0,0,0,4,3,5,6,5,5,6,1,6,1,1,4,1,1,1,0
949,3,2022,1,68,0,0,1,0,0,0,0,1,0,5,5,2,4,1,1,3,3,4,3,1,4,4,1,1,1
950,3,2022,1,62,1,1,4,0,1,0,0,0,0,4,4,5,5,5,3,5,3,4,4,3,4,3,2,2,1
951,3,2022,1,75,1,1,2,0,0,0,0,1,0,3,3,6,6,6,1,7,2,3,6,2,6,4,2,1,1
952,3,2022,1,69,1,1,2,0,1,0,0,0,0,2,5,2,3,2,2,1,4,5,2,2,5,4,1,1,1
953,3,2022,1,64,1,1,5,0,1,0,0,0,0,4,5,5,6,4,4,6,4,6,4,3,2,2,4,2,0
954,3,2022,1,40,1,0,5,0,1,0,0,0,0,4,4,4,4,4,4,4,4,4,4,4,4,4,4,4,1
955,3,2022,1,71,1,0,0,1,0,0,0,1,0,4,4,4,5,4,4,7,7,5,4,4,7,7,4,4,0
956,3,2022,1,76,1,1,2,0,0,0,0,1,0,6,6,6,6,6,1,6,2,6,2,2,4,2,2,2,0
957,3,2022,1,55,0,0,3,0,1,0,0,0,0,4,3,3,6,2,2,5,5,3,4,3,4,5,2,2,1
958,3,2022,1,69,1,1,0,1,1,0,0,0,0,6,6,7,7,5,1,6,2,6,1,1,4,1,1,1,1
959,3,2022,0,80,0,1,0,1,0,1,0,0,0,4,1,4,6,4,1,7,4,4,4,4,4,4,4,4,1
960,3,2022,1,54,1,1,5,0,1,0,0,0,0,4,4,4,4,4,4,4,3,4,4,4,4,4,4,4,0
961,3,2022,1,65,1,0,2,0,0,0,0,0,1,4,4,4,6,4,4,6,1,6,1,1,4,1,1,1,1
962,3,2022,0,68,1,1,2,0,0,1,0,0,0,2,2,6,6,7,6,7,1,2,5,1,4,1,1,1,0
963,3,2022,1,74,0,1,2,0,1,0,0,0,0,4,5,5,5,5,3,6,3,6,2,3,5,3,2,2,0
964,3,2022,1,57,1,1,3,0,1,0,0,0,0,6,4,5,5,6,6,7,4,5,3,1,6,2,1,4,1
965,3,2022,1,62,1,1,2,0,1,0,0,0,0,3,5,5,4,4,3,6,5,4,5,2,4,1,2,2,0
966,3,2022,1,47,1,1,3,0,1,0,0,0,0,4,4,4,4,4,4,4,4,4,4,4,4,4,4,4,0
967,3,2022,1,62,1,1,5,0,1,0,0,0,0,1,4,5,5,5,1,6,5,4,4,1,1,1,1,1,1
968,3,2022,1,50,1,1,5,0,1,0,0,0,0,4,4,4,4,4,4,4,4,4,4,4,4,4,4,4,1
969,3,2022,1,48,1,1,3,0,1,0,0,0,0,5,4,5,6,6,4,5,1,5,1,1,1,1,1,1,1
970,3,2022,1,74,1,1,3,0,0,0,0,1,0,5,5,4,6,5,5,7,1,3,2,1,4,1,1,1,0
971,3,2022,0,63,1,1,4,0,0,1,0,0,0,4,4,6,6,6,6,7,2,6,2,2,2,2,2,2,0
972,3,2022,0,60,1,1,5,0,1,0,0,0,0,4,4,4,4,5,4,5,4,5,4,4,4,4,4,4,0
973,3,2022,0,36,0,0,5,0,1,0,0,0,0,5,4,4,5,3,4,5,3,5,4,2,6,3,4,3,1
974,3,2022,0,58,1,1,5,0,1,0,0,0,0,2,1,2,3,2,2,2,3,4,3,3,3,3,3,3,1
975,3,2022,1,73,1,1,3,0,1,0,0,0,0,6,6,7,7,6,1,6,1,6,2,1,1,1,1,1,0
976,3,2022,1,74,1,1,3,0,0,0,0,1,0,7,5,5,6,5,5,7,2,5,6,2,5,1,1,2,1
977,3,2022,1,64,1,1,5,0,1,0,0,0,0,2,2,2,3,3,3,3,3,3,3,3,3,3,3,3,1
978,3,2022,1,60,1,1,3,0,1,0,0,0,0,5,5,5,3,5,4,5,5,5,4,4,4,4,4,4,1
979,3,2022,1,67,1,0,0,1,1,0,0,0,0,3,5,4,5,4,2,5,5,5,4,4,4,3,4,4,1
980,3,2022,0,46,1,1,5,0,1,0,0,0,0,2,2,7,7,1,1,7,7,2,4,1,3,3,5,6,1
981,3,2022,0,56,1,1,0,1,0,1,0,0,0,1,1,5,5,5,1,7,5,4,6,5,7,1,3,3,1
982,3,2022,1,55,1,1,0,1,1,0,0,0,0,4,6,5,6,4,4,7,4,4,4,4,4,4,1,2,1
983,3,2022,1,56,1,1,4,0,1,0,0,0,0,6,6,6,7,6,1,7,1,7,1,1,3,1,1,1,0
984,3,2022,1,48,1,1,5,0,1,0,0,0,0,1,1,1,7,1,1,7,4,1,5,4,4,1,4,4,0
985,3,2022,0,59,1,0,5,0,0,1,0,0,0,5,5,5,6,2,1,7,1,6,4,1,1,1,1,1,1
986,3,2022,1,52,0,0,3,0,1,0,0,0,0,4,4,4,6,4,4,4,4,3,4,4,4,4,4,4,1
987,3,2022,1,58,1,1,5,0,1,0,0,0,0,4,4,4,4,4,4,4,4,4,4,4,4,4,4,4,1
988,3,2022,1,68,1,0,1,0,1,0,0,0,0,4,5,6,4,5,5,5,4,4,5,4,5,4,4,4,1
989,3,2022,0,58,1,1,4,0,1,0,0,0,0,1,1,5,7,1,1,7,1,4,1,1,1,1,1,1,1
990,3,2022,1,58,1,1,5,0,1,0,0,0,0,3,5,4,4,4,2,5,3,4,4,2,3,3,2,2,1
991,3,2022,1,59,0,0,5,0,1,0,0,0,0,6,1,1,2,1,1,6,1,4,3,1,3,2,2,5,1
992,3,2022,1,54,1,1,5,0,1,0,0,0,0,4,4,4,4,4,4,4,4,4,4,4,1,4,4,4,0
993,3,2022,0,36,1,0,3,0,1,0,0,0,0,4,5,4,4,4,4,4,4,4,4,4,4,4,4,4,1
994,3,2022,1,72,1,1,2,0,1,0,0,0,0,6,6,6,4,5,6,7,2,6,4,1,5,5,5,5,1
995,3,2022,1,55,0,1,5,0,1,0,0,0,0,5,1,1,5,5,1,5,5,3,4,4,5,4,4,4,1
996,3,2022,1,41,0,0,0,1,1,0,0,0,0,4,4,4,4,4,4,4,4,4,4,4,5,4,4,4,1
997,3,2022,1,62,1,0,5,0,1,0,0,0,0,3,5,5,6,4,4,7,1,5,3,3,2,1,2,2,0
998,3,2022,1,60,1,1,1,0,0,0,0,1,0,5,5,5,4,5,5,5,4,4,4,4,4,4,4,4,1
999,3,2022,0,61,1,0,0,1,0,1,0,0,0,3,4,4,4,3,4,4,4,4,4,4,4,4,4,5,1
1000,3,2022,1,59,1,1,4,0,1,0,0,0,0,4,4,4,4,4,4,3,4,4,4,4,4,4,4,4,0
1001,3,2022,1,65,1,1,5,0,1,0,0,0,0,4,2,4,5,4,4,5,4,5,4,4,4,4,4,4,1
1002,3,2022,1,39,0,0,2,0,1,0,0,0,0,4,2,4,4,2,1,6,4,4,4,2,4,2,1,2,1
1003,3,2022,1,54,1,1,1,0,1,0,0,0,0,5,7,4,7,4,1,1,4,1,3,1,6,1,1,1,1
1004,3,2022,1,69,1,1,5,0,1,0,0,0,0,4,3,4,5,2,4,4,4,4,3,3,4,4,3,3,1
1005,3,2022,1,63,1,1,2,0,1,0,0,0,0,2,1,1,4,5,1,6,4,2,1,1,5,1,1,5,1
1006,3,2022,1,55,0,0,3,0,1,0,0,0,0,2,7,6,7,1,1,1,3,5,3,1,6,1,1,1,1
1007,3,2022,1,57,0,1,1,0,0,0,0,1,0,4,4,4,6,4,1,1,1,6,1,1,7,1,1,1,1
1008,3,2022,1,63,0,1,1,0,1,0,0,0,0,3,5,1,1,6,6,5,5,4,1,1,7,5,1,1,1
1009,3,2022,1,59,0,0,5,0,1,0,0,0,0,1,1,1,5,5,1,5,1,5,1,1,1,1,1,1,0
1010,3,2022,1,59,1,1,5,0,1,0,0,0,0,1,2,5,4,1,1,7,1,5,2,1,2,1,1,1,1
1011,3,2022,1,56,1,1,0,1,1,0,0,0,0,4,4,4,5,4,4,7,4,5,4,4,4,4,4,4,1
1012,3,2022,1,60,0,1,2,0,1,0,0,0,0,6,5,5,6,4,1,4,3,4,4,3,4,3,3,3,1
1013,3,2022,1,47,0,0,2,0,0,0,0,1,0,1,1,1,4,1,1,7,4,1,4,4,4,4,4,4,1
1014,3,2022,1,68,1,1,3,0,1,0,0,0,0,4,4,4,4,5,4,4,4,4,4,4,4,4,4,4,1
1015,3,2022,1,82,1,1,0,1,0,0,0,1,0,6,5,4,7,6,1,7,1,5,2,1,1,1,1,1,1
1016,3,2022,1,75,1,1,3,0,0,0,0,1,0,7,7,7,7,7,7,7,1,6,1,1,2,1,1,1,0
1017,3,2022,0,44,1,1,4,0,1,0,0,0,0,2,2,6,7,3,4,6,1,7,2,1,2,1,1,1,0
1018,3,2022,0,33,0,0,3,0,1,0,0,0,0,4,5,6,4,5,5,5,6,1,7,5,6,5,5,5,1
1019,3,2022,1,68,1,1,2,0,0,0,0,1,0,6,7,6,6,5,4,7,3,5,2,1,2,2,1,1,0
1020,3,2022,0,66,1,1,5,0,0,1,0,0,0,7,7,7,4,6,6,7,1,7,1,2,1,1,1,1,0
1021,3,2022,1,75,1,1,4,0,0,0,0,1,0,5,6,5,6,6,4,6,4,5,3,3,4,3,3,4,0
1022,3,2022,0,58,1,0,5,0,0,1,0,0,0,5,4,6,5,6,3,6,3,5,3,3,3,2,3,3,0
1023,3,2022,1,58,1,1,3,0,1,0,0,0,0,4,5,5,5,4,4,4,4,4,4,4,5,4,4,5,0
1024,3,2022,0,39,0,1,3,0,1,0,0,0,0,2,1,2,5,1,1,6,6,5,1,1,2,3,1,1,1
1025,3,2022,0,47,0,0,0,1,0,0,0,1,0,1,2,1,1,1,1,7,5,1,7,5,7,4,5,7,1
1026,3,2022,1,54,1,1,5,0,1,0,0,0,0,5,7,5,5,4,5,5,2,5,1,1,3,2,1,1,1
1027,3,2022,1,73,1,1,2,0,0,0,0,1,0,4,5,4,4,4,4,4,4,5,4,4,4,4,4,4,1
1028,3,2022,1,56,0,0,5,0,1,0,0,0,0,1,1,1,1,1,1,1,1,1,1,1,1,1,1,1,1
1029,3,2022,1,45,0,0,5,0,1,0,0,0,0,5,6,4,4,4,4,4,5,4,4,4,4,4,4,4,1
1030,3,2022,0,52,1,1,5,0,1,0,0,0,0,2,1,3,5,4,1,5,2,3,2,1,2,2,2,2,1
1031,3,2022,1,66,1,1,3,0,0,0,0,1,0,3,5,4,6,4,3,7,1,6,4,2,4,1,1,2,0
1032,3,2022,0,35,0,0,2,0,1,0,0,0,0,1,2,3,4,1,1,3,7,1,4,4,4,4,4,4,1
1033,3,2022,0,42,1,0,0,1,1,0,0,0,0,3,6,6,4,3,3,7,3,4,2,2,3,3,2,2,1
1034,3,2022,1,74,1,0,2,0,0,0,0,1,0,5,2,2,3,3,3,6,4,4,5,2,5,4,4,4,0
1035,3,2022,1,70,1,1,1,0,1,0,0,0,0,1,1,1,4,1,1,1,4,2,4,1,4,1,4,4,1
1036,3,2022,0,71,1,1,3,0,0,1,0,0,0,6,6,6,7,6,1,7,1,6,1,1,1,1,1,1,0
1037,3,2022,1,75,1,1,0,1,0,0,0,1,0,5,7,4,5,5,5,5,3,5,3,3,5,3,2,2,1
1038,3,2022,1,66,0,1,0,1,0,0,0,1,0,2,2,3,4,2,2,5,2,4,3,2,3,2,3,2,1
1039,3,2022,0,60,1,0,5,0,1,0,0,0,0,4,5,5,5,5,5,6,4,4,5,3,4,4,2,2,0
1040,3,2022,0,54,1,1,1,0,0,1,0,0,0,5,5,5,7,5,1,5,1,5,1,1,1,1,1,1,1
1041,3,2022,1,80,0,1,0,1,0,0,0,1,0,7,6,6,5,6,5,7,4,6,4,3,7,4,2,2,1
1042,3,2022,0,67,0,1,1,0,0,0,0,1,0,5,1,6,5,6,6,4,1,6,1,1,4,1,1,1,0
1043,3,2022,0,54,1,0,3,0,1,0,0,0,0,5,5,5,5,6,7,7,1,7,2,1,1,1,1,1,0
1044,3,2022,1,67,1,1,3,0,1,0,0,0,0,3,5,5,6,3,3,6,1,6,1,1,4,1,1,1,0
1045,3,2022,1,71,1,1,3,0,0,0,0,1,0,6,7,5,7,4,5,6,1,7,1,1,1,1,1,1,0
1046,3,2022,0,60,0,1,2,0,1,0,0,0,0,1,1,1,5,1,1,7,6,2,5,4,7,6,1,4,1
1047,3,2022,0,55,1,0,5,0,1,0,0,0,0,5,5,6,2,6,5,7,2,4,5,1,3,1,1,1,0
1048,3,2022,1,68,1,1,4,0,1,0,0,0,0,4,5,4,4,2,1,7,1,6,2,1,2,1,1,1,1
1049,3,2022,0,41,0,0,0,1,1,0,0,0,0,3,2,6,5,3,3,6,5,2,3,1,3,3,1,1,1
1050,3,2022,1,56,1,0,4,0,1,0,0,0,0,1,5,5,6,5,1,7,1,4,1,1,7,1,1,1,1
1051,3,2022,1,63,0,1,3,0,1,0,0,0,0,5,5,5,5,4,1,6,1,5,3,3,5,1,1,2,1
1052,3,2022,0,35,0,0,4,0,1,0,0,0,0,6,4,4,4,4,5,7,4,4,4,4,4,4,4,3,1
1053,3,2022,0,67,1,1,5,0,0,1,0,0,0,4,6,6,7,5,2,7,2,5,2,2,2,2,2,2,0
1054,3,2022,0,50,0,0,2,0,1,0,0,0,0,5,5,4,6,1,2,6,1,5,2,1,1,1,1,1,1
1055,3,2022,0,60,1,1,5,0,1,0,0,0,0,4,4,4,4,6,4,4,4,4,4,4,4,4,4,4,1
1056,3,2022,1,70,0,1,1,0,0,0,0,1,0,1,3,3,3,1,2,3,3,2,2,3,3,3,3,3,1
1057,3,2022,1,72,0,0,3,0,0,0,0,1,0,1,1,2,6,1,1,7,3,3,3,1,2,4,1,1,1
1058,3,2022,0,73,0,0,0,1,1,0,0,0,0,5,1,7,7,1,7,7,4,7,5,2,5,1,1,1,0
1059,3,2022,1,72,1,1,2,0,0,0,0,1,0,4,5,5,6,4,5,3,2,5,2,2,2,2,2,2,1
1060,3,2022,1,55,0,0,3,0,1,0,0,0,0,4,4,4,5,2,2,6,3,4,2,1,2,2,1,1,0
1061,3,2022,0,56,0,1,2,0,1,0,0,0,0,7,7,7,6,6,2,6,6,5,6,2,7,4,3,6,0
1062,3,2022,1,74,1,1,3,0,0,0,0,1,0,4,5,5,6,4,1,6,2,6,2,1,2,1,1,1,0
1063,3,2022,0,48,1,0,5,0,0,1,0,0,0,4,1,4,4,4,4,4,4,4,4,4,4,4,4,4,1
1064,3,2022,0,36,0,0,1,0,1,0,0,0,0,1,1,1,1,1,1,7,4,1,5,4,7,4,4,5,1
1065,3,2022,1,42,0,0,2,0,0,0,0,1,0,3,4,1,5,1,1,4,4,3,1,1,4,4,1,1,1
1066,3,2022,0,30,1,0,0,1,1,0,0,0,0,5,7,5,3,4,2,7,3,5,2,1,4,2,1,1,1
1067,3,2022,1,54,1,1,3,0,1,0,0,0,0,3,4,4,4,4,4,4,4,5,4,4,4,4,4,4,1
1068,3,2022,1,52,0,0,2,0,0,0,0,1,0,5,6,5,4,1,5,6,7,2,7,4,7,5,4,1,1
1069,3,2022,0,63,1,1,4,0,0,1,0,0,0,4,6,6,7,5,5,7,2,5,5,1,1,1,1,1,0
1070,3,2022,1,56,1,1,5,0,1,0,0,0,0,4,2,4,5,5,5,5,4,3,4,2,3,2,1,1,1
1071,3,2022,1,68,1,1,5,0,0,0,0,1,0,6,6,6,6,6,6,6,6,6,6,5,5,6,6,6,0
1072,3,2022,0,56,0,0,3,0,1,0,0,0,0,4,1,3,2,1,1,7,5,1,5,4,7,4,1,4,1
1073,3,2022,0,53,1,1,3,0,1,0,0,0,0,2,7,7,7,5,1,7,7,7,7,7,1,7,7,4,1
1074,3,2022,0,40,0,0,3,0,1,0,0,0,0,1,1,1,1,1,1,1,1,1,1,1,1,1,1,1,1
1075,3,2022,0,41,1,1,3,0,0,1,0,0,0,6,5,4,4,6,4,3,6,6,5,3,2,4,3,2,0
1076,3,2022,1,35,0,0,2,0,1,0,0,0,0,5,5,5,2,5,1,7,4,4,4,1,3,1,1,4,0
1077,3,2022,1,57,0,0,1,0,0,0,0,1,0,4,4,4,3,1,1,5,4,1,1,1,4,4,4,4,1
1078,3,2022,1,36,1,1,5,0,1,0,0,0,0,3,1,1,4,4,3,4,4,4,4,4,4,4,4,4,0
1079,3,2022,0,54,0,0,1,0,1,0,0,0,0,4,4,4,5,4,4,4,4,7,4,4,4,4,4,4,1
1080,3,2022,1,36,0,0,0,1,1,0,0,0,0,4,6,6,4,3,1,5,4,4,4,5,4,5,4,4,0
1081,3,2022,1,50,1,0,2,0,1,0,0,0,0,5,5,5,4,2,1,7,4,4,5,2,6,4,2,3,1
1082,3,2022,0,36,1,1,3,0,0,1,0,0,0,3,1,5,6,5,1,7,5,5,4,3,3,3,3,3,0
1083,3,2022,0,55,1,1,3,0,1,0,0,0,0,5,2,5,4,6,5,5,1,4,4,1,4,1,1,1,0
1084,3,2022,0,29,0,0,5,0,1,0,0,0,0,7,4,5,2,5,5,7,4,4,5,2,3,3,4,5,1
1085,3,2022,0,73,0,1,5,0,0,1,0,0,0,5,6,6,5,5,1,7,2,3,5,2,3,3,1,1,0
1086,3,2022,1,54,0,0,1,0,1,0,0,0,0,1,2,2,5,1,1,6,5,5,4,4,3,4,4,4,1
1087,3,2022,0,62,0,0,2,0,1,0,0,0,0,1,1,1,1,1,1,1,1,4,1,1,4,1,1,1,1
1088,3,2022,0,64,1,1,3,0,0,1,0,0,0,4,5,5,6,5,6,7,2,5,4,2,4,2,2,2,0
1089,3,2022,0,51,0,0,5,0,1,0,0,0,0,7,7,5,3,2,1,7,2,5,3,3,5,3,3,5,1
1090,3,2022,1,55,1,1,3,0,1,0,0,0,0,1,1,1,4,1,1,7,2,4,2,2,5,7,2,1,1
1091,3,2022,1,61,0,1,4,0,1,0,0,0,0,3,1,4,3,1,1,5,4,3,2,1,1,1,1,1,1
1092,3,2022,0,37,0,0,2,0,1,0,0,0,0,2,4,5,7,4,4,4,5,4,4,3,4,4,4,4,1
1093,3,2022,1,49,0,0,3,0,1,0,0,0,0,1,1,1,5,1,1,1,4,5,4,4,4,4,4,4,1
1094,3,2022,1,42,1,1,4,0,1,0,0,0,0,6,7,5,7,7,7,7,1,7,1,2,1,2,1,1,0
1095,3,2022,0,46,0,1,4,0,1,0,0,0,0,4,3,5,7,4,4,7,1,4,3,2,2,2,4,4,1
1096,3,2022,1,73,1,1,2,0,0,0,0,1,0,1,1,6,7,1,1,7,2,4,5,1,1,1,1,1,1
1097,3,2022,1,32,0,0,0,1,1,0,0,0,0,3,4,5,4,4,3,4,4,3,4,3,4,4,4,4,1
1098,3,2022,0,40,1,1,2,0,0,1,0,0,0,1,1,1,6,1,1,1,4,5,3,4,2,4,4,4,0
1099,3,2022,1,58,1,1,3,0,1,0,0,0,0,3,2,5,3,7,5,7,1,5,4,1,4,1,1,1,1
1100,3,2022,0,47,0,0,0,1,1,0,0,0,0,3,4,5,5,4,4,6,5,2,4,3,5,4,4,4,1
1101,3,2022,1,62,1,0,5,0,0,0,0,0,1,3,2,4,3,5,2,4,3,4,4,2,4,2,2,2,1
1102,3,2022,0,64,1,0,2,0,0,1,0,0,0,5,4,3,6,5,2,6,5,4,3,1,5,2,1,1,1
1103,3,2022,0,47,1,0,0,1,0,1,0,0,0,1,1,4,4,4,1,6,5,2,2,1,4,5,1,4,1
1104,3,2022,1,42,0,0,4,0,1,0,0,0,0,5,5,5,3,5,3,5,5,4,3,4,4,4,4,4,1
1105,3,2022,1,59,1,1,3,0,1,0,0,0,0,4,4,4,4,4,4,4,4,4,4,4,3,4,4,4,1
1106,3,2022,0,65,0,0,0,1,1,0,0,0,0,3,5,5,3,5,5,6,3,4,3,2,4,3,2,2,1
1107,3,2022,1,60,1,1,3,0,1,0,0,0,0,1,1,1,7,5,1,7,4,3,4,4,5,3,4,4,1
1108,3,2022,0,58,1,1,5,0,1,0,0,0,0,4,5,4,4,6,1,5,4,4,4,4,4,4,4,4,1
1109,3,2022,0,41,1,0,4,0,1,0,0,0,0,6,7,6,5,6,2,7,5,3,6,6,3,1,3,5,0
1110,3,2022,1,59,0,0,2,0,1,0,0,0,0,4,4,4,7,4,1,6,1,4,1,1,6,1,1,5,0
1111,3,2022,1,46,0,0,0,1,1,0,0,0,0,7,5,7,1,7,1,7,5,7,6,4,2,1,2,5,1
1112,3,2022,1,63,1,0,3,0,1,0,0,0,0,5,7,6,6,4,3,5,5,5,4,3,5,4,2,1,1
1113,3,2022,0,58,1,1,5,0,1,0,0,0,0,2,1,1,7,1,1,7,1,4,1,1,1,1,1,1,1
1114,3,2022,0,41,0,0,5,0,1,0,0,0,0,5,1,3,7,1,5,7,5,5,1,1,7,1,1,7,1
1115,3,2022,1,50,1,1,5,0,1,0,0,0,0,4,4,4,4,3,5,5,4,6,4,5,4,4,5,5,1
1116,3,2022,1,61,1,1,0,1,1,0,0,0,0,4,7,7,7,1,1,7,1,7,5,2,7,1,2,6,1
1117,3,2022,0,34,1,1,5,0,1,0,0,0,0,6,6,6,6,4,6,6,2,6,5,3,5,2,4,4,0
1118,3,2022,1,76,1,1,0,1,0,0,0,1,0,1,1,1,6,1,1,5,1,4,1,1,1,1,1,1,1
1119,3,2022,0,70,0,1,2,0,0,1,0,0,0,5,7,7,6,5,5,6,1,4,6,1,1,1,4,4,1
1120,3,2022,1,55,0,1,2,0,0,0,0,1,0,4,5,6,6,1,1,1,3,4,3,1,3,2,1,1,1
1121,3,2022,1,57,1,1,5,0,1,0,0,0,0,1,1,1,5,5,1,5,1,1,1,1,1,1,1,1,1
1122,3,2022,1,62,1,1,4,0,1,0,0,0,0,6,7,7,6,6,7,7,1,7,2,1,1,1,1,1,0
1123,3,2022,1,37,0,0,5,0,1,0,0,0,0,4,6,7,6,7,1,5,1,4,1,1,1,1,1,1,1
1124,3,2022,1,45,1,1,4,0,1,0,0,0,0,3,1,4,5,6,2,7,5,2,6,5,4,2,1,1,1
1125,3,2022,1,52,1,0,5,0,1,0,0,0,0,6,5,4,5,6,3,5,4,4,4,4,3,4,4,4,0
1126,3,2022,0,48,1,0,0,1,1,0,0,0,0,4,4,3,4,3,4,3,3,4,4,4,4,4,4,4,1
1127,3,2022,0,80,1,1,0,1,0,1,0,0,0,4,7,7,7,6,2,7,1,7,1,1,4,1,1,1,0
1128,3,2022,1,59,1,1,3,0,1,0,0,0,0,2,5,4,5,6,5,6,4,4,4,2,4,4,4,4,1
1129,3,2022,0,51,0,0,1,0,1,0,0,0,0,4,5,5,6,5,1,6,3,4,3,3,5,3,5,5,1
1130,3,2022,0,40,0,0,5,0,1,0,0,0,0,4,4,5,4,3,4,4,3,4,4,4,4,4,4,4,1
1131,3,2022,1,77,1,1,3,0,0,0,0,1,0,4,4,4,4,4,4,4,4,4,4,4,4,4,4,4,0
1132,3,2022,1,54,1,0,2,0,1,0,0,0,0,1,1,1,1,5,1,4,7,4,6,3,7,4,1,1,0
1133,3,2022,1,40,1,0,5,0,1,0,0,0,0,5,5,6,5,4,5,5,5,4,4,1,6,6,1,3,0
1134,3,2022,0,52,0,1,0,1,1,0,0,0,0,1,1,1,5,1,1,1,1,1,1,1,1,1,1,1,0
1135,3,2022,1,70,1,1,5,0,1,0,0,0,0,5,5,5,5,5,5,5,5,5,5,5,5,5,5,5,1
1136,3,2022,0,87,0,1,1,0,0,0,0,1,0,4,3,3,6,1,1,7,2,5,1,2,4,1,1,2,0
1137,3,2022,1,72,1,1,0,1,0,0,0,1,0,6,7,6,7,5,6,6,2,5,4,2,4,1,2,1,0
1138,3,2022,1,74,1,1,4,0,0,0,0,1,0,5,6,6,6,6,1,7,2,7,2,1,2,1,1,1,0
1139,3,2022,1,59,1,0,0,1,1,0,0,0,0,4,4,4,4,4,5,4,4,4,4,4,4,4,4,4,1
1140,3,2022,1,66,0,0,0,1,1,0,0,0,0,6,2,2,2,5,1,7,1,4,1,1,1,1,1,1,0
1141,3,2022,1,82,1,0,2,0,0,0,0,1,0,7,5,6,6,2,1,7,1,6,5,1,4,1,1,1,1
1142,3,2022,1,61,1,1,5,0,1,0,0,0,0,6,7,5,7,5,4,7,1,7,1,1,1,1,1,1,0
1143,3,2022,1,48,1,0,3,0,1,0,0,0,0,5,5,5,5,3,1,7,2,3,2,1,7,5,1,1,1
1144,3,2022,0,54,1,0,3,0,0,1,0,0,0,3,4,5,5,5,1,6,1,5,1,1,1,1,1,1,1
1145,3,2022,1,80,1,1,3,0,0,0,0,1,0,5,5,5,7,5,1,7,1,4,1,1,1,1,1,1,1
1146,3,2022,1,50,1,1,5,0,1,0,0,0,0,4,4,3,4,4,4,4,3,4,3,3,4,3,3,4,1
1147,3,2022,1,52,1,1,5,0,1,0,0,0,0,5,5,5,6,6,3,6,2,6,4,2,3,2,2,2,0
1148,3,2022,1,58,0,0,2,0,1,0,0,0,0,1,1,1,7,1,1,7,2,1,5,1,1,2,2,1,1
1149,3,2022,0,59,1,0,3,0,0,1,0,0,0,3,5,4,4,3,3,4,5,4,5,3,5,4,4,4,1
1150,3,2022,1,71,1,1,2,0,0,0,0,1,0,5,6,4,6,4,4,6,2,6,4,1,4,2,2,1,1
1151,3,2022,1,50,1,0,4,0,1,0,0,0,0,3,2,4,7,2,2,6,2,4,4,1,1,1,1,1,1
1152,3,2022,0,45,0,0,3,0,1,0,0,0,0,4,3,3,3,3,7,3,3,4,3,3,4,5,3,5,0
1153,3,2022,0,70,1,1,0,1,0,1,0,0,0,5,5,4,7,6,1,6,1,6,4,1,1,1,1,1,0
1154,3,2022,0,54,1,0,5,0,1,0,0,0,0,5,5,5,5,5,4,5,3,5,5,3,3,3,4,4,0
1155,3,2022,1,41,1,0,5,0,1,0,0,0,0,4,4,4,4,4,1,4,4,4,4,4,4,4,4,4,1
1156,3,2022,1,39,0,0,0,1,1,0,0,0,0,4,1,1,4,1,1,7,4,4,4,4,4,4,4,4,1
1157,3,2022,0,73,1,1,3,0,0,1,0,0,0,4,7,7,7,4,4,7,3,6,5,3,1,1,1,1,0
1158,3,2022,1,47,1,0,4,0,1,0,0,0,0,4,5,4,1,5,2,5,4,4,4,2,4,4,2,2,1
1159,3,2022,1,46,0,0,2,0,1,0,0,0,0,5,4,5,4,5,2,4,4,4,4,4,4,4,4,4,1
1160,3,2022,0,33,0,0,3,0,1,0,0,0,0,6,5,5,4,3,3,6,4,4,4,4,4,4,4,4,1
1161,3,2022,0,57,0,0,3,0,1,0,0,0,0,1,1,2,6,1,5,7,1,4,5,1,1,1,1,1,1
1162,3,2022,1,34,0,0,2,0,1,0,0,0,0,1,1,1,1,1,1,1,1,1,1,1,1,1,1,1,1
1163,3,2022,1,49,0,0,3,0,1,0,0,0,0,6,3,5,7,2,2,7,1,7,5,1,2,1,1,1,1
1164,3,2022,1,54,0,1,4,0,1,0,0,0,0,6,6,4,4,4,1,7,6,4,5,4,7,4,5,6,1
1165,3,2022,1,58,1,1,5,0,1,0,0,0,0,5,5,5,4,3,4,6,5,5,4,1,4,4,1,6,1
1166,3,2022,1,52,0,0,3,0,1,0,0,0,0,2,2,2,3,1,1,6,5,4,5,4,1,1,1,2,1
1167,3,2022,1,49,1,1,5,0,1,0,0,0,0,5,1,5,3,4,1,6,1,4,4,2,1,1,1,2,1
1168,3,2022,1,60,1,1,5,0,1,0,0,0,0,5,5,5,6,2,2,7,2,5,2,3,4,2,2,2,1
1169,3,2022,1,86,0,1,2,0,0,0,0,1,0,3,5,5,7,2,1,5,1,5,3,1,4,3,1,1,0
1170,3,2022,1,61,0,0,3,0,1,0,0,0,0,3,1,5,5,1,1,1,4,4,4,4,4,4,4,4,1
1171,3,2022,0,42,1,1,5,0,1,0,0,0,0,5,7,5,6,5,1,6,3,5,5,6,1,5,5,6,0
1172,3,2022,1,70,1,1,4,0,0,0,0,1,0,5,6,5,6,4,4,6,3,5,4,2,1,2,2,1,0
1173,3,2022,1,52,0,0,1,0,1,0,0,0,0,5,2,1,5,2,1,6,5,3,2,2,6,2,2,2,1
1174,3,2022,1,70,1,1,1,0,0,0,0,0,1,4,3,5,4,4,5,5,4,4,4,1,4,4,3,1,1
1175,3,2022,1,57,1,0,3,0,1,0,0,0,0,2,2,3,4,2,1,5,5,3,4,2,4,2,4,4,1
1176,3,2022,1,55,1,1,3,0,1,0,0,0,0,5,5,5,4,3,4,4,4,4,3,4,4,4,4,4,1
1177,3,2022,1,49,0,0,0,1,1,0,0,0,0,2,2,2,5,2,1,7,4,4,4,4,4,4,4,4,1
1178,3,2022,1,52,0,0,1,0,1,0,0,0,0,3,1,4,5,5,1,7,1,4,5,1,4,1,1,1,1
1179,3,2022,1,60,0,1,3,0,1,0,0,0,0,2,5,3,6,6,1,5,1,4,1,1,5,1,1,2,0
1180,3,2022,0,34,1,0,1,0,0,1,0,0,0,7,7,7,7,7,1,1,7,7,7,7,7,7,7,7,1
1181,3,2022,1,56,0,0,3,0,1,0,0,0,0,7,1,7,7,7,1,7,1,7,1,1,5,1,1,5,0
1182,3,2022,1,74,1,1,3,0,1,0,0,0,0,4,6,5,5,5,6,7,1,6,2,2,2,1,2,3,1
1183,3,2022,1,50,0,0,4,0,1,0,0,0,0,1,1,2,1,1,1,1,1,1,1,1,1,1,1,1,1
1184,3,2022,0,69,0,1,2,0,1,0,0,0,0,6,6,3,4,1,1,7,1,4,1,1,4,1,1,1,1
1185,3,2022,1,67,0,0,0,1,0,0,0,1,0,5,2,5,7,2,1,7,1,7,1,1,1,1,1,1,1
1186,3,2022,1,63,1,1,2,0,1,0,0,0,0,5,2,1,5,5,5,7,2,7,4,4,5,3,2,4,0
1187,3,2022,1,71,1,1,2,0,1,0,0,0,0,4,4,3,4,3,2,5,4,4,4,3,4,4,4,4,1
1188,3,2022,1,71,1,1,0,1,0,0,0,1,0,1,5,3,5,1,1,7,4,4,1,1,1,1,1,1,1
1189,3,2022,0,50,0,0,0,1,1,0,0,0,0,4,1,6,7,7,5,7,7,4,5,5,4,4,4,2,1
1190,3,2022,0,28,0,0,2,0,1,0,0,0,0,2,1,3,5,2,2,5,3,3,2,2,3,3,2,2,1
1191,3,2022,1,56,1,1,5,0,1,0,0,0,0,4,4,4,4,4,4,4,4,4,4,4,4,4,4,4,0
1192,3,2022,0,44,1,1,4,0,0,1,0,0,0,5,5,5,4,1,1,5,4,3,3,4,4,4,5,4,1
1193,3,2022,0,58,1,0,0,1,0,1,0,0,0,5,2,5,5,5,5,7,1,5,2,1,7,1,4,1,1
1194,3,2022,0,57,0,1,1,0,0,0,0,0,1,2,2,2,2,2,2,2,2,2,2,2,2,2,2,2,1
1195,3,2022,1,47,1,1,5,0,1,0,0,0,0,2,5,4,2,3,2,5,1,5,1,1,1,1,1,2,1
1196,3,2022,1,67,1,0,0,1,0,0,0,1,0,3,4,5,5,4,4,5,4,4,2,2,6,3,5,5,1
1197,3,2022,1,50,0,0,2,0,1,0,0,0,0,3,6,5,5,2,1,5,3,3,2,1,2,2,2,1,1
1198,3,2022,1,69,1,1,2,0,1,0,0,0,0,4,6,4,7,5,5,7,1,7,1,1,4,1,1,1,0
1199,3,2022,0,52,1,0,0,1,0,1,0,0,0,4,7,5,7,7,1,7,1,5,1,1,1,1,1,1,1
1200,3,2022,0,53,1,0,5,0,0,1,0,0,0,2,4,5,2,1,1,7,7,2,7,7,7,7,7,7,1
1201,3,2022,1,38,0,0,3,0,1,0,0,0,0,3,6,6,6,5,3,7,4,4,4,2,1,4,3,3,0
1202,3,2022,0,76,0,1,0,1,0,0,0,1,0,1,3,6,6,2,2,7,4,4,3,3,4,1,1,1,1
1203,3,2022,1,69,0,0,1,0,0,0,0,1,0,2,1,2,7,1,2,7,2,7,2,1,2,2,2,2,1
1204,3,2022,0,79,0,1,1,0,0,1,0,0,0,3,5,6,7,4,5,7,1,5,1,1,5,1,1,1,0
1205,3,2022,0,55,1,1,0,1,1,0,0,0,0,5,1,5,2,4,3,5,5,5,5,4,5,5,4,3,0
1206,3,2022,1,57,1,1,5,0,1,0,0,0,0,2,2,2,5,1,1,6,4,3,4,3,3,4,3,3,1
1207,3,2022,1,55,1,0,4,0,1,0,0,0,0,5,4,5,2,5,1,7,4,3,5,5,7,2,2,1,1
1208,3,2022,1,71,1,1,3,0,0,0,0,1,0,5,5,4,5,3,3,4,4,4,4,4,4,4,4,4,1
1209,3,2022,1,52,0,0,1,0,1,0,0,0,0,1,1,1,1,1,1,1,1,1,1,1,1,1,1,1,1
1210,3,2022,0,64,1,0,1,0,0,1,0,0,0,4,2,5,6,3,1,5,4,5,4,3,1,3,3,2,1
1211,3,2022,0,35,0,0,2,0,1,0,0,0,0,1,2,3,3,1,1,7,5,2,5,2,5,4,1,2,1
1212,3,2022,0,45,0,0,2,0,1,0,0,0,0,1,5,6,5,5,1,7,1,5,1,1,1,1,1,1,1
1213,3,2022,1,53,0,0,2,0,1,0,0,0,0,3,3,3,6,3,3,5,4,3,4,4,4,4,4,3,1
1214,3,2022,1,48,0,0,1,0,1,0,0,0,0,2,5,4,5,1,1,7,1,1,4,1,4,1,4,1,1
1215,3,2022,0,54,0,1,2,0,1,0,0,0,0,6,6,5,5,6,1,7,3,6,2,2,4,2,2,1,0
1216,3,2022,1,63,1,0,2,0,1,0,0,0,0,6,6,6,5,2,5,6,3,5,3,2,4,5,2,2,1
1217,3,2022,1,65,1,1,5,0,1,0,0,0,0,5,5,5,6,5,5,5,1,6,1,1,3,1,1,1,0
1218,3,2022,1,48,1,1,4,0,1,0,0,0,0,2,3,5,6,3,2,5,3,3,3,2,4,4,3,5,1
1219,3,2022,0,44,0,0,2,0,1,0,0,0,0,5,1,5,5,1,1,5,3,5,3,1,4,3,1,1,1
1220,3,2022,1,68,1,1,1,0,1,0,0,0,0,4,4,4,4,4,4,4,4,4,4,4,4,4,3,4,1
1221,3,2022,1,52,0,0,5,0,1,0,0,0,0,3,1,5,4,1,1,4,1,3,1,1,3,3,1,1,1
1222,3,2022,1,46,0,0,0,1,0,0,0,1,0,4,7,4,5,5,1,7,4,1,6,4,4,1,1,4,1
1223,3,2022,1,50,0,0,3,0,1,0,0,0,0,3,4,3,4,4,3,3,5,2,5,5,3,3,4,3,0
1224,3,2022,1,81,1,1,1,0,0,0,0,1,0,5,5,5,6,5,5,5,3,4,3,2,3,3,1,1,0
1225,3,2022,1,56,1,0,5,0,1,0,0,0,0,6,6,5,5,5,2,5,2,5,3,2,2,2,2,2,1
1226,3,2022,0,73,0,1,4,0,0,0,0,1,0,2,6,5,5,5,2,6,4,6,4,2,4,4,1,1,1
1227,3,2022,0,57,1,0,5,0,1,0,0,0,0,3,3,5,7,1,1,1,1,1,1,1,4,1,1,1,1
1228,3,2022,0,47,0,0,0,1,1,0,0,0,0,1,1,4,5,5,4,7,3,3,1,1,4,2,1,1,0
1229,3,2022,1,57,1,1,4,0,0,0,0,1,0,6,6,6,7,6,1,7,1,6,1,1,2,2,1,1,0
1230,3,2022,0,61,1,1,4,0,0,1,0,0,0,5,6,6,7,7,7,7,1,7,4,1,2,1,1,1,0
1231,3,2022,1,55,1,0,5,0,1,0,0,0,0,1,1,1,7,1,1,7,4,4,5,1,5,5,3,2,1
1232,3,2022,1,56,1,0,3,0,1,0,0,0,0,5,6,5,5,5,4,7,1,5,1,1,1,1,1,1,1
1233,3,2022,1,64,1,1,3,0,1,0,0,0,0,7,6,6,7,5,1,7,1,7,1,1,1,1,1,1,1
1234,3,2022,0,69,1,1,2,0,1,0,0,0,0,5,3,5,1,1,1,7,5,4,4,4,7,2,1,2,0
1235,3,2022,1,52,1,1,3,0,1,0,0,0,0,4,4,3,4,4,4,4,4,4,4,4,4,4,4,4,1
1236,3,2022,1,48,0,0,4,0,1,0,0,0,0,4,7,6,4,4,4,4,7,4,4,4,6,4,4,4,0
1237,3,2022,0,57,1,0,1,0,0,1,0,0,0,7,1,2,3,1,1,7,5,4,4,2,7,1,3,7,1
1238,3,2022,1,60,0,0,1,0,1,0,0,0,0,1,1,6,7,1,1,7,5,6,5,1,7,4,6,7,1
1239,3,2022,0,45,0,0,0,1,0,0,0,1,0,4,1,4,7,5,4,7,2,4,4,1,4,4,2,4,1
1240,3,2022,1,50,1,1,4,0,1,0,0,0,0,3,1,2,7,3,1,7,1,4,1,1,4,1,1,1,1
1241,3,2022,0,60,1,0,4,0,1,0,0,0,0,2,5,5,6,5,1,7,2,3,3,1,2,4,1,1,1
1242,3,2022,0,59,0,0,1,0,0,0,0,1,0,1,3,4,7,1,1,1,1,1,1,1,5,1,1,1,1
1243,3,2022,0,62,0,0,2,0,0,0,0,0,1,5,5,6,5,4,5,7,5,5,2,2,2,4,5,5,1
1244,3,2022,1,49,0,0,2,0,1,0,0,0,0,6,6,6,7,4,1,5,1,5,1,1,3,1,1,1,1
1245,3,2022,1,62,1,1,2,0,1,0,0,0,0,5,4,5,5,5,5,5,1,4,1,1,4,1,1,1,0
1246,3,2022,0,46,0,0,5,0,1,0,0,0,0,5,5,5,6,4,4,7,4,6,5,3,5,3,3,3,0
1247,3,2022,0,49,1,1,5,0,1,0,0,0,0,5,3,5,7,6,5,6,1,5,1,1,1,1,1,1,0
1248,3,2022,0,76,0,1,1,0,0,1,0,0,0,6,3,7,7,5,5,7,1,5,5,2,2,2,3,2,1
1249,3,2022,1,74,1,1,3,0,0,0,0,1,0,4,4,4,2,4,4,2,4,2,4,4,5,4,4,4,0
1250,3,2022,1,73,1,0,3,0,0,0,0,1,0,5,5,4,7,5,5,7,1,5,1,1,3,1,1,1,1
1251,3,2022,0,57,0,0,2,0,1,0,0,0,0,5,3,5,4,7,1,6,3,5,2,1,4,1,1,1,1
1252,3,2022,0,56,0,1,3,0,1,0,0,0,0,6,5,6,6,6,1,7,4,4,4,4,1,2,4,4,0
1253,3,2022,1,42,0,0,0,1,1,0,0,0,0,6,5,4,5,6,1,5,2,5,2,2,2,2,2,2,0
1254,3,2022,0,58,1,1,5,0,0,1,0,0,0,5,1,5,5,7,1,7,6,5,4,1,3,4,1,1,0
1255,3,2022,1,56,0,0,2,0,1,0,0,0,0,4,5,4,6,4,5,7,4,4,4,3,6,4,4,5,1
1256,3,2022,1,63,0,0,2,0,1,0,0,0,0,4,4,4,4,4,4,6,4,4,4,4,6,4,4,5,1
1257,3,2022,1,64,0,0,1,0,0,0,0,1,0,1,4,4,7,1,1,7,1,7,1,1,4,1,1,1,1
1258,3,2022,0,47,0,0,2,0,1,0,0,0,0,1,1,4,7,1,1,7,4,1,4,3,3,4,4,3,1
1259,3,2022,0,31,1,1,4,0,0,1,0,0,0,4,3,2,3,3,3,2,3,3,4,2,3,2,3,4,0
1260,3,2022,0,52,1,0,2,0,1,0,0,0,0,2,4,4,4,4,3,5,5,3,5,4,5,4,5,5,1
1261,3,2022,1,55,0,0,0,1,1,0,0,0,0,4,7,7,7,4,1,7,4,5,4,4,4,4,4,4,1
1262,3,2022,1,78,1,1,3,0,1,0,0,0,0,7,7,7,7,5,1,7,1,7,5,1,5,1,1,1,1
1263,3,2022,1,61,0,0,3,0,1,0,0,0,0,3,1,4,3,1,1,7,5,4,3,4,1,4,2,1,1
1264,3,2022,1,51,1,0,5,0,1,0,0,0,0,5,5,3,2,6,1,7,2,6,5,3,5,1,1,1,1
1265,3,2022,0,61,1,0,0,1,1,0,0,0,0,1,2,2,1,1,1,1,1,1,1,1,1,1,1,1,1
1266,3,2022,0,54,1,1,4,0,0,1,0,0,0,1,2,1,4,2,2,7,6,2,4,2,4,6,1,1,1
1267,3,2022,1,69,1,1,5,0,1,0,0,0,0,5,6,5,3,4,2,6,4,5,3,2,4,5,2,2,0
1268,3,2022,1,67,1,1,4,0,1,0,0,0,0,5,1,1,7,1,1,6,1,5,1,1,4,1,1,1,1
1269,3,2022,0,57,0,0,1,0,0,0,0,0,1,1,5,5,4,2,6,6,4,4,4,4,4,4,4,4,1
1270,3,2022,0,52,0,0,2,0,1,0,0,0,0,4,3,2,3,4,6,1,4,4,4,5,3,4,4,4,1
1271,3,2022,0,35,1,0,2,0,0,1,0,0,0,5,1,1,5,1,4,1,5,4,1,1,1,1,1,1,1
1272,3,2022,1,47,1,1,5,0,1,0,0,0,0,5,1,5,3,5,5,4,1,4,1,1,1,1,1,1,1
1273,3,2022,0,57,1,1,3,0,1,0,0,0,0,3,5,5,7,5,1,6,2,6,4,3,2,1,1,1,0
1274,3,2022,1,75,1,1,5,0,0,0,0,1,0,4,6,6,6,2,3,5,1,5,1,1,5,1,1,1,0
1275,3,2022,1,56,1,0,5,0,1,0,0,0,0,2,5,4,5,1,1,6,1,4,1,2,3,1,1,1,1
1276,3,2022,1,49,0,0,2,0,1,0,0,0,0,5,2,5,3,4,4,5,4,4,5,4,4,4,4,4,0
1277,3,2022,0,53,0,0,2,0,1,0,0,0,0,5,4,4,5,3,1,4,3,5,5,3,3,4,4,4,1
1278,3,2022,0,41,1,1,5,0,1,0,0,0,0,4,5,5,4,4,4,4,4,4,4,4,4,4,4,2,1
1279,3,2022,0,74,1,1,5,0,0,1,0,0,0,6,4,7,5,1,7,7,1,7,3,1,4,1,1,1,0
1280,3,2022,1,41,0,0,3,0,1,0,0,0,0,5,5,5,5,5,5,6,2,5,4,2,2,2,2,2,0
1281,3,2022,1,71,1,1,2,0,1,0,0,0,0,7,5,6,7,5,5,7,2,6,2,1,3,2,1,2,0
1282,3,2022,1,57,1,0,0,1,1,0,0,0,0,6,5,5,6,5,5,5,1,6,1,1,4,1,1,1,0
1283,3,2022,1,57,1,0,1,0,1,0,0,0,0,3,5,5,7,5,5,7,4,6,3,1,2,2,1,2,0
1284,3,2022,1,51,1,0,5,0,1,0,0,0,0,3,5,5,4,3,2,5,5,3,5,4,5,7,4,5,1
1285,3,2022,0,32,1,1,5,0,1,0,0,0,0,5,4,4,4,4,5,4,4,4,4,4,4,4,4,4,1
1286,3,2022,1,76,1,1,0,1,0,0,0,1,0,4,5,4,7,3,5,7,5,7,6,1,1,1,1,1,1
1287,3,2022,0,62,0,0,5,0,1,0,0,0,0,2,5,7,7,7,1,7,4,2,2,1,3,1,1,1,1
1288,3,2022,1,36,0,0,3,0,1,0,0,0,0,6,5,6,6,6,2,7,4,4,3,2,4,1,1,2,0
1289,3,2022,1,64,1,1,3,0,1,0,0,0,0,5,2,6,6,6,3,7,2,6,3,2,3,2,2,2,1
1290,3,2022,0,37,1,1,5,0,0,1,0,0,0,5,4,5,4,4,3,3,4,4,3,5,4,3,4,4,0
1291,3,2022,0,28,0,0,0,1,1,0,0,0,0,2,3,2,3,2,1,1,3,2,3,5,5,4,3,4,1
1292,3,2022,1,47,1,1,5,0,1,0,0,0,0,7,7,7,7,1,1,7,1,7,1,1,1,1,1,1,1
1293,3,2022,1,42,1,1,5,0,1,0,0,0,0,5,7,7,6,5,6,6,2,5,2,2,2,2,2,2,0
1294,3,2022,0,35,1,1,2,0,0,1,0,0,0,4,2,4,4,7,6,6,5,4,1,1,4,1,1,1,0
1295,3,2022,0,26,0,0,0,1,1,0,0,0,0,2,2,2,2,2,2,2,2,2,2,2,2,2,2,3,0
1296,3,2022,1,58,1,1,2,0,1,0,0,0,0,5,5,7,5,5,4,5,2,5,4,4,5,3,3,3,1
1297,3,2022,0,68,1,1,4,0,0,1,0,0,0,5,5,5,5,5,5,5,1,5,1,1,1,1,1,1,1
1298,3,2022,1,65,1,1,3,0,0,0,0,1,0,7,7,6,6,6,1,7,1,7,1,1,1,1,1,1,0
1299,3,2022,0,48,1,1,3,0,0,1,0,0,0,5,4,4,5,5,4,6,3,5,3,3,4,2,3,3,0
1300,3,2022,0,34,1,1,3,0,1,0,0,0,0,4,5,5,6,5,4,5,2,5,1,2,5,2,1,1,0
1301,3,2022,0,37,1,1,4,0,1,0,0,0,0,5,7,4,3,2,2,4,4,3,4,4,4,3,4,3,0
1302,3,2022,1,31,1,0,5,0,1,0,0,0,0,4,5,4,4,2,3,5,4,4,3,2,4,3,4,2,1
1303,3,2022,0,57,1,1,0,1,1,0,0,0,0,5,5,5,6,6,4,7,3,5,5,1,4,3,2,4,0
1304,3,2022,1,40,0,0,4,0,1,0,0,0,0,4,4,4,4,4,4,4,4,4,4,4,4,4,4,4,1
1305,3,2022,1,35,1,1,2,0,1,0,0,0,0,4,7,5,4,5,5,6,4,5,4,4,3,3,4,4,1
1306,3,2022,0,55,0,0,3,0,1,0,0,0,0,5,5,6,6,3,2,7,2,5,4,4,6,2,4,4,0
1307,3,2022,0,30,1,1,5,0,0,1,0,0,0,4,5,5,5,5,1,5,2,5,2,3,2,3,3,3,1
1308,3,2022,1,51,1,1,0,1,1,0,0,0,0,6,6,6,6,6,7,6,2,6,2,2,2,3,3,3,0
1309,3,2022,0,59,1,0,3,0,1,0,0,0,0,4,5,7,7,5,4,7,1,7,3,3,4,4,3,3,0
1310,3,2022,0,49,0,0,5,0,1,0,0,0,0,5,5,5,5,5,5,5,2,5,2,1,1,1,2,1,0
1311,3,2022,1,62,1,1,0,1,1,0,0,0,0,4,4,4,4,4,3,4,4,4,4,4,4,4,4,4,1
1312,3,2022,1,39,1,1,0,1,1,0,0,0,0,4,4,4,4,4,4,4,4,4,4,4,4,4,4,4,0
1313,3,2022,1,47,0,0,2,0,1,0,0,0,0,1,1,1,1,2,2,2,6,2,7,6,6,6,6,5,1
1314,3,2022,1,40,0,0,3,0,1,0,0,0,0,5,3,4,3,6,1,6,5,3,3,2,6,4,1,3,1
1315,3,2022,1,44,1,0,2,0,0,0,0,1,0,1,1,2,1,1,1,1,1,2,1,1,1,1,1,1,1
1316,3,2022,0,46,1,1,5,0,1,0,0,0,0,5,6,6,6,6,4,7,4,6,4,1,1,1,1,4,0
1317,3,2022,1,55,1,1,4,0,1,0,0,0,0,1,1,1,2,1,1,7,5,1,6,1,7,1,1,5,1
1318,3,2022,0,41,0,0,0,1,1,0,0,0,0,1,1,1,7,1,1,1,1,2,1,1,4,1,1,1,1
1319,3,2022,0,59,0,1,2,0,1,0,0,0,0,4,4,5,7,4,1,7,1,4,2,1,3,1,1,1,1
1320,3,2022,1,68,0,0,0,1,1,0,0,0,0,1,5,5,4,1,1,1,4,4,3,4,4,4,4,4,1
1321,3,2022,1,34,0,0,5,0,1,0,0,0,0,3,5,5,5,4,4,5,5,6,5,5,3,5,5,5,0
1322,3,2022,1,68,0,0,1,0,0,0,0,1,0,1,2,4,6,1,1,6,1,5,4,2,4,1,1,1,1
1323,3,2022,1,67,1,1,5,0,1,0,0,0,0,4,2,6,7,7,2,7,2,5,4,1,4,2,1,1,1
1324,3,2022,1,57,1,1,3,0,1,0,0,0,0,5,1,5,6,5,1,6,1,6,2,2,4,3,2,5,0
1325,3,2022,1,59,1,1,5,0,1,0,0,0,0,4,4,4,4,4,4,4,4,3,1,1,4,4,1,3,1
1326,3,2022,1,62,1,1,0,1,1,0,0,0,0,1,2,1,6,4,1,7,3,5,4,1,4,4,1,1,1
1327,3,2022,0,50,1,1,5,0,1,0,0,0,0,7,6,6,7,7,6,7,1,7,1,1,1,1,1,1,0
1328,3,2022,1,33,0,0,4,0,1,0,0,0,0,1,1,1,1,1,1,1,1,1,1,1,1,1,1,2,1
1329,3,2022,1,54,1,1,4,0,0,0,0,0,1,4,5,5,5,4,4,4,4,5,4,4,4,5,4,4,1
1330,3,2022,1,76,1,0,3,0,0,0,0,1,0,4,5,5,6,5,4,6,3,5,2,2,4,3,2,2,1
1331,3,2022,0,36,0,0,2,0,1,0,0,0,0,4,5,5,4,5,7,7,4,4,4,4,4,4,4,4,0
1332,3,2022,0,43,0,0,3,0,1,0,0,0,0,6,5,5,7,1,1,6,7,7,3,1,1,1,1,1,1
1333,3,2022,0,65,1,1,2,0,0,1,0,0,0,1,2,2,3,2,1,6,4,4,5,3,4,3,3,3,1
1334,3,2022,1,59,0,0,2,0,1,0,0,0,0,4,4,4,4,4,4,4,4,4,4,4,3,4,4,2,1
1335,3,2022,0,46,0,0,1,0,0,0,0,1,0,7,1,4,3,7,1,1,1,5,1,1,1,1,1,1,1
1336,3,2022,0,36,1,1,5,0,1,0,0,0,0,5,5,5,4,5,5,5,5,5,4,4,5,5,4,2,0
1337,3,2022,1,44,0,0,2,0,1,0,0,0,0,4,4,4,7,3,1,6,1,4,2,1,4,4,2,2,1
1338,3,2022,0,32,0,0,0,1,0,0,0,1,0,4,5,5,1,1,1,7,4,4,4,4,1,4,2,3,1
1339,3,2022,1,50,0,0,5,0,1,0,0,0,0,4,6,6,6,4,4,7,4,5,6,3,6,2,5,6,1
1340,3,2022,0,52,1,1,5,0,0,1,0,0,0,1,3,5,6,4,1,7,3,3,5,2,4,4,3,2,1
1341,3,2022,0,54,0,1,5,0,1,0,0,0,0,2,1,5,5,5,5,5,4,4,4,4,4,4,4,4,1
1342,3,2022,1,66,1,1,3,0,1,0,0,0,0,4,7,5,7,5,5,7,1,6,1,1,1,1,1,1,1
1343,3,2022,0,24,0,0,5,0,1,0,0,0,0,5,5,5,3,5,5,6,4,5,4,4,5,4,4,4,0
1344,3,2022,0,41,1,0,4,0,1,0,0,0,0,2,1,2,5,4,1,7,5,1,5,2,4,4,2,2,1
1345,3,2022,1,59,1,1,3,0,1,0,0,0,0,5,5,5,4,5,1,6,4,4,4,3,4,4,4,3,0
1346,3,2022,0,48,1,0,5,0,1,0,0,0,0,4,4,4,5,4,4,4,4,5,4,4,4,4,4,4,0
1347,3,2022,1,56,1,1,5,0,1,0,0,0,0,1,2,6,7,7,7,3,2,7,2,2,2,2,1,1,0
1348,3,2022,0,47,1,0,3,0,0,1,0,0,0,4,3,5,2,5,2,7,3,5,5,1,5,2,2,4,1
1349,3,2022,1,33,1,1,5,0,1,0,0,0,0,6,7,6,5,6,6,6,1,7,2,2,1,1,2,2,0
1350,3,2022,1,39,0,0,3,0,1,0,0,0,0,7,1,1,7,7,1,4,1,7,1,1,1,1,1,1,1
1351,3,2022,0,60,0,1,2,0,1,0,0,0,0,3,3,3,3,3,3,4,3,3,3,3,3,3,3,3,0
1352,3,2022,0,42,0,0,0,1,1,0,0,0,0,3,5,5,5,5,5,6,5,3,3,1,4,3,1,3,0
1353,3,2022,0,73,0,0,0,1,0,0,0,1,0,4,5,5,6,1,1,7,2,6,2,2,4,2,2,2,1
1354,3,2022,1,75,1,1,2,0,0,0,0,0,1,6,6,6,7,7,1,4,4,6,1,1,1,1,1,1,0
1355,3,2022,1,67,0,0,1,0,1,0,0,0,0,5,1,2,2,1,1,5,1,5,1,1,5,1,1,4,1
1356,3,2022,0,71,1,1,2,0,0,1,0,0,0,4,4,4,4,4,4,4,4,5,4,4,4,4,4,4,0
1357,3,2022,1,52,0,0,1,0,0,0,0,1,0,1,1,3,6,1,1,4,4,4,4,1,5,4,4,5,1
1358,3,2022,1,63,0,0,1,0,1,0,0,0,0,1,1,2,6,1,1,4,1,3,2,1,3,1,1,1,1
1359,3,2022,1,56,1,0,0,1,1,0,0,0,0,3,3,4,3,2,2,7,2,4,5,2,1,1,1,1,1
1360,3,2022,0,65,1,1,2,0,1,0,0,0,0,1,5,6,6,4,2,7,4,5,4,4,4,4,4,4,0
1361,3,2022,0,54,0,1,0,1,1,0,0,0,0,6,6,6,5,4,5,5,4,5,2,1,7,1,1,7,1
1362,3,2022,1,74,1,1,0,1,1,0,0,0,0,1,1,1,1,1,1,1,1,1,1,1,1,1,1,1,0
1363,3,2022,1,42,1,1,0,1,0,0,0,1,0,5,7,6,6,4,5,7,4,6,4,4,4,4,4,4,1
1364,3,2022,1,57,1,1,4,0,1,0,0,0,0,5,5,5,5,5,5,5,3,5,4,3,4,5,3,3,0
1365,3,2022,1,68,1,1,2,0,0,0,0,1,0,5,4,4,7,5,1,7,1,5,2,1,5,1,1,1,1
1366,3,2022,1,77,1,1,3,0,0,0,0,1,0,6,6,6,7,6,6,6,2,4,2,1,4,2,3,2,0
1367,3,2022,1,43,0,0,3,0,1,0,0,0,0,4,4,4,5,4,4,4,4,4,4,4,4,4,4,4,1
1368,3,2022,0,65,1,1,3,0,0,1,0,0,0,5,6,5,6,1,1,6,4,6,3,2,3,4,2,2,0
1369,3,2022,1,65,1,1,0,1,1,0,0,0,0,7,1,5,7,7,1,1,1,7,1,1,6,1,1,1,0
1370,3,2022,1,55,0,0,5,0,1,0,0,0,0,5,6,4,4,5,6,3,2,4,4,4,4,3,2,4,1
1371,3,2022,0,54,0,1,2,0,0,0,0,0,1,2,1,1,2,5,7,6,5,4,2,1,4,1,1,1,1
1372,3,2022,1,62,0,0,0,1,1,0,0,0,0,1,1,1,6,5,1,6,1,4,2,1,2,2,1,1,1
1373,3,2022,0,56,1,1,0,1,0,1,0,0,0,6,4,7,5,6,1,6,4,5,4,3,5,4,3,4,0
1374,3,2022,1,58,0,1,4,0,1,0,0,0,0,7,2,5,4,5,1,4,4,4,4,4,4,4,4,1,1
1375,3,2022,0,43,1,1,5,0,1,0,0,0,0,4,2,5,7,7,1,7,4,4,5,4,4,3,4,3,0
1376,3,2022,0,56,1,1,0,1,0,1,0,0,0,5,3,5,5,5,1,5,2,3,3,4,5,3,2,2,1
1377,3,2022,1,74,1,1,3,0,0,0,0,1,0,5,5,7,7,5,4,7,2,4,6,6,2,1,5,2,0
1378,3,2022,1,54,0,0,0,1,1,0,0,0,0,3,3,4,4,4,3,5,4,4,4,4,4,4,4,4,0
1379,3,2022,0,40,0,0,2,0,1,0,0,0,0,3,1,6,5,3,1,7,1,5,4,2,3,1,2,2,0
1380,3,2022,0,36,0,0,2,0,1,0,0,0,0,5,5,5,5,5,3,5,4,3,4,3,3,3,3,5,1
1381,3,2022,1,47,0,0,3,0,1,0,0,0,0,4,4,4,4,4,4,5,4,4,4,4,4,4,4,4,1
1382,3,2022,0,49,0,0,2,0,1,0,0,0,0,1,1,1,3,1,1,6,3,4,2,2,3,3,2,3,1
1383,3,2022,1,42,1,1,3,0,1,0,0,0,0,5,5,4,4,5,4,4,5,4,5,4,4,4,4,4,1
1384,3,2022,1,52,0,0,1,0,1,0,0,0,0,4,4,4,1,4,4,1,7,1,7,4,7,7,4,4,1
1385,3,2022,0,43,0,0,2,0,1,0,0,0,0,1,2,4,5,6,3,4,6,2,7,4,3,2,5,6,1
1386,3,2022,1,45,1,1,4,0,1,0,0,0,0,2,1,3,2,2,2,2,2,3,2,2,2,3,3,2,0
1387,3,2022,1,76,1,1,3,0,0,0,0,1,0,5,5,5,5,5,5,5,5,5,5,5,5,5,5,5,0
1388,3,2022,0,61,1,1,1,0,0,1,0,0,0,2,5,5,6,4,1,6,2,5,1,1,4,1,1,1,1
1389,3,2022,0,37,1,1,0,1,0,1,0,0,0,1,5,6,7,7,1,7,3,5,5,1,1,1,1,1,0
1390,3,2022,1,47,0,0,4,0,1,0,0,0,0,2,3,5,6,3,5,6,6,6,7,7,7,6,6,7,1
1391,3,2022,1,57,1,1,3,0,1,0,0,0,0,4,5,5,6,5,5,2,1,6,1,1,4,5,1,1,0
1392,3,2022,1,59,1,1,5,0,1,0,0,0,0,5,5,3,5,5,3,3,1,5,1,1,1,1,1,1,0
1393,3,2022,0,57,0,0,2,0,1,0,0,0,0,1,1,1,4,1,1,1,1,1,1,1,1,1,1,1,0
1394,3,2022,0,46,0,0,1,0,0,0,0,1,0,2,2,5,4,5,3,6,1,5,1,1,3,1,1,1,1
1395,3,2022,0,31,0,0,2,0,1,0,0,0,0,4,4,4,3,4,4,4,3,4,4,4,4,3,5,4,1
1396,3,2022,1,57,0,0,1,0,1,0,0,0,0,7,1,4,3,1,1,7,1,6,5,4,4,6,1,1,1
1397,3,2022,0,46,0,0,1,0,1,0,0,0,0,5,5,5,6,5,1,5,4,6,2,2,4,1,2,4,1
1398,3,2022,0,31,1,1,4,0,1,0,0,0,0,3,2,2,2,3,2,5,2,5,1,1,1,1,1,5,0
1399,3,2022,1,74,1,1,2,0,0,0,0,1,0,6,6,6,5,4,5,7,4,5,4,3,4,4,3,1,1
1400,3,2022,1,47,1,1,4,0,1,0,0,0,0,3,4,4,5,5,1,5,2,4,2,2,4,2,2,2,0
1401,3,2022,1,57,1,1,4,0,1,0,0,0,0,4,7,4,5,3,1,7,1,4,1,1,1,1,1,1,1
1402,3,2022,0,30,0,0,0,1,1,0,0,0,0,4,3,5,5,5,5,6,4,4,1,1,4,2,1,1,1
1403,3,2022,1,45,0,0,2,0,1,0,0,0,0,2,2,2,5,1,3,5,4,4,5,1,3,2,4,3,1
1404,3,2022,0,68,1,1,0,1,0,1,0,0,0,5,1,7,4,3,1,7,2,6,2,2,6,5,2,2,0
1405,3,2022,0,29,1,0,0,1,1,0,0,0,0,4,5,6,6,5,4,4,4,4,4,1,4,5,1,5,0
1406,3,2022,0,62,0,1,3,0,1,0,0,0,0,6,2,5,5,5,1,6,1,5,1,1,1,1,5,2,1
1407,3,2022,0,34,0,0,3,0,1,0,0,0,0,7,7,7,2,7,7,7,1,3,5,1,5,1,1,1,0
1408,3,2022,1,55,1,0,3,0,1,0,0,0,0,4,2,2,1,5,1,7,5,4,4,2,4,3,2,3,1
1409,3,2022,0,46,0,0,4,0,1,0,0,0,0,4,4,4,7,4,7,7,4,7,4,4,5,4,4,4,1
1410,3,2022,0,32,0,0,3,0,1,0,0,0,0,6,6,5,7,6,1,7,6,3,7,6,7,4,5,7,0
1411,3,2022,1,53,1,1,4,0,1,0,0,0,0,5,1,3,6,4,3,5,3,5,5,3,5,2,4,4,1
1412,3,2022,1,64,1,0,3,0,0,1,0,0,0,5,5,5,5,5,1,5,2,6,2,1,4,1,1,1,0
1413,3,2022,1,74,1,1,3,0,0,0,0,1,0,5,6,6,5,5,5,6,2,5,5,2,2,2,1,1,0
1414,3,2022,0,50,1,1,4,0,1,0,0,0,0,2,2,2,6,6,1,6,5,3,4,3,7,1,4,4,1
1415,3,2022,1,74,1,1,4,0,0,0,0,1,0,7,6,5,7,6,5,6,5,6,5,3,5,3,2,2,0
1416,3,2022,1,55,1,1,3,0,1,0,0,0,0,4,4,4,4,4,4,4,4,3,4,4,4,4,4,4,1
1417,3,2022,0,40,1,1,3,0,0,1,0,0,0,3,2,2,3,2,3,2,2,2,3,2,3,3,2,3,1
1418,3,2022,1,39,0,0,3,0,1,0,0,0,0,4,4,4,3,4,1,7,4,4,4,4,4,4,4,4,1
1419,3,2022,0,52,1,1,3,0,0,1,0,0,0,1,2,4,5,4,1,7,5,4,4,4,5,4,4,4,1
1420,3,2022,1,46,1,1,4,0,1,0,0,0,0,2,2,1,2,2,1,2,1,2,2,1,1,1,1,2,1
1421,3,2022,1,49,1,0,5,0,1,0,0,0,0,7,4,7,2,7,4,4,5,6,4,1,3,6,1,1,1
1422,3,2022,1,56,0,0,4,0,0,0,0,1,0,7,1,4,5,5,1,5,4,1,1,1,7,4,4,1,1
1423,3,2022,1,60,1,1,5,0,1,0,0,0,0,4,4,4,3,4,4,4,4,2,4,4,2,4,2,4,0
1424,3,2022,1,79,1,1,0,1,0,0,0,0,1,6,5,5,7,6,5,7,1,7,1,1,1,1,1,1,1
1425,3,2022,1,69,1,1,2,0,0,0,0,1,0,4,4,4,5,4,4,4,4,4,4,4,4,4,4,4,1
1426,3,2022,1,67,1,1,3,0,1,0,0,0,0,5,5,5,5,5,1,6,5,4,3,1,1,1,1,1,1
1427,3,2022,0,38,1,1,4,0,1,0,0,0,0,5,6,5,5,5,5,5,3,5,5,5,5,5,4,4,0
1428,3,2022,1,55,1,1,1,0,1,0,0,0,0,4,4,1,6,1,1,7,2,4,4,1,4,3,1,4,1
1429,3,2022,0,69,1,1,2,0,1,0,0,0,0,1,1,3,5,1,1,7,2,4,5,2,6,1,1,1,1
1430,3,2022,1,54,1,0,5,0,1,0,0,0,0,3,2,3,2,3,2,2,3,2,2,3,3,3,3,2,0
1431,3,2022,0,42,0,0,0,1,0,0,0,1,0,1,1,1,1,1,1,1,1,1,1,1,1,1,1,1,1
1432,3,2022,1,63,0,1,5,0,1,0,0,0,0,4,4,4,7,4,4,7,4,4,4,1,1,4,4,4,1
1433,3,2022,1,76,1,1,2,0,0,0,0,1,0,5,6,6,6,7,1,7,5,4,6,3,2,2,1,1,1
1434,3,2022,1,42,0,0,0,1,0,0,0,1,0,1,1,1,7,1,1,7,1,1,4,1,7,1,7,1,1
1435,3,2022,0,56,1,0,2,0,0,0,0,1,0,4,4,4,7,7,1,7,1,4,1,1,1,1,1,1,1
1436,3,2022,0,50,0,1,0,1,1,0,0,0,0,1,4,5,6,1,1,6,5,2,3,2,4,4,5,5,1
1437,3,2022,1,58,1,0,5,0,1,0,0,0,0,4,4,3,3,3,3,4,4,3,3,4,3,4,4,3,1
1438,3,2022,0,39,1,1,0,1,1,0,0,0,0,5,6,5,4,5,1,7,5,4,6,2,4,2,2,3,0
1439,3,2022,1,48,0,0,5,0,1,0,0,0,0,6,4,5,6,2,1,6,1,4,1,1,5,2,1,1,1
1440,3,2022,1,57,1,1,2,0,1,0,0,0,0,4,4,4,4,4,4,4,4,4,4,4,7,4,4,4,1
1441,3,2022,1,48,1,1,3,0,1,0,0,0,0,5,5,5,5,4,4,4,4,5,4,4,4,4,4,4,1
1442,3,2022,1,53,1,1,4,0,1,0,0,0,0,1,1,1,1,1,1,1,1,1,1,1,1,1,1,1,0
1443,3,2022,0,82,1,1,2,0,0,1,0,0,0,4,5,5,6,5,1,6,2,5,2,2,4,1,1,1,0
1444,3,2022,1,47,0,0,4,0,1,0,0,0,0,4,4,4,4,4,4,4,4,4,4,3,4,4,4,4,1
1445,3,2022,1,26,0,0,2,0,1,0,0,0,0,5,6,4,6,1,6,6,3,3,2,1,4,5,2,2,1
1446,3,2022,1,73,1,1,3,0,0,0,0,1,0,4,5,5,5,4,2,5,5,4,5,3,5,3,3,3,0
1447,3,2022,1,58,1,1,4,0,1,0,0,0,0,6,5,4,4,5,1,6,2,4,4,3,3,2,1,2,1
1448,3,2022,1,76,1,1,2,0,1,0,0,0,0,2,2,2,5,1,1,5,4,5,4,4,4,4,4,4,0
1449,3,2022,1,50,1,0,5,0,1,0,0,0,0,1,5,5,6,5,1,7,1,6,1,1,1,1,1,1,0
1450,3,2022,1,55,0,0,1,0,1,0,0,0,0,3,3,3,3,3,2,3,3,1,3,3,4,3,4,4,1
1451,3,2022,0,42,1,1,4,0,1,0,0,0,0,5,4,5,5,5,4,4,4,4,4,4,4,1,4,4,0
1452,3,2022,0,43,1,1,4,0,0,1,0,0,0,7,6,6,6,6,3,7,5,3,4,3,4,4,3,4,0
1453,3,2022,1,46,0,0,2,0,1,0,0,0,0,5,1,1,7,1,1,7,3,4,2,1,2,1,1,1,1
1454,3,2022,1,55,0,0,2,0,1,0,0,0,0,5,4,4,7,7,1,7,1,4,4,1,5,1,5,4,1
1455,3,2022,0,44,0,0,0,1,0,0,0,1,0,1,1,1,5,1,1,1,1,1,1,1,7,1,1,7,1
1456,3,2022,1,61,1,1,5,0,1,0,0,0,0,5,6,5,5,5,5,5,6,5,5,6,6,6,6,6,0
1457,3,2022,1,57,1,1,2,0,1,0,0,0,0,1,1,1,1,1,1,7,7,1,7,7,7,7,4,7,1
1458,3,2022,0,73,1,1,1,0,0,1,0,0,0,7,7,7,7,5,7,7,1,6,3,3,4,1,5,1,0
1459,3,2022,1,73,1,0,3,0,0,0,0,1,0,5,5,4,5,5,4,5,4,5,2,2,4,3,2,3,1
1460,3,2022,1,41,0,0,5,0,1,0,0,0,0,5,7,6,6,6,3,5,1,6,1,1,3,2,1,1,0
1461,3,2022,1,55,1,1,4,0,1,0,0,0,0,4,1,1,4,1,1,4,4,4,4,4,4,4,4,4,1
1462,3,2022,1,38,0,0,1,0,1,0,0,0,0,5,5,6,5,7,1,7,5,4,4,1,6,4,4,5,1
1463,3,2022,1,55,0,0,1,0,0,0,0,1,0,3,2,5,2,3,3,4,4,6,4,2,4,4,4,4,1
1464,3,2022,1,34,0,0,5,0,1,0,0,0,0,5,1,1,5,4,2,5,5,4,1,1,4,4,1,1,0
1465,3,2022,1,67,1,1,0,1,0,0,0,1,0,1,1,2,7,5,4,7,1,6,1,1,4,3,1,1,1
1466,3,2022,0,52,1,1,3,0,1,0,0,0,0,3,2,3,4,3,4,4,5,5,5,5,5,5,5,5,0
1467,3,2022,0,33,0,0,2,0,1,0,0,0,0,3,1,1,5,6,5,7,4,4,5,1,4,1,5,1,0
1468,3,2022,0,52,1,1,4,0,0,1,0,0,0,4,5,5,5,4,1,7,5,3,5,4,6,5,4,4,1
1469,3,2022,1,50,0,1,3,0,1,0,0,0,0,4,5,4,4,4,4,4,4,4,4,3,4,4,4,4,1
1470,3,2022,0,38,0,0,2,0,1,0,0,0,0,1,1,1,5,1,1,2,6,2,1,2,1,1,1,1,1
1471,3,2022,0,72,1,1,0,1,0,1,0,0,0,4,6,5,6,2,1,6,2,4,2,1,7,1,2,4,1
1472,3,2022,1,30,1,0,0,1,1,0,0,0,0,4,4,6,4,4,4,5,6,6,5,2,6,2,1,2,1
1473,3,2022,0,53,0,0,2,0,0,0,0,1,0,1,2,3,5,3,2,5,2,3,3,1,4,1,1,5,1
1474,3,2022,0,58,1,1,1,0,1,0,0,0,0,5,6,5,7,5,1,7,2,7,5,2,5,3,3,3,0
1475,3,2022,1,55,1,1,5,0,1,0,0,0,0,3,3,3,3,3,3,3,4,3,4,5,4,3,5,3,1
1476,3,2022,0,42,1,1,3,0,0,1,0,0,0,4,1,6,5,5,1,7,5,5,4,4,4,1,4,3,0
1477,3,2022,0,43,0,0,3,0,1,0,0,0,0,7,2,2,4,2,7,1,2,4,2,2,1,3,3,4,1
1478,3,2022,0,54,0,0,1,0,1,0,0,0,0,4,4,4,7,5,2,7,7,7,7,7,7,7,7,7,1
1479,3,2022,1,75,0,0,2,0,0,0,0,1,0,7,5,7,7,4,1,7,1,6,1,1,1,1,1,1,1
1480,3,2022,1,60,1,1,5,0,1,0,0,0,0,6,5,5,6,6,5,6,5,4,6,5,6,4,5,5,1
1481,3,2022,0,45,0,0,5,0,1,0,0,0,0,5,3,5,5,5,5,5,5,3,5,4,5,1,4,4,1
1482,3,2022,1,65,1,1,5,0,1,0,0,0,0,4,4,5,4,4,4,4,4,4,4,4,4,4,4,4,0
1483,3,2022,1,66,0,0,2,0,0,0,0,1,0,6,6,6,6,6,6,6,6,6,6,6,6,6,6,6,1
1484,3,2022,0,61,1,1,0,1,0,1,0,0,0,5,2,2,3,6,1,4,1,6,1,1,1,1,4,1,0
1485,3,2022,0,62,0,1,2,0,1,0,0,0,0,5,1,6,5,5,1,7,2,5,6,1,2,1,2,2,1
1486,3,2022,1,66,1,0,4,0,1,0,0,0,0,4,4,4,7,3,2,7,1,5,4,1,1,1,1,1,1
1487,3,2022,1,49,0,0,5,0,1,0,0,0,0,5,5,5,6,5,5,5,3,5,3,3,3,3,3,3,1
1488,3,2022,0,27,1,0,4,0,1,0,0,0,0,6,4,6,3,1,6,4,4,6,4,4,4,4,4,4,0
1489,3,2022,1,71,1,1,2,0,1,0,0,0,0,2,2,2,5,2,2,3,3,4,3,2,5,2,3,2,1
1490,3,2022,1,64,1,1,5,0,1,0,0,0,0,6,7,6,6,6,6,6,5,6,5,6,6,5,6,6,0
1491,3,2022,1,73,1,0,3,0,0,0,0,1,0,5,6,6,5,5,5,7,2,5,3,1,2,2,1,1,0
1492,3,2022,0,41,1,0,4,0,0,1,0,0,0,6,6,4,5,5,5,5,1,4,4,3,6,2,2,4,0
1493,3,2022,0,47,1,1,0,1,0,1,0,0,0,3,4,4,4,3,3,4,3,4,4,4,4,4,4,4,1
1494,3,2022,1,48,0,0,5,0,1,0,0,0,0,5,5,4,4,3,3,5,4,4,4,4,4,4,4,4,1
1495,3,2022,0,57,0,0,1,0,0,0,0,1,0,1,1,1,1,1,1,6,4,4,6,5,4,4,4,6,1
1496,3,2022,1,46,1,1,5,0,1,0,0,0,0,4,4,5,4,3,4,4,4,4,4,4,4,4,4,4,1
1497,3,2022,1,54,0,0,0,1,1,0,0,0,0,3,1,4,2,4,1,2,1,2,2,2,1,2,2,1,1
1498,3,2022,1,45,0,0,2,0,1,0,0,0,0,2,7,5,7,1,1,7,6,2,2,6,4,1,2,7,1
1499,3,2022,1,68,0,1,2,0,1,0,0,0,0,1,1,4,7,1,1,6,1,4,4,1,4,1,1,1,1
1500,3,2022,1,83,1,1,1,0,0,0,0,1,0,6,6,5,7,5,1,7,1,4,5,1,4,1,1,1,1
1501,3,2022,1,33,0,0,2,0,1,0,0,0,0,1,1,2,3,1,1,5,1,1,1,1,1,1,1,1,1
1502,3,2022,0,73,1,1,2,0,0,1,0,0,0,6,2,7,7,6,7,7,1,7,4,1,5,1,1,1,1
1503,3,2022,1,77,1,1,2,0,0,0,0,1,0,7,1,5,6,1,1,7,1,4,4,1,4,4,2,4,1
1504,3,2022,1,45,0,0,3,0,1,0,0,0,0,4,4,4,4,4,4,4,4,4,4,4,3,4,4,4,1
1505,3,2022,1,39,1,1,3,0,1,0,0,0,0,2,3,4,4,1,2,2,2,1,2,3,3,4,2,1,1
1506,3,2022,1,60,1,1,5,0,1,0,0,0,0,1,1,1,5,4,4,4,1,5,1,1,1,1,1,1,1
1507,3,2022,0,35,1,1,2,0,1,0,0,0,0,6,5,5,5,4,4,7,5,4,4,1,3,1,1,1,1
1508,3,2022,0,35,0,0,0,1,0,0,0,1,0,4,1,1,4,4,1,4,1,1,1,1,4,1,1,1,1
1509,3,2022,0,53,1,0,2,0,1,0,0,0,0,5,5,5,6,5,1,7,1,4,1,1,4,1,1,1,0
1510,3,2022,0,34,1,1,4,0,1,0,0,0,0,3,5,3,4,3,3,3,5,5,3,3,3,4,5,3,0
1511,3,2022,0,59,0,0,4,0,1,0,0,0,0,1,1,2,6,3,1,4,5,6,4,4,4,4,3,1,1
1512,3,2022,0,33,0,0,0,1,1,0,0,0,0,3,4,4,7,7,4,5,3,5,3,3,3,3,3,3,0
1513,3,2022,1,40,0,0,5,0,1,0,0,0,0,4,4,5,4,4,4,4,4,4,4,4,4,4,4,4,1
1514,3,2022,0,65,1,0,5,0,0,1,0,0,0,2,2,6,5,5,5,7,1,4,6,1,3,1,1,1,1
1515,3,2022,0,38,0,0,2,0,1,0,0,0,0,5,5,5,3,5,3,6,5,5,5,3,3,2,3,3,1
1516,3,2022,0,55,1,1,3,0,0,1,0,0,0,5,5,4,5,5,1,6,4,5,6,4,4,2,4,4,0
1517,3,2022,0,54,1,1,0,1,1,0,0,0,0,2,3,3,2,2,1,6,5,3,6,5,5,4,2,1,1
1518,3,2022,1,55,0,0,0,1,0,0,0,1,0,4,5,6,6,4,4,7,2,4,2,2,2,2,2,2,1
1519,3,2022,1,62,1,1,3,0,1,0,0,0,0,1,2,3,6,2,1,1,2,2,3,2,4,3,3,2,1
1520,3,2022,1,55,1,0,5,0,1,0,0,0,0,3,4,2,2,1,3,2,2,2,5,4,1,2,4,3,1
1521,3,2022,0,47,0,0,3,0,1,0,0,0,0,7,7,5,5,6,4,7,1,5,2,1,1,2,1,1,1
1522,3,2022,0,33,1,1,3,0,0,1,0,0,0,3,5,5,6,3,4,5,5,4,2,2,3,5,1,2,1
1523,3,2022,1,61,0,0,2,0,0,0,0,1,0,5,4,6,5,4,1,5,4,4,3,3,4,4,2,1,1
1524,3,2022,1,75,1,1,0,1,0,0,0,1,0,4,4,5,7,5,1,5,3,5,3,3,3,3,2,2,0
1525,3,2022,1,56,1,1,5,0,1,0,0,0,0,3,5,4,6,7,1,7,1,6,1,1,2,2,1,1,0
1526,3,2022,0,66,1,1,3,0,0,1,0,0,0,3,7,5,1,3,1,7,1,6,1,1,1,1,1,1,1
1527,3,2022,1,51,0,0,2,0,1,0,0,0,0,4,7,7,6,4,1,5,1,5,2,1,4,1,1,1,1
1528,3,2022,1,65,1,1,3,0,0,0,0,1,0,1,1,4,5,1,1,5,1,4,1,1,4,1,1,1,1
1529,3,2022,0,57,1,0,5,0,0,1,0,0,0,5,6,6,6,5,5,7,1,5,5,1,2,1,2,1,1
1530,3,2022,1,62,0,0,0,1,0,0,0,1,0,5,5,6,6,4,4,5,2,6,2,1,2,2,2,1,0
1531,3,2022,0,34,0,0,0,1,1,0,0,0,0,2,3,3,2,2,2,2,2,1,1,2,2,2,1,2,0
1532,3,2022,0,69,1,1,0,1,0,1,0,0,0,2,5,5,5,2,1,6,5,5,4,3,6,1,3,5,1
1533,3,2022,0,48,0,0,0,1,1,0,0,0,0,1,1,1,2,2,1,1,4,1,1,1,4,4,1,2,1
1534,3,2022,0,62,1,1,5,0,0,1,0,0,0,4,7,5,7,7,1,7,1,7,3,2,1,1,1,1,1
1535,3,2022,0,71,1,1,2,0,0,1,0,0,0,3,5,3,5,5,1,6,6,3,6,6,7,5,3,1,0
1536,3,2022,0,63,0,1,1,0,1,0,0,0,0,5,6,6,6,6,5,7,2,4,2,2,2,1,1,1,0
1537,3,2022,0,28,0,0,2,0,1,0,0,0,0,4,4,4,4,4,4,3,4,4,4,4,4,3,2,4,1
1538,3,2022,0,49,0,0,2,0,0,0,0,1,0,7,7,5,7,4,1,6,5,6,1,1,1,1,1,1,1
1539,3,2022,0,70,1,1,0,1,0,1,0,0,0,7,3,7,6,7,7,7,1,6,2,1,1,1,1,1,0
1540,3,2022,1,53,0,0,0,1,0,0,0,1,0,4,4,4,4,4,4,4,4,4,4,4,4,4,4,4,1
1541,3,2022,1,47,1,1,3,0,1,0,0,0,0,1,1,1,1,1,1,1,2,1,1,1,1,1,1,1,1
1542,3,2022,0,37,1,1,5,0,1,0,0,0,0,5,4,6,6,6,2,6,4,5,4,3,1,1,4,3,0
1543,3,2022,1,54,1,1,5,0,1,0,0,0,0,4,4,4,4,4,3,4,3,4,4,4,4,4,4,4,0
1544,3,2022,1,61,1,1,4,0,1,0,0,0,0,5,5,5,5,5,5,5,5,5,5,5,4,4,5,5,0
1545,3,2022,0,35,1,1,3,0,1,0,0,0,0,2,4,7,7,6,6,5,3,3,3,1,4,2,1,2,1
1546,3,2022,0,32,1,0,3,0,1,0,0,0,0,5,5,4,5,5,1,7,5,4,5,2,5,5,3,3,1
1547,3,2022,1,40,1,1,2,0,1,0,0,0,0,6,7,6,5,6,6,6,1,5,1,1,1,1,1,1,1
1548,3,2022,0,72,0,1,0,1,0,1,0,0,0,5,5,6,5,5,4,7,3,5,5,4,3,3,3,3,0
1549,3,2022,1,54,1,1,4,0,1,0,0,0,0,5,4,3,2,4,4,7,1,4,4,1,3,2,2,2,1
1550,3,2022,1,68,1,1,2,0,0,0,0,1,0,4,4,4,4,4,4,4,4,4,4,4,4,4,4,4,1
1551,3,2022,0,41,1,0,0,1,0,1,0,0,0,7,1,1,1,1,1,7,7,1,1,1,4,4,1,1,1
1552,3,2022,0,47,1,1,0,1,1,0,0,0,0,4,4,4,3,4,4,3,3,3,3,3,5,4,4,2,0
1553,3,2022,0,28,0,0,2,0,1,0,0,0,0,4,5,4,3,3,4,4,3,3,4,3,3,4,3,3,0
1554,3,2022,0,31,0,0,3,0,1,0,0,0,0,5,4,4,6,4,4,4,1,5,1,1,1,1,1,1,0
1555,3,2022,1,38,0,0,2,0,1,0,0,0,0,4,3,3,5,6,3,6,5,5,4,6,5,5,5,6,0
1556,3,2022,1,63,0,0,2,0,1,0,0,0,0,1,1,1,1,1,1,4,1,1,1,1,1,1,1,1,1
1557,3,2022,0,64,0,1,1,0,0,0,0,1,0,5,1,3,6,1,1,7,1,4,1,1,4,1,1,1,1
1558,3,2022,1,51,1,0,3,0,1,0,0,0,0,1,1,1,1,1,1,1,1,1,1,1,1,1,1,1,1
1559,3,2022,0,34,1,1,5,0,1,0,0,0,0,5,5,5,5,5,3,5,4,5,4,4,4,3,4,3,1
1560,3,2022,1,63,1,1,5,0,1,0,0,0,0,4,4,4,4,4,4,4,4,4,4,4,4,4,4,4,1
1561,3,2022,1,52,0,0,2,0,1,0,0,0,0,4,5,3,4,3,4,4,3,4,4,4,3,4,2,4,1
1562,3,2022,0,39,0,0,0,1,1,0,0,0,0,4,4,4,4,4,4,4,4,4,4,4,4,4,4,4,0
1563,3,2022,0,46,0,0,2,0,1,0,0,0,0,5,5,6,1,7,1,6,5,5,5,2,3,1,2,4,0
1564,3,2022,1,60,1,1,0,1,1,0,0,0,0,6,5,5,7,6,6,7,1,5,6,5,2,1,1,2,1
1565,3,2022,0,46,0,1,1,0,1,0,0,0,0,1,1,3,2,4,4,7,3,4,3,3,4,2,2,2,1
1566,3,2022,1,78,1,1,2,0,0,0,0,1,0,1,1,4,6,6,1,7,1,4,3,1,4,1,1,1,1
1567,3,2022,0,37,1,1,5,0,0,1,0,0,0,1,1,7,5,6,1,6,6,5,1,1,1,1,1,1,0
1568,3,2022,0,45,1,1,5,0,0,1,0,0,0,2,7,5,4,2,1,4,3,4,5,4,3,3,3,4,0
1569,3,2022,1,69,1,0,0,1,0,0,0,1,0,6,7,6,7,6,1,6,4,6,2,1,4,4,1,1,0
1570,3,2022,0,60,1,0,5,0,0,1,0,0,0,4,5,6,7,5,4,7,1,7,1,1,1,1,1,1,0
1571,3,2022,1,52,1,1,5,0,1,0,0,0,0,6,5,5,6,5,1,6,5,6,5,1,2,1,1,2,0
1572,3,2022,0,25,0,0,5,0,1,0,0,0,0,6,5,6,5,5,5,6,2,5,2,5,2,2,5,5,0
1573,3,2022,1,54,0,0,0,1,1,0,0,0,0,1,1,1,4,1,1,4,4,4,2,1,1,1,1,1,1
1574,3,2022,0,25,0,0,1,0,1,0,0,0,0,4,5,5,1,3,5,6,3,2,6,4,4,3,3,4,1
1575,3,2022,1,67,1,1,5,0,1,0,0,0,0,4,5,5,6,4,3,5,3,5,3,3,3,4,3,3,1
1576,3,2022,0,63,1,0,3,0,0,1,0,0,0,6,7,6,7,7,6,7,2,4,4,1,4,1,4,2,0
1577,3,2022,1,70,1,0,2,0,0,0,0,1,0,3,5,3,5,4,4,4,4,4,4,4,5,4,4,4,1
1578,3,2022,0,45,1,0,3,0,0,1,0,0,0,5,5,4,1,4,4,7,4,4,5,1,4,4,1,4,1
1579,3,2022,0,61,1,0,5,0,0,1,0,0,0,4,5,5,4,4,4,6,4,4,3,3,4,4,3,3,1
1580,3,2022,1,38,0,0,2,0,1,0,0,0,0,6,6,6,6,6,6,7,2,3,4,3,4,2,6,6,0
1581,3,2022,1,59,0,0,1,0,1,0,0,0,0,6,6,6,6,1,1,6,2,6,2,2,2,2,2,2,0
1582,3,2022,0,65,1,1,5,0,0,1,0,0,0,5,5,6,6,5,2,7,2,7,5,6,4,2,2,1,0
1583,3,2022,1,65,1,1,3,0,1,0,0,0,0,4,4,4,4,4,4,4,4,4,5,3,4,4,4,4,1
1584,3,2022,1,35,1,1,5,0,1,0,0,0,0,2,5,4,5,5,3,6,5,5,4,2,2,2,2,2,1
1585,3,2022,1,52,0,0,0,1,1,0,0,0,0,5,2,5,7,1,1,7,1,7,1,1,1,1,1,1,1
1586,3,2022,0,40,1,1,5,0,1,0,0,0,0,2,2,5,3,5,1,7,2,5,2,1,2,1,1,1,0
1587,3,2022,0,43,1,1,5,0,1,0,0,0,0,4,5,5,5,5,4,5,4,4,4,4,4,4,4,4,0
1588,3,2022,0,50,1,1,5,0,0,1,0,0,0,4,4,5,4,3,3,4,1,3,2,2,1,1,2,2,0
1589,3,2022,1,47,0,0,2,0,0,0,0,1,0,2,4,5,4,1,1,7,4,3,4,4,5,2,4,4,1
1590,3,2022,0,47,1,1,5,0,1,0,0,0,0,5,5,6,7,7,1,6,2,4,2,1,2,1,1,1,1
1591,3,2022,0,72,0,0,2,0,0,0,0,1,0,4,5,5,7,1,1,7,5,4,5,4,1,1,1,1,1
1592,3,2022,0,63,1,1,2,0,0,1,0,0,0,4,4,4,4,4,4,6,4,4,4,4,5,4,4,4,1
1593,3,2022,0,51,0,1,3,0,1,0,0,0,0,1,1,2,3,5,1,7,7,4,1,1,3,1,1,1,1
1594,3,2022,0,34,0,0,2,0,1,0,0,0,0,4,1,1,5,1,4,7,4,3,5,4,4,5,4,5,1
1595,3,2022,0,62,1,0,0,1,0,1,0,0,0,4,4,5,7,5,4,4,2,4,1,1,2,2,1,1,1
1596,3,2022,1,72,0,0,4,0,0,0,0,1,0,4,5,5,3,2,2,7,4,4,5,2,5,4,4,4,1
1597,3,2022,1,46,0,0,0,1,1,0,0,0,0,6,7,7,7,6,1,7,1,7,1,1,1,1,1,1,0
1598,3,2022,1,47,1,1,3,0,1,0,0,0,0,4,4,4,5,4,4,4,4,4,4,2,4,4,4,4,1
1599,3,2022,1,63,1,1,0,1,1,0,0,0,0,5,4,4,4,1,1,7,4,5,5,4,4,4,4,2,0
1600,3,2022,1,50,0,0,3,0,1,0,0,0,0,3,3,3,2,5,1,5,4,3,4,3,2,4,3,3,1
1601,3,2022,0,50,0,1,2,0,1,0,0,0,0,2,1,3,4,1,1,7,6,1,4,4,6,4,4,2,1
1602,3,2022,1,68,0,0,2,0,0,0,0,1,0,6,2,5,7,2,2,6,2,4,6,4,3,1,2,6,0
1603,3,2022,0,34,1,1,5,0,1,0,0,0,0,3,3,5,7,5,5,5,2,6,2,2,3,2,2,2,1
1604,3,2022,0,52,1,1,1,0,0,0,0,1,0,4,4,4,4,4,4,4,4,4,4,4,4,4,4,4,1
1605,3,2022,0,58,0,0,2,0,1,0,0,0,0,4,4,4,7,4,4,1,4,7,1,1,4,4,1,4,1
1606,3,2022,1,54,1,0,3,0,1,0,0,0,0,4,1,1,5,1,1,6,2,6,4,2,4,2,2,2,1
1607,3,2022,1,67,1,1,2,0,0,0,0,0,1,4,5,5,6,6,1,6,1,6,1,1,2,1,1,1,1
1608,3,2022,0,62,1,1,0,1,1,0,0,0,0,5,4,5,6,6,4,4,5,4,5,3,4,4,3,4,0
1609,3,2022,0,46,1,1,0,1,1,0,0,0,0,5,5,5,7,5,1,7,3,3,3,1,3,3,1,1,1
1610,3,2022,0,35,0,0,2,0,1,0,0,0,0,7,7,7,7,7,5,4,6,7,3,1,5,5,5,5,1
1611,3,2022,0,35,0,0,1,0,0,0,0,1,0,5,1,1,7,4,1,7,4,1,5,1,7,4,1,1,1
1612,3,2022,0,22,0,0,2,0,1,0,0,0,0,7,4,5,4,2,5,5,6,5,3,4,5,5,5,6,1
1613,3,2022,1,48,1,1,0,1,1,0,0,0,0,4,4,5,4,4,4,4,4,4,4,4,4,4,4,4,1
1614,3,2022,0,49,1,1,4,0,1,0,0,0,0,5,5,5,3,5,1,7,3,5,4,1,4,2,5,4,0
1615,3,2022,0,42,1,1,4,0,0,1,0,0,0,1,1,5,7,6,1,6,4,3,3,1,2,1,1,1,1
1616,3,2022,1,50,1,1,4,0,1,0,0,0,0,1,1,1,7,2,1,7,7,1,7,2,7,6,1,1,1
1617,3,2022,1,60,1,1,2,0,1,0,0,0,0,5,1,1,6,4,1,5,1,4,3,1,5,2,1,1,1
1618,3,2022,0,46,1,0,4,0,1,0,0,0,0,4,4,4,4,4,4,4,4,4,4,4,4,4,4,4,1
1619,3,2022,1,43,0,0,0,1,1,0,0,0,0,2,2,2,6,4,1,4,3,2,4,3,7,4,2,4,1
1620,3,2022,1,61,0,1,2,0,1,0,0,0,0,5,5,6,3,4,4,7,4,6,5,2,5,4,1,5,1
1621,3,2022,0,74,0,0,1,0,0,0,0,1,0,6,6,6,7,5,1,6,1,6,2,1,4,1,1,1,0
1622,3,2022,0,59,0,0,3,0,1,0,0,0,0,5,4,4,4,4,4,7,3,7,3,3,4,3,3,3,0
1623,3,2022,1,68,1,1,5,0,0,0,0,0,1,7,7,7,7,7,1,7,1,7,1,1,1,1,1,1,0
1624,3,2022,1,70,1,1,5,0,1,0,0,0,0,4,5,4,5,4,4,4,4,5,4,4,4,4,4,5,0
1625,3,2022,0,37,0,0,2,0,1,0,0,0,0,7,7,5,7,7,7,7,1,5,1,1,4,1,1,1,0
1626,3,2022,1,53,0,1,2,0,1,0,0,0,0,4,5,4,3,7,1,6,5,4,5,2,6,2,1,4,1
1627,3,2022,1,50,0,0,1,0,1,0,0,0,0,1,5,1,1,1,1,1,1,1,1,1,7,1,1,1,1
1628,3,2022,0,49,0,0,5,0,1,0,0,0,0,5,6,6,6,6,4,7,6,6,4,1,5,1,1,1,0
1629,3,2022,0,48,1,1,4,0,1,0,0,0,0,3,1,4,5,7,1,5,1,1,1,1,4,1,1,1,0
1630,3,2022,1,56,1,0,5,0,1,0,0,0,0,6,6,6,6,5,1,6,3,6,1,1,5,1,1,1,1
1631,3,2022,0,44,1,0,4,0,1,0,0,0,0,5,5,5,6,5,2,5,1,5,1,1,1,1,1,1,1
1632,3,2022,1,61,1,1,5,0,1,0,0,0,0,5,3,5,6,5,1,7,4,4,4,1,4,1,1,3,0
1633,3,2022,0,41,0,0,2,0,1,0,0,0,0,5,7,3,6,1,3,7,2,5,2,1,3,1,2,1,1
1634,3,2022,1,55,1,0,3,0,1,0,0,0,0,2,6,5,5,3,1,5,3,5,3,3,5,3,3,2,1
1635,3,2022,1,42,1,1,4,0,1,0,0,0,0,5,4,5,4,5,4,4,5,5,4,4,4,4,4,4,1
1636,3,2022,1,36,1,1,4,0,1,0,0,0,0,1,2,2,1,2,2,2,2,1,2,1,6,1,1,1,1
1637,3,2022,0,43,1,1,2,0,0,1,0,0,0,3,1,5,5,5,6,6,1,6,1,1,4,1,1,1,0
1638,3,2022,1,47,1,0,4,0,1,0,0,0,0,5,1,1,6,5,5,1,3,5,2,1,1,1,1,1,0
1639,3,2022,0,59,0,0,0,1,0,0,0,1,0,4,5,7,6,4,7,5,5,5,4,1,4,4,4,7,0
1640,3,2022,0,40,1,0,3,0,0,1,0,0,0,5,1,6,5,5,1,7,5,3,6,1,4,7,3,4,1
1641,3,2022,1,56,0,0,2,0,1,0,0,0,0,2,2,2,5,1,1,3,4,1,5,4,7,5,4,6,1
1642,3,2022,0,49,1,0,0,1,1,0,0,0,0,6,5,4,5,6,5,6,5,5,4,3,5,5,3,4,0
1643,3,2022,0,57,1,1,0,1,0,1,0,0,0,4,4,4,5,4,4,4,4,4,4,4,4,4,4,4,1
1644,3,2022,1,56,1,1,5,0,1,0,0,0,0,4,3,3,4,5,5,6,4,5,4,4,5,4,3,2,1
1645,3,2022,1,41,1,1,3,0,1,0,0,0,0,4,4,4,4,4,4,4,4,4,3,1,4,4,4,4,1
1646,3,2022,1,68,1,1,0,1,1,0,0,0,0,4,5,4,5,4,4,7,6,6,5,3,7,4,4,6,0
1647,3,2022,0,36,1,0,0,1,1,0,0,0,0,4,4,4,4,4,4,4,4,4,4,4,4,4,4,4,1
1648,3,2022,0,35,0,0,2,0,1,0,0,0,0,1,4,4,7,1,1,7,7,1,7,7,7,7,7,1,1
1649,3,2022,0,52,0,1,2,0,1,0,0,0,0,4,4,4,1,1,1,2,5,2,5,5,6,3,4,5,1
1650,3,2022,1,55,0,1,0,1,0,0,0,0,1,4,3,4,4,2,1,5,4,4,5,3,2,2,4,4,1
1651,3,2022,1,70,1,1,2,0,0,0,0,1,0,4,4,4,6,1,1,7,4,5,6,4,6,4,4,4,1
1652,3,2022,0,68,1,1,3,0,0,1,0,0,0,6,6,6,7,7,4,7,1,7,2,2,4,2,1,1,1
1653,3,2022,1,61,1,1,5,0,0,0,0,1,0,4,6,6,6,5,1,7,1,5,1,1,1,1,1,1,0
1654,3,2022,1,82,1,1,3,0,0,0,0,1,0,5,5,5,6,4,1,7,2,6,6,2,2,1,1,1,0
1655,3,2022,0,56,0,1,2,0,1,0,0,0,0,3,5,6,5,4,4,4,5,4,5,3,4,4,3,4,1
1656,3,2022,1,70,1,1,3,0,0,0,0,1,0,5,6,6,5,5,1,6,4,5,3,4,5,5,4,4,0
1657,3,2022,1,75,1,1,5,0,1,0,0,0,0,6,5,5,5,4,2,5,2,5,1,1,4,2,2,1,1
1658,3,2022,1,76,0,0,2,0,0,0,0,1,0,5,5,5,4,2,1,6,4,4,4,4,4,4,4,4,1
1659,3,2022,0,76,0,1,2,0,0,0,0,1,0,4,5,6,7,2,1,7,2,5,5,3,1,4,1,1,1
1660,3,2022,1,71,1,1,0,1,0,0,0,1,0,1,1,1,6,1,1,6,1,6,1,1,5,2,1,1,0
1661,3,2022,0,57,1,1,0,1,0,1,0,0,0,6,5,5,5,6,1,7,3,4,2,1,1,1,1,1,0
1662,3,2022,0,60,1,0,5,0,1,0,0,0,0,2,1,5,5,6,1,6,5,5,5,1,2,1,1,1,1
1663,3,2022,1,76,1,1,0,1,0,0,0,1,0,3,2,2,3,4,1,7,1,6,1,1,7,1,5,1,0
1664,3,2022,1,66,1,1,0,1,1,0,0,0,0,2,5,5,6,5,5,6,2,6,4,2,2,2,2,2,0
1665,3,2022,1,62,1,1,5,0,1,0,0,0,0,7,7,7,7,1,1,7,1,7,1,1,1,1,1,1,1
1666,3,2022,1,48,1,1,5,0,1,0,0,0,0,5,3,4,5,2,2,5,4,4,5,5,2,2,4,2,0
1667,3,2022,0,72,1,1,2,0,1,0,0,0,0,7,5,6,5,5,1,4,1,5,2,1,5,1,1,6,1
1668,3,2022,0,52,1,1,5,0,0,1,0,0,0,5,5,5,5,5,1,7,5,4,4,2,5,5,1,6,1
1669,3,2022,0,42,0,1,0,1,1,0,0,0,0,1,1,4,5,1,1,5,1,5,1,1,5,1,1,1,0
1670,3,2022,0,50,1,0,0,1,0,1,0,0,0,5,5,5,5,5,5,5,4,5,4,3,3,3,3,3,1
1671,3,2022,1,64,1,1,0,1,1,0,0,0,0,4,7,7,7,4,1,7,1,7,4,1,4,1,1,1,0
1672,3,2022,0,47,0,0,0,1,1,0,0,0,0,1,7,6,7,5,1,7,5,7,2,1,1,1,1,1,0
1673,3,2022,0,43,0,0,2,0,1,0,0,0,0,5,2,2,4,4,1,5,5,4,4,2,7,7,4,4,1
1674,3,2022,1,75,1,1,1,0,0,0,0,1,0,1,3,3,2,1,5,2,3,2,5,5,5,5,3,3,0
1675,3,2022,0,39,0,0,0,1,1,0,0,0,0,4,4,4,6,3,1,3,1,4,1,1,1,1,1,1,1
1676,3,2022,1,71,1,1,5,0,1,0,0,0,0,5,5,5,4,6,1,7,2,4,2,2,5,2,2,2,0
1677,3,2022,1,62,1,1,5,0,1,0,0,0,0,7,7,7,7,7,7,7,2,6,2,1,1,1,1,1,1
1678,3,2022,1,47,1,1,3,0,1,0,0,0,0,6,5,5,3,5,4,7,2,5,2,5,4,2,2,2,0
1679,3,2022,1,68,1,1,3,0,1,0,0,0,0,6,6,6,6,6,6,6,6,6,7,7,7,6,6,6,0
1680,3,2022,1,60,1,1,4,0,1,0,0,0,0,5,6,6,6,6,1,6,4,4,2,1,5,1,4,2,1
1681,3,2022,1,59,0,0,2,0,1,0,0,0,0,7,6,7,6,6,6,7,3,7,5,4,5,4,3,4,0
1682,3,2022,1,59,1,0,3,0,1,0,0,0,0,2,1,5,7,1,1,5,1,4,1,1,4,1,1,1,1
1683,3,2022,1,42,1,1,0,1,1,0,0,0,0,4,4,4,4,3,4,4,4,4,4,4,4,4,4,4,1
1684,3,2022,0,34,1,1,3,0,0,1,0,0,0,4,4,4,6,4,4,6,6,4,4,4,4,4,4,2,1
1685,3,2022,0,30,0,0,3,0,1,0,0,0,0,5,5,5,4,5,4,5,3,3,3,3,3,4,2,2,0
1686,3,2022,1,51,1,1,5,0,1,0,0,0,0,7,6,5,7,5,3,6,3,5,3,1,3,2,2,2,0
1687,3,2022,0,48,1,0,2,0,1,0,0,0,0,5,5,5,6,6,6,7,1,5,3,1,1,1,1,1,1
1688,3,2022,1,58,1,0,2,0,1,0,0,0,0,5,7,5,2,6,1,6,4,5,4,4,4,4,4,4,1
1689,3,2022,0,46,1,1,1,0,1,0,0,0,0,1,1,1,7,5,1,7,1,1,1,1,2,1,1,1,1
1690,3,2022,0,55,1,0,0,1,1,0,0,0,0,4,4,4,4,4,4,4,4,4,4,4,4,4,4,4,0
1691,3,2022,1,42,1,0,0,1,1,0,0,0,0,2,4,3,5,4,1,3,4,2,4,4,4,4,4,4,1
1692,3,2022,1,34,1,1,3,0,1,0,0,0,0,7,7,7,7,7,1,7,4,7,1,1,5,4,1,1,1
1693,3,2022,1,65,1,1,5,0,1,0,0,0,0,5,6,4,7,3,4,5,1,6,1,1,1,1,1,1,1
1694,3,2022,1,62,1,1,5,0,1,0,0,0,0,6,7,6,7,6,6,7,1,7,2,1,1,1,1,1,0
1695,3,2022,1,54,1,1,3,0,1,0,0,0,0,5,5,5,4,5,5,6,5,4,5,4,5,4,4,5,1
1696,3,2022,0,37,0,0,3,0,1,0,0,0,0,7,5,1,4,1,5,5,5,4,4,1,3,3,4,4,0
1697,3,2022,0,27,0,0,2,0,1,0,0,0,0,5,5,4,2,6,1,7,2,5,4,1,3,2,1,4,0
1698,3,2022,0,70,0,1,1,0,1,0,0,0,0,3,5,6,4,5,3,6,2,3,2,2,2,2,2,2,1
1699,3,2022,1,71,1,1,4,0,1,0,0,0,0,5,1,1,7,1,2,5,1,4,1,1,1,1,5,1,1
1700,3,2022,0,49,0,0,1,0,0,0,0,1,0,2,1,1,4,1,1,5,5,1,4,5,4,3,4,4,1
1701,3,2022,1,49,0,0,1,0,1,0,0,0,0,4,1,5,5,1,1,6,7,4,1,1,1,1,1,1,1
1702,3,2022,1,63,0,0,3,0,1,0,0,0,0,4,4,4,4,4,4,4,4,3,4,4,4,4,4,4,1
1703,3,2022,1,80,1,1,3,0,0,0,0,0,1,6,7,7,7,4,5,7,2,7,1,1,4,1,4,1,0
1704,3,2022,1,48,1,1,0,1,1,0,0,0,0,4,3,2,2,2,2,5,4,3,3,3,4,3,4,2,1
1705,3,2022,1,73,1,1,2,0,0,0,0,1,0,5,6,6,5,3,2,6,2,6,5,3,4,2,1,1,1
1706,3,2022,1,51,1,1,2,0,1,0,0,0,0,4,2,3,3,4,3,3,4,3,5,4,2,3,4,3,1
1707,3,2022,1,62,1,1,5,0,1,0,0,0,0,4,1,2,6,4,1,7,4,4,4,1,5,1,1,4,0
1708,3,2022,1,57,1,1,2,0,1,0,0,0,0,2,4,4,5,2,1,7,1,5,1,1,5,1,1,1,1
1709,3,2022,0,33,0,0,2,0,1,0,0,0,0,5,1,1,3,2,4,4,5,3,3,1,5,2,3,3,1
1710,3,2022,1,56,0,1,2,0,1,0,0,0,0,5,5,5,7,5,5,6,5,3,4,1,6,4,1,1,1
1711,3,2022,1,71,1,1,2,0,0,0,0,1,0,1,5,4,7,1,1,7,1,7,1,1,5,1,1,1,1
1712,3,2022,1,72,1,0,1,0,0,0,0,1,0,3,4,3,5,2,1,4,3,4,4,3,4,4,3,3,1
1713,3,2022,1,42,1,1,3,0,1,0,0,0,0,4,4,4,1,4,4,5,5,4,5,3,4,2,3,3,0
1714,3,2022,1,70,1,1,5,0,1,0,0,0,0,6,5,5,5,7,6,7,1,7,4,2,2,1,1,4,1
1715,3,2022,1,50,1,1,0,1,1,0,0,0,0,4,4,5,3,4,4,5,4,3,4,4,4,4,4,4,1
1716,3,2022,0,37,0,0,3,0,1,0,0,0,0,4,7,5,5,5,3,5,1,5,1,1,1,1,1,1,0
1717,3,2022,0,31,1,1,4,0,0,1,0,0,0,2,5,5,1,1,6,6,1,5,1,1,5,1,1,1,0
1718,3,2022,1,61,1,1,4,0,1,0,0,0,0,5,5,5,5,3,5,5,2,5,5,2,6,4,5,5,1
1719,3,2022,1,60,0,0,2,0,1,0,0,0,0,6,5,3,6,5,1,7,2,5,2,1,5,1,1,1,1
1720,3,2022,1,47,1,1,5,0,1,0,0,0,0,4,5,4,4,1,1,6,5,2,6,6,6,5,5,5,1
1721,3,2022,0,68,1,1,3,0,0,1,0,0,0,4,4,4,4,4,4,4,4,5,4,4,4,4,4,4,0
1722,3,2022,1,42,1,1,5,0,1,0,0,0,0,1,5,5,2,5,1,5,7,2,2,1,3,7,1,1,1
1723,3,2022,0,51,1,1,0,1,1,0,0,0,0,5,5,4,4,4,1,6,4,4,5,1,6,4,4,6,0
1724,3,2022,0,47,1,0,0,1,0,1,0,0,0,5,4,5,7,5,1,5,1,4,2,1,4,1,1,1,1
1725,3,2022,1,55,0,1,3,0,1,0,0,0,0,1,1,1,1,1,1,7,7,1,1,1,7,7,1,7,1
1726,3,2022,0,69,1,0,3,0,0,1,0,0,0,6,7,7,7,1,7,6,2,7,2,2,2,5,6,7,0
1727,3,2022,0,63,1,1,2,0,0,1,0,0,0,5,5,5,5,2,5,6,2,4,2,1,1,2,1,1,0
1728,3,2022,1,48,1,1,5,0,1,0,0,0,0,5,5,5,5,5,5,5,5,5,5,5,4,5,5,5,1
1729,3,2022,1,77,1,1,5,0,1,0,0,0,0,6,5,5,4,5,5,7,4,6,3,3,3,3,3,3,0
1730,3,2022,1,39,0,0,2,0,1,0,0,0,0,4,3,4,4,4,4,4,4,3,3,3,3,4,4,4,1
1731,3,2022,1,75,0,1,2,0,0,0,0,1,0,4,4,5,5,4,1,6,4,5,4,4,4,4,4,4,1
1732,3,2022,0,42,1,0,3,0,1,0,0,0,0,6,6,6,4,7,7,7,1,6,1,1,1,1,1,1,0
1733,3,2022,0,47,1,1,5,0,1,0,0,0,0,3,6,2,6,1,1,7,5,2,4,4,3,1,1,2,1
1734,3,2022,1,42,1,1,5,0,1,0,0,0,0,5,5,5,6,5,4,6,1,4,1,1,1,1,1,1,0
1735,3,2022,1,66,1,1,3,0,1,0,0,0,0,5,6,4,5,1,1,6,6,4,1,1,3,1,4,4,1
1736,3,2022,0,68,1,1,1,0,0,1,0,0,0,5,7,5,7,5,5,7,4,7,3,1,7,6,1,7,0
1737,3,2022,1,61,1,1,5,0,1,0,0,0,0,4,1,1,4,4,3,4,6,5,2,2,5,5,2,2,1
1738,3,2022,0,45,0,0,2,0,1,0,0,0,0,1,3,5,6,5,1,7,1,4,1,1,1,1,1,1,1
1739,3,2022,1,35,0,0,0,1,1,0,0,0,0,5,5,4,4,4,5,7,7,2,7,4,7,4,4,7,0
1740,3,2022,1,52,1,1,4,0,1,0,0,0,0,4,5,5,4,4,4,4,4,4,4,4,4,4,4,3,1
1741,3,2022,0,36,1,1,0,1,0,1,0,0,0,6,5,4,5,5,5,6,7,5,6,5,3,4,4,6,1
1742,3,2022,1,66,1,1,4,0,0,1,0,0,0,2,2,5,6,3,5,6,2,6,3,4,5,2,1,4,0
1743,3,2022,1,64,0,1,2,0,1,0,0,0,0,1,1,2,7,4,1,1,1,7,1,1,5,1,1,1,1
1744,3,2022,1,71,0,1,2,0,0,0,0,0,1,3,4,3,4,4,4,4,4,3,4,4,4,4,4,4,1
1745,3,2022,0,39,1,1,2,0,1,0,0,0,0,5,2,5,6,4,1,7,2,4,5,4,4,3,5,5,1
1746,3,2022,0,45,0,0,3,0,1,0,0,0,0,4,6,4,6,1,1,7,3,5,1,1,4,3,1,1,1
1747,3,2022,0,48,1,0,2,0,0,1,0,0,0,5,1,5,7,5,1,7,1,6,1,1,4,4,1,1,1
1748,3,2022,0,49,1,1,0,1,0,1,0,0,0,6,5,5,6,5,1,5,5,5,4,1,1,2,3,2,0
1749,3,2022,0,45,1,1,5,0,0,1,0,0,0,5,3,5,7,5,4,7,1,6,3,1,4,1,1,1,0
1750,3,2022,0,41,0,0,5,0,1,0,0,0,0,4,4,4,4,5,4,4,5,5,4,4,5,4,5,5,0
1751,3,2022,0,43,0,0,2,0,0,0,0,1,0,4,4,2,4,4,3,3,3,4,4,3,4,4,2,5,1
1752,3,2022,0,35,0,0,2,0,1,0,0,0,0,5,6,5,6,4,2,7,6,4,4,4,4,4,4,4,1
1753,3,2022,0,53,0,1,0,1,1,0,0,0,0,2,3,4,3,4,3,3,3,3,4,3,3,4,5,4,0
1754,3,2022,0,64,1,1,3,0,0,1,0,0,0,5,7,6,6,4,5,7,1,4,4,1,4,1,1,1,0
1755,3,2022,1,72,1,1,4,0,0,0,0,1,0,1,1,3,6,1,1,2,1,6,1,1,1,1,1,1,1
1756,3,2022,1,70,1,1,2,0,0,0,0,1,0,7,2,6,6,2,1,6,2,6,1,1,4,5,1,2,0
1757,3,2022,0,37,1,1,1,0,0,1,0,0,0,1,1,1,1,7,7,7,1,7,1,1,1,1,1,1,1
1758,3,2022,0,52,1,1,5,0,1,0,0,0,0,5,6,6,6,5,1,7,2,4,1,1,1,1,1,1,0
1759,3,2022,0,68,1,1,0,1,1,0,0,0,0,5,4,4,4,5,5,6,4,5,4,4,4,4,4,4,0
1760,3,2022,0,33,0,0,2,0,1,0,0,0,0,1,4,1,6,6,1,1,4,4,1,1,1,4,1,1,1
1761,3,2022,0,62,0,0,0,1,0,0,0,1,0,4,3,6,4,4,4,4,2,4,4,4,4,4,4,4,1
1762,3,2022,0,46,0,0,2,0,1,0,0,0,0,1,1,1,1,1,1,1,7,1,4,2,7,4,4,4,1
1763,3,2022,1,27,0,0,3,0,1,0,0,0,0,3,3,2,3,3,4,2,5,3,3,3,3,4,4,4,1
1764,3,2022,0,28,0,0,0,1,1,0,0,0,0,2,3,3,5,2,1,6,3,2,4,2,4,2,3,3,1
1765,3,2022,0,32,1,1,3,0,0,1,0,0,0,1,5,7,3,7,7,6,5,5,3,1,4,4,1,1,0
1766,3,2022,1,32,1,0,5,0,1,0,0,0,0,6,5,6,5,5,6,6,2,5,1,1,2,2,1,3,1
1767,3,2022,0,51,1,1,5,0,1,0,0,0,0,4,4,5,5,5,4,5,4,4,4,4,4,4,4,4,0
1768,3,2022,1,45,1,0,4,0,1,0,0,0,0,2,2,2,6,2,1,7,3,5,3,3,3,3,2,2,1
1769,3,2022,0,43,1,1,5,0,1,0,0,0,0,4,2,3,4,3,3,4,3,3,3,4,3,3,3,3,1
1770,3,2022,0,36,1,1,2,0,1,0,0,0,0,4,5,6,7,5,5,7,5,5,3,1,4,4,3,3,1
1771,3,2022,1,50,0,0,4,0,1,0,0,0,0,4,4,4,4,4,4,4,4,4,4,4,4,4,4,4,1
1772,3,2022,1,57,1,1,5,0,1,0,0,0,0,5,7,5,6,5,7,6,5,6,2,3,6,3,2,2,0
1773,3,2022,1,46,1,1,5,0,1,0,0,0,0,6,7,7,7,7,1,7,1,7,1,1,1,1,1,1,0
1774,3,2022,1,71,1,1,3,0,1,0,0,0,0,6,7,7,6,6,6,7,2,6,2,2,3,3,2,3,0
1775,3,2022,0,35,1,1,4,0,0,1,0,0,0,1,1,4,1,1,1,1,1,1,1,1,1,1,1,1,0
1776,3,2022,1,27,0,0,3,0,1,0,0,0,0,3,2,3,3,4,3,4,4,4,4,4,5,4,4,4,0
1777,3,2022,0,57,1,1,5,0,1,0,0,0,0,5,4,5,5,5,5,5,4,7,4,4,4,4,4,4,0
1778,3,2022,0,56,1,1,0,1,0,1,0,0,0,7,5,4,3,4,5,3,4,2,2,4,3,4,2,1,1
1779,3,2022,1,56,0,0,5,0,1,0,0,0,0,4,5,6,5,6,1,7,4,5,3,1,3,2,1,1,1
1780,3,2022,1,67,0,0,1,0,1,0,0,0,0,1,1,1,3,1,1,5,4,3,1,1,7,3,1,4,1
1781,3,2022,0,59,1,0,3,0,1,0,0,0,0,6,6,6,7,7,1,7,1,4,1,1,2,1,1,1,0
1782,3,2022,0,43,0,0,2,0,1,0,0,0,0,6,6,5,7,7,7,7,2,7,2,1,3,1,1,1,0
1783,3,2022,0,31,0,0,2,0,1,0,0,0,0,5,5,2,6,5,2,5,6,5,5,5,5,1,2,5,0
1784,3,2022,0,30,0,0,2,0,1,0,0,0,0,1,1,1,1,5,1,1,1,1,1,1,5,1,1,1,0
1785,3,2022,1,65,0,0,1,0,0,0,0,1,0,4,4,4,4,4,4,4,4,3,4,3,4,4,3,1,1
1786,3,2022,0,66,0,1,1,0,0,1,0,0,0,4,6,7,6,6,2,2,5,4,5,3,5,3,5,4,0
1787,3,2022,0,46,1,0,0,1,1,0,0,0,0,2,5,5,5,4,4,5,4,4,4,2,6,1,1,1,1
1788,3,2022,1,68,1,1,4,0,0,0,0,1,0,6,6,5,5,7,5,4,1,6,1,1,1,1,1,1,0
1789,3,2022,1,60,1,1,5,0,1,0,0,0,0,4,4,4,3,4,4,4,4,4,3,3,4,4,3,3,1
1790,3,2022,1,45,1,1,4,0,1,0,0,0,0,5,5,5,6,4,2,7,4,6,4,1,4,4,1,2,1
1791,3,2022,0,43,1,1,3,0,1,0,0,0,0,4,4,5,7,5,5,7,5,5,4,1,4,4,3,3,0
1792,3,2022,1,50,0,0,0,1,1,0,0,0,0,5,3,3,4,5,4,6,5,4,4,4,5,4,3,5,1
1793,3,2022,0,54,1,1,2,0,1,0,0,0,0,7,2,3,5,5,1,7,3,4,1,1,1,4,1,1,1
1794,3,2022,1,60,1,1,2,0,0,0,0,1,0,4,5,5,5,5,1,5,3,4,4,2,4,3,2,2,0
1795,3,2022,1,47,1,1,5,0,1,0,0,0,0,5,5,5,6,3,2,7,5,4,4,1,4,4,1,1,0
1796,3,2022,1,31,0,0,5,0,1,0,0,0,0,6,3,5,5,6,1,6,4,6,5,1,3,3,1,2,1
1797,3,2022,1,39,0,0,3,0,1,0,0,0,0,4,5,5,4,5,5,5,5,4,5,5,6,5,4,4,1
1798,3,2022,0,68,0,0,1,0,0,0,0,1,0,3,4,4,4,4,4,5,4,4,4,4,5,4,4,4,1
1799,3,2022,0,51,0,0,1,0,0,0,0,1,0,6,3,6,6,6,1,7,2,4,2,2,1,1,1,1,1
1800,3,2022,1,63,1,1,1,0,0,0,0,1,0,4,4,4,4,4,4,4,4,4,4,4,4,4,4,4,1
1801,3,2022,0,63,1,0,4,0,1,0,0,0,0,5,5,6,5,5,3,6,3,5,5,4,3,3,3,3,0
1802,3,2022,1,40,0,0,3,0,1,0,0,0,0,7,1,4,7,2,1,7,7,1,1,1,1,1,1,1,1
1803,3,2022,1,61,1,1,5,0,1,0,0,0,0,2,2,2,5,3,2,7,1,5,2,1,4,1,2,2,0
1804,3,2022,1,58,1,1,5,0,1,0,0,0,0,4,5,4,5,3,3,6,3,3,5,3,3,3,5,3,1
1805,3,2022,0,45,1,1,1,0,0,1,0,0,0,4,4,4,7,4,4,7,7,7,7,1,7,7,1,7,1
1806,3,2022,0,62,1,1,2,0,0,1,0,0,0,4,4,5,3,1,2,6,4,4,4,3,4,2,2,2,1
1807,3,2022,1,52,1,1,5,0,1,0,0,0,0,2,6,5,5,4,4,6,4,5,5,4,5,4,4,5,1
1808,3,2022,1,56,1,1,3,0,1,0,0,0,0,3,1,5,2,5,5,7,5,4,4,2,3,4,2,2,1
1809,3,2022,1,59,0,0,3,0,1,0,0,0,0,2,2,2,3,2,4,3,3,3,3,2,3,3,3,4,0
1810,3,2022,0,49,1,1,5,0,0,1,0,0,0,4,4,4,6,4,4,6,3,6,3,2,1,2,2,2,0
1811,3,2022,0,69,1,0,0,1,0,1,0,0,0,6,5,6,3,3,3,6,4,3,5,5,4,4,4,4,1
1812,3,2022,0,53,0,1,2,0,1,0,0,0,0,2,2,2,6,3,2,7,4,4,3,2,5,4,5,3,1
1813,3,2022,0,49,0,0,4,0,1,0,0,0,0,3,2,2,2,2,2,2,2,1,3,1,1,2,2,1,1
1814,3,2022,1,49,0,0,2,0,1,0,0,0,0,1,1,1,1,1,1,1,1,1,1,1,1,1,1,1,1
1815,3,2022,1,45,1,1,5,0,1,0,0,0,0,1,2,2,3,2,3,3,2,2,1,1,1,3,2,1,0
1816,3,2022,1,49,0,0,2,0,1,0,0,0,0,4,1,2,7,1,1,4,7,1,4,1,4,4,1,1,1
1817,3,2022,0,73,0,1,2,0,0,0,0,1,0,4,1,6,1,5,1,1,1,7,1,1,1,1,1,1,1
1818,3,2022,1,54,0,0,1,0,0,0,0,1,0,3,1,2,3,2,1,7,1,4,5,1,4,1,6,1,1
1819,3,2022,0,66,1,1,2,0,0,1,0,0,0,4,4,4,6,3,1,4,1,4,1,1,3,1,1,1,1
1820,3,2022,1,53,1,1,2,0,1,0,0,0,0,1,1,1,1,1,1,1,1,1,2,1,1,1,2,2,1
1821,3,2022,1,57,1,1,5,0,1,0,0,0,0,4,5,5,7,4,3,5,1,5,1,1,1,1,1,1,0
1822,3,2022,1,33,1,1,3,0,1,0,0,0,0,6,4,3,6,3,6,6,1,4,1,1,2,1,1,1,0
1823,3,2022,0,68,1,1,2,0,0,1,0,0,0,1,5,5,3,2,7,7,3,4,4,2,3,3,1,1,1
1824,3,2022,1,51,1,0,2,0,1,0,0,0,0,4,4,4,4,4,4,4,4,4,4,4,4,4,4,4,1
1825,3,2022,1,74,0,0,5,0,1,0,0,0,0,5,5,5,6,6,6,7,1,5,5,2,1,1,2,2,0
1826,3,2022,1,51,0,1,2,0,1,0,0,0,0,1,1,1,1,2,3,7,6,1,4,4,7,1,3,7,0
1827,3,2022,1,55,0,0,2,0,1,0,0,0,0,5,5,5,5,4,3,5,3,5,4,4,5,4,4,4,1
1828,3,2022,0,64,1,1,2,0,0,1,0,0,0,6,4,5,5,2,2,5,1,4,4,1,1,1,1,1,1
1829,3,2022,0,41,0,0,3,0,1,0,0,0,0,4,5,6,7,6,2,6,2,4,4,2,4,2,2,2,1
1830,3,2022,1,68,0,1,5,0,0,0,0,1,0,2,5,5,5,5,1,7,5,4,6,4,6,5,6,4,1
1831,3,2022,1,49,0,0,1,0,1,0,0,0,0,4,4,4,4,4,3,4,4,4,4,3,4,4,3,4,1
1832,3,2022,1,72,1,1,3,0,1,0,0,0,0,4,4,4,3,4,4,4,4,4,4,4,4,4,4,4,1
1833,3,2022,1,54,0,0,0,1,0,0,0,1,0,4,5,5,5,5,1,7,5,1,1,1,7,4,1,1,1
1834,3,2022,0,26,1,1,3,0,0,1,0,0,0,3,3,3,3,3,3,3,3,3,3,3,3,3,3,3,1
1835,3,2022,1,50,1,1,4,0,1,0,0,0,0,4,4,4,4,4,4,4,4,4,4,4,4,4,4,4,0
1836,3,2022,0,37,0,0,5,0,1,0,0,0,0,6,5,5,5,3,3,6,1,4,1,1,1,1,1,1,1
1837,3,2022,1,58,1,1,5,0,1,0,0,0,0,5,5,4,6,5,4,6,1,6,1,1,1,1,1,1,0
1838,3,2022,1,51,1,1,5,0,1,0,0,0,0,2,2,2,6,4,1,6,1,4,2,1,2,1,1,1,1
1839,3,2022,1,49,1,1,5,0,1,0,0,0,0,5,5,5,5,4,3,5,3,4,3,1,2,3,2,4,1
1840,3,2022,0,50,0,0,1,0,1,0,0,0,0,2,2,3,2,3,2,2,2,3,1,2,1,3,1,2,1
1841,3,2022,0,36,1,1,0,1,0,1,0,0,0,1,5,4,6,5,4,6,5,3,4,2,5,3,4,4,0
1842,3,2022,1,38,0,0,2,0,0,0,0,1,0,2,3,4,5,1,1,5,3,2,3,2,4,3,2,1,1
1843,3,2022,1,24,0,0,0,1,1,0,0,0,0,4,4,4,4,4,4,4,4,4,4,4,4,4,4,4,0
1844,3,2022,0,38,0,0,0,1,1,0,0,0,0,4,4,4,4,4,4,4,4,4,4,4,4,4,4,4,0
1845,3,2022,0,31,1,1,4,0,1,0,0,0,0,5,5,6,3,5,7,7,4,4,5,2,1,1,1,1,0
1846,3,2022,0,46,1,0,4,0,1,0,0,0,0,5,1,3,3,1,1,5,3,3,5,3,3,3,3,3,1
1847,3,2022,0,28,0,0,3,0,1,0,0,0,0,5,5,6,5,6,5,5,6,6,5,5,3,5,5,5,1
1848,3,2022,1,60,0,1,4,0,0,0,0,0,1,4,4,4,4,4,4,4,4,4,4,4,4,4,4,4,0
1849,3,2022,0,52,0,0,0,1,1,0,0,0,0,6,5,6,7,5,1,6,1,6,5,1,1,1,1,5,0
1850,3,2022,0,45,1,1,4,0,0,1,0,0,0,1,1,1,6,1,4,5,1,5,5,1,4,1,1,1,0
1851,3,2022,0,61,1,1,2,0,0,1,0,0,0,5,5,6,6,5,5,6,2,5,2,3,4,2,2,2,0
1852,3,2022,1,69,1,1,2,0,0,0,0,1,0,4,6,5,6,1,2,6,1,5,1,1,1,1,1,1,1
1853,3,2022,0,45,1,1,2,0,0,1,0,0,0,5,5,5,5,5,4,5,4,5,4,4,4,1,4,4,1
1854,3,2022,0,65,1,1,0,1,0,1,0,0,0,6,7,6,6,6,6,6,3,6,3,3,3,3,3,3,1
1855,3,2022,0,42,0,1,4,0,1,0,0,0,0,4,3,6,6,6,5,6,1,6,1,1,1,1,1,1,0
1856,3,2022,0,82,0,1,0,1,0,1,0,0,0,6,6,6,4,7,5,7,4,6,5,4,5,3,3,4,0
1857,3,2022,0,40,1,1,3,0,0,1,0,0,0,7,7,7,7,7,1,7,1,7,5,1,1,1,1,1,0
1858,3,2022,1,58,1,1,5,0,1,0,0,0,0,6,4,5,3,5,4,5,3,5,3,3,3,3,2,3,0
1859,3,2022,0,44,0,0,0,1,1,0,0,0,0,5,5,5,5,5,3,5,5,5,5,5,5,5,5,5,1
1860,3,2022,1,35,0,0,3,0,1,0,0,0,0,6,5,6,6,5,6,7,3,5,1,1,3,2,1,2,1
1861,3,2022,1,37,1,1,3,0,1,0,0,0,0,5,5,5,5,5,5,5,5,5,5,6,5,5,5,4,0
1862,3,2022,1,50,1,1,2,0,1,0,0,0,0,4,2,3,4,5,6,2,3,5,2,2,5,4,4,2,1
1863,3,2022,0,50,1,0,4,0,1,0,0,0,0,5,5,5,5,5,5,5,5,5,5,5,4,4,4,5,1
1864,3,2022,1,39,0,0,2,0,1,0,0,0,0,1,1,1,1,1,1,1,1,1,1,1,1,1,1,1,0
1865,3,2022,0,41,0,0,0,1,1,0,0,0,0,4,4,4,4,4,4,4,4,4,4,4,4,4,2,3,1
1866,3,2022,1,50,0,1,1,0,0,0,0,1,0,1,1,1,1,3,1,7,5,4,4,5,5,1,2,1,1
1867,3,2022,1,74,1,1,2,0,0,0,0,1,0,4,6,6,4,4,1,6,4,5,4,4,5,4,4,4,1
1868,3,2022,1,70,1,1,5,0,0,0,0,1,0,7,7,5,7,5,3,7,1,7,1,1,1,1,1,1,0
1869,3,2022,1,67,0,0,1,0,0,0,0,1,0,4,4,5,4,4,4,4,4,4,4,4,4,4,4,4,1
1870,3,2022,0,47,0,0,3,0,1,0,0,0,0,4,4,4,4,4,4,4,6,4,4,4,4,4,4,4,1
1871,3,2022,1,72,0,0,2,0,0,0,0,1,0,4,4,5,7,1,4,7,1,7,1,1,2,4,1,1,1
1872,3,2022,0,71,1,1,0,1,1,0,0,0,0,1,1,1,2,1,3,2,1,2,1,1,2,2,1,1,1
1873,3,2022,0,49,1,0,0,1,1,0,0,0,0,3,4,5,5,3,3,5,4,5,4,2,5,2,2,5,1
1874,3,2022,1,46,0,0,4,0,1,0,0,0,0,2,1,2,4,2,1,1,4,2,4,4,4,4,4,4,1
1875,3,2022,0,53,1,1,5,0,0,1,0,0,0,2,2,1,1,2,1,1,2,1,2,2,1,1,1,1,1
1876,3,2022,0,68,1,1,3,0,1,0,0,0,0,3,2,4,6,5,5,4,2,4,2,2,4,4,2,2,0
1877,3,2022,1,49,0,0,2,0,0,0,0,1,0,6,1,4,5,6,1,6,6,2,4,1,4,5,1,1,0
1878,3,2022,0,43,1,1,0,1,0,1,0,0,0,1,1,5,6,4,1,7,7,2,7,3,4,1,2,4,1
1879,3,2022,1,51,1,0,4,0,1,0,0,0,0,5,3,5,5,4,5,5,5,5,4,5,5,4,5,5,1
1880,3,2022,0,34,0,0,2,0,1,0,0,0,0,4,2,1,5,5,1,6,1,4,1,1,4,1,1,1,1
1881,3,2022,0,51,1,1,5,0,0,1,0,0,0,1,1,5,7,7,7,7,4,5,4,4,1,1,1,1,0
1882,3,2022,1,52,1,1,5,0,1,0,0,0,0,4,3,3,2,5,4,5,5,4,4,4,3,4,4,4,0
1883,3,2022,1,46,1,1,5,0,1,0,0,0,0,5,5,5,6,2,1,6,3,4,4,2,2,1,3,3,1
1884,3,2022,1,44,1,1,3,0,1,0,0,0,0,4,3,3,4,5,3,3,4,3,3,4,4,4,3,4,1
1885,3,2022,1,55,1,1,5,0,1,0,0,0,0,1,2,1,1,1,2,1,1,1,1,1,2,1,1,1,0
1886,3,2022,0,74,1,1,4,0,1,0,0,0,0,4,7,5,6,3,5,7,1,6,1,1,2,1,1,1,0
1887,3,2022,0,64,1,1,0,1,0,1,0,0,0,4,4,5,5,6,3,7,4,5,5,4,4,4,4,4,0
1888,3,2022,0,46,1,1,5,0,1,0,0,0,0,3,2,2,2,2,3,2,1,2,1,3,2,2,2,2,1
1889,3,2022,1,46,1,1,4,0,1,0,0,0,0,1,1,1,1,1,1,1,1,1,1,1,1,1,1,1,0
1890,3,2022,1,38,1,1,4,0,1,0,0,0,0,4,1,5,4,4,4,4,4,4,4,4,4,4,4,4,1
1891,3,2022,0,46,1,1,1,0,1,0,0,0,0,1,1,4,7,1,1,7,4,3,4,4,5,5,4,4,0
1892,3,2022,1,45,1,0,4,0,1,0,0,0,0,4,6,6,4,4,4,7,4,4,5,3,5,4,3,3,1
1893,3,2022,1,71,0,0,2,0,0,0,0,1,0,5,5,3,6,5,1,7,1,4,5,1,4,1,1,1,1
1894,3,2022,1,38,1,0,3,0,1,0,0,0,0,5,3,5,6,3,6,5,5,4,3,3,2,2,3,2,0
1895,3,2022,0,39,1,1,0,1,1,0,0,0,0,5,3,5,6,5,3,5,5,5,4,2,6,5,2,3,1
1896,3,2022,0,59,0,1,0,1,1,0,0,0,0,3,3,4,4,1,1,4,1,4,1,1,7,1,3,1,1
1897,3,2022,1,42,0,0,5,0,1,0,0,0,0,5,2,6,6,5,1,2,1,2,2,1,1,2,1,1,1
1898,3,2022,1,56,1,1,4,0,1,0,0,0,0,4,4,4,4,4,4,4,4,4,4,4,3,4,4,4,1
1899,3,2022,1,59,0,1,0,1,1,0,0,0,0,4,4,3,4,4,4,4,4,4,4,4,3,4,4,4,1
1900,3,2022,1,46,0,0,2,0,1,0,0,0,0,7,7,1,5,7,1,2,7,4,7,1,4,4,1,5,1
1901,3,2022,1,58,1,1,4,0,1,0,0,0,0,4,5,5,6,4,4,6,4,5,4,4,4,4,4,4,1
1902,3,2022,0,34,1,0,3,0,1,0,0,0,0,2,1,4,5,5,1,5,2,3,1,1,5,1,1,1,1
1903,3,2022,1,67,1,1,5,0,1,0,0,0,0,5,6,4,7,5,1,7,1,6,1,1,1,1,1,1,1
1904,3,2022,0,36,1,1,5,0,1,0,0,0,0,7,1,1,1,1,1,1,1,1,1,1,1,1,1,1,1
1905,3,2022,1,41,1,1,5,0,1,0,0,0,0,5,5,5,4,5,5,5,4,4,4,3,4,4,4,4,1
1906,3,2022,0,65,1,1,0,1,0,1,0,0,0,4,1,6,4,6,4,7,4,4,4,4,5,4,4,4,0
1907,3,2022,1,59,1,1,4,0,1,0,0,0,0,1,1,1,1,1,2,1,3,1,4,3,3,4,4,3,0
1908,3,2022,0,23,0,0,0,1,0,0,1,0,0,5,5,3,2,4,2,4,4,4,4,4,5,4,4,4,1
1909,3,2022,0,47,1,1,5,0,1,0,0,0,0,1,1,1,2,1,1,4,3,3,2,2,4,4,2,2,1
1910,3,2022,1,55,1,1,0,1,1,0,0,0,0,1,1,1,1,1,1,1,4,4,4,4,4,4,4,4,0
1911,3,2022,0,45,1,1,0,1,0,1,0,0,0,4,5,6,6,5,4,6,5,6,5,3,4,4,4,4,1
1912,3,2022,1,48,1,1,5,0,1,0,0,0,0,4,5,5,4,4,4,6,4,4,4,4,4,5,4,4,0
1913,3,2022,0,37,1,1,0,1,1,0,0,0,0,1,2,5,5,5,2,7,3,4,4,4,5,2,4,5,0
1914,3,2022,0,69,1,1,4,0,0,1,0,0,0,6,6,6,6,6,1,6,1,5,1,1,1,1,1,1,0
1915,3,2022,1,63,0,0,1,0,0,0,0,1,0,5,4,4,6,4,4,6,2,4,2,2,4,4,4,4,1
1916,3,2022,1,57,0,0,4,0,1,0,0,0,0,1,1,1,1,1,2,1,1,1,1,2,1,1,1,1,1
1917,3,2022,0,51,0,0,2,0,1,0,0,0,0,4,6,5,5,4,1,7,3,4,4,1,2,2,2,1,1
1918,3,2022,0,37,0,0,2,0,1,0,0,0,0,6,5,7,6,7,5,7,5,1,4,4,5,1,1,5,0
1919,3,2022,1,57,1,1,3,0,1,0,0,0,0,3,4,4,6,3,3,4,4,5,3,4,7,6,4,7,0
1920,3,2022,1,36,1,1,5,0,1,0,0,0,0,1,1,5,4,4,1,7,4,6,4,1,1,1,3,4,1
1921,3,2022,1,62,1,1,5,0,1,0,0,0,0,5,5,5,7,4,2,7,2,7,3,2,5,2,2,1,0
1922,3,2022,1,43,0,0,2,0,1,0,0,0,0,7,7,7,7,7,6,7,1,7,1,1,1,1,1,1,0
1923,3,2022,1,44,1,1,5,0,1,0,0,0,0,4,4,4,4,4,4,4,4,4,4,4,4,4,4,4,1
1924,3,2022,0,49,1,0,5,0,1,0,0,0,0,6,7,6,7,6,6,6,4,7,5,2,5,7,5,6,1
1925,3,2022,0,50,0,0,3,0,0,0,0,1,0,2,7,2,2,1,1,7,5,3,4,3,4,4,3,1,0
1926,3,2022,0,45,1,0,5,0,0,1,0,0,0,1,1,1,4,1,6,5,5,1,5,1,1,1,1,1,1
1927,3,2022,1,28,0,0,0,1,1,0,0,0,0,6,4,4,4,4,4,4,4,4,4,4,4,4,4,4,0
1928,3,2022,1,51,0,0,2,0,1,0,0,0,0,5,7,1,1,1,2,7,2,4,3,1,7,1,1,1,1
1929,3,2022,1,59,0,1,0,1,1,0,0,0,0,4,4,4,4,6,4,4,4,4,5,4,5,4,4,4,1
1930,3,2022,1,61,1,1,0,1,1,0,0,0,0,4,4,5,4,4,5,4,4,4,4,4,4,4,3,5,0
1931,3,2022,1,57,1,1,5,0,1,0,0,0,0,5,6,6,6,6,4,7,2,6,2,2,2,2,2,2,0
1932,3,2022,1,37,1,0,4,0,1,0,0,0,0,4,6,4,4,4,4,3,4,5,4,4,4,4,4,4,1
1933,3,2022,1,62,0,0,3,0,1,0,0,0,0,7,7,6,6,5,4,6,5,6,5,1,5,4,5,5,1
1934,3,2022,0,58,1,1,2,0,0,1,0,0,0,1,5,5,7,6,7,7,5,6,4,1,1,5,1,1,1
1935,3,2022,1,47,1,1,5,0,1,0,0,0,0,5,4,3,2,5,4,4,5,5,6,4,6,4,5,3,0
1936,3,2022,0,39,0,0,2,0,0,0,0,1,0,5,5,5,7,1,1,6,6,4,2,4,4,4,2,4,1
1937,3,2022,0,51,1,1,4,0,0,1,0,0,0,4,5,5,3,5,5,7,1,4,1,1,1,1,1,1,1
1938,3,2022,0,39,0,0,2,0,0,0,0,0,1,7,1,5,2,7,7,7,1,6,2,2,6,1,1,1,0
1939,3,2022,1,32,0,0,2,0,1,0,0,0,0,2,5,5,5,2,2,4,6,5,2,2,3,2,2,5,1
1940,3,2022,0,35,0,0,3,0,1,0,0,0,0,5,5,4,3,6,1,7,2,4,5,3,4,1,1,2,1
1941,3,2022,1,43,1,1,3,0,1,0,0,0,0,4,4,4,5,4,4,4,4,4,4,4,4,4,4,4,1
1942,3,2022,0,46,1,0,3,0,0,1,0,0,0,4,5,1,1,7,3,7,1,5,1,1,4,1,1,1,0
1943,3,2022,0,39,0,0,0,1,0,0,0,1,0,3,4,4,3,7,1,6,4,4,4,2,4,1,2,1,0
1944,3,2022,1,47,1,1,3,0,1,0,0,0,0,4,4,2,6,3,3,6,4,4,4,4,3,2,3,2,1
1945,3,2022,0,53,1,0,0,1,0,1,0,0,0,4,4,5,3,5,1,5,5,4,1,2,4,1,3,2,1
1946,3,2022,1,56,1,1,2,0,0,0,0,1,0,6,7,7,6,6,1,6,1,6,1,1,1,1,1,4,1
1947,3,2022,1,55,1,1,0,1,1,0,0,0,0,1,1,2,6,6,3,7,2,7,6,1,7,1,6,1,0
1948,3,2022,1,74,1,1,2,0,0,0,0,1,0,5,5,6,6,4,4,7,1,6,4,1,1,1,1,1,0
1949,3,2022,1,55,1,1,1,0,1,0,0,0,0,1,1,1,5,4,1,5,1,4,1,1,5,1,1,6,0
1950,3,2022,1,44,1,1,3,0,1,0,0,0,0,5,1,7,4,5,1,1,4,4,4,4,4,4,4,4,1
1951,3,2022,1,68,1,0,0,1,1,0,0,0,0,3,1,7,6,6,3,7,1,6,2,1,2,1,2,1,1
1952,3,2022,1,57,1,1,5,0,1,0,0,0,0,4,6,5,5,5,2,4,1,4,1,1,2,1,1,1,0
1953,3,2022,1,61,0,0,1,0,1,0,0,0,0,3,5,4,5,2,1,6,5,4,6,3,3,3,3,2,1
1954,3,2022,1,37,0,0,0,1,0,0,0,0,1,6,5,5,5,7,6,7,4,5,5,3,1,4,1,1,0
1955,3,2022,0,43,1,1,0,1,1,0,0,0,0,3,3,5,4,3,3,6,4,4,3,4,4,4,3,3,0
1956,3,2022,0,29,0,0,2,0,1,0,0,0,0,4,4,4,5,4,4,4,4,5,4,4,5,4,4,4,1
1957,3,2022,1,38,1,1,0,1,1,0,0,0,0,1,1,4,7,4,1,7,1,4,4,2,6,4,1,1,0
1958,3,2022,1,50,1,1,1,0,1,0,0,0,0,1,2,1,4,1,1,5,5,4,4,4,3,4,4,5,1
1959,3,2022,1,44,1,1,0,1,1,0,0,0,0,5,5,1,5,6,1,6,1,4,1,1,5,1,1,1,0
1960,3,2022,1,55,1,1,0,1,1,0,0,0,0,3,4,4,4,4,4,4,4,4,4,4,4,4,4,4,1
1961,3,2022,0,54,1,1,5,0,1,0,0,0,0,6,7,5,4,6,7,6,1,7,1,1,2,1,1,1,0
1962,3,2022,0,43,1,1,5,0,1,0,0,0,0,4,5,5,7,7,1,6,2,5,5,1,2,1,1,1,0
1963,3,2022,1,49,0,0,4,0,1,0,0,0,0,4,2,5,5,5,1,5,1,5,1,1,1,2,1,1,1
1964,3,2022,1,72,1,0,3,0,1,0,0,0,0,7,7,6,7,4,4,7,3,7,6,2,6,1,2,7,1
1965,3,2022,0,29,1,0,0,1,1,0,0,0,0,1,1,4,7,5,1,7,1,1,4,1,4,1,1,1,1
1966,3,2022,1,33,1,1,4,0,1,0,0,0,0,4,4,4,4,4,4,4,4,4,4,4,4,4,4,4,1
1967,3,2022,0,44,1,0,0,1,1,0,0,0,0,5,5,4,5,5,4,4,4,4,4,4,4,4,4,4,0
1968,3,2022,1,49,1,1,4,0,1,0,0,0,0,2,2,2,2,1,3,2,1,1,3,1,2,1,2,1,0
1969,3,2022,0,43,1,0,3,0,1,0,0,0,0,6,5,5,3,2,5,6,5,5,3,1,4,4,1,4,1
1970,3,2022,0,57,1,1,2,0,1,0,0,0,0,6,1,5,4,2,1,7,5,4,1,1,3,1,1,5,1
1971,3,2022,0,38,0,0,2,0,1,0,0,0,0,7,7,7,7,1,1,7,1,7,1,1,1,1,1,1,0
1972,3,2022,1,47,1,1,0,1,1,0,0,0,0,1,1,1,2,1,1,1,1,1,1,1,1,1,1,1,1
1973,3,2022,1,58,0,0,4,0,1,0,0,0,0,4,4,4,4,4,4,4,4,4,4,4,4,4,4,4,0
1974,3,2022,1,59,1,1,5,0,1,0,0,0,0,1,1,1,1,1,1,1,1,1,1,1,1,1,1,6,1
1975,3,2022,0,22,0,0,5,0,1,0,0,0,0,5,6,5,5,7,7,6,5,5,6,4,2,4,5,5,0
1976,3,2022,1,56,0,0,0,1,1,0,0,0,0,1,1,1,1,1,1,1,1,1,1,1,1,1,1,1,1
1977,3,2022,1,47,1,1,3,0,1,0,0,0,0,6,6,7,4,5,4,4,5,5,5,4,5,5,5,4,1
1978,3,2022,1,44,1,1,5,0,1,0,0,0,0,2,5,5,6,5,3,6,3,5,3,3,3,3,3,5,1
1979,3,2022,1,48,0,0,4,0,1,0,0,0,0,4,5,4,3,4,5,6,4,4,4,4,5,4,3,1,1
1980,3,2022,0,44,1,1,3,0,0,1,0,0,0,4,4,6,6,5,6,6,5,5,5,4,4,3,4,4,1
1981,3,2022,1,59,1,1,0,1,1,0,0,0,0,7,1,1,7,7,1,7,1,7,1,1,1,1,1,1,1
1982,3,2022,1,50,0,0,5,0,1,0,0,0,0,5,5,5,4,5,1,5,4,4,5,4,4,4,3,4,0
1983,3,2022,0,30,1,1,3,0,1,0,0,0,0,4,4,4,4,4,4,4,4,4,3,4,3,4,4,4,0
1984,3,2022,1,73,1,1,0,1,1,0,0,0,0,6,6,6,3,5,5,6,5,5,4,4,4,3,4,4,0
1985,3,2022,1,41,1,1,5,0,1,0,0,0,0,3,7,3,7,7,7,7,1,7,1,1,1,1,1,1,0
1986,3,2022,0,45,0,0,2,0,1,0,0,0,0,2,1,4,2,2,1,5,5,2,5,1,5,3,1,3,1
1987,3,2022,1,32,0,0,1,0,1,0,0,0,0,3,5,4,5,2,1,4,1,4,1,1,2,1,1,1,1
1988,3,2022,0,31,1,0,5,0,1,0,0,0,0,5,6,7,5,5,5,4,5,4,1,1,6,4,1,6,0
1989,3,2022,1,49,1,1,5,0,1,0,0,0,0,5,5,5,6,5,1,6,4,5,4,3,4,4,1,2,0
1990,3,2022,0,29,1,0,4,0,1,0,0,0,0,1,4,4,4,5,3,4,4,5,4,4,4,4,4,4,1
1991,3,2022,0,23,1,1,0,1,0,1,0,0,0,5,5,6,4,5,5,5,4,4,4,4,4,4,4,4,0
1992,3,2022,0,33,0,0,2,0,1,0,0,0,0,4,4,4,5,1,1,6,2,4,1,1,2,4,1,1,1
1993,3,2022,1,50,1,1,3,0,1,0,0,0,0,5,5,5,4,4,6,6,4,4,4,4,4,4,4,4,0
1994,3,2022,0,40,0,0,0,1,1,0,0,0,0,5,5,5,6,4,5,7,6,6,6,6,7,6,6,6,1
1995,3,2022,0,31,1,1,0,1,0,1,0,0,0,5,6,6,6,6,5,6,1,6,1,1,3,1,1,1,0
1996,3,2022,1,73,1,1,0,1,0,0,0,1,0,7,7,7,7,7,2,7,1,7,1,1,1,1,1,1,0
1997,3,2022,0,37,1,1,3,0,1,0,0,0,0,2,4,4,5,4,1,5,5,4,5,4,3,4,4,4,1
1998,3,2022,1,53,0,0,3,0,1,0,0,0,0,4,4,4,5,3,3,6,5,4,4,3,4,4,4,4,1
1999,3,2022,1,57,1,1,5,0,1,0,0,0,0,7,7,6,7,7,1,7,1,6,5,1,5,1,1,1,0
2000,3,2022,1,74,1,1,1,0,0,0,0,1,0,2,2,4,5,6,1,7,2,6,6,2,4,1,1,1,1
2001,3,2022,0,32,1,1,2,0,0,1,0,0,0,1,1,4,7,1,1,7,4,4,4,4,4,1,4,1,0
2002,3,2022,1,32,1,0,5,0,1,0,0,0,0,4,5,4,4,4,5,4,3,4,4,4,4,4,4,5,1
2003,3,2022,0,57,0,0,0,1,0,0,0,1,0,1,1,4,5,5,1,5,2,6,1,1,4,1,1,1,0
2004,3,2022,1,45,0,0,0,1,1,0,0,0,0,4,5,4,4,5,3,5,5,5,4,4,5,4,4,5,0
2005,3,2022,1,36,0,0,3,0,1,0,0,0,0,5,5,2,1,3,2,5,2,6,2,1,1,1,1,1,1
2006,3,2022,0,64,1,1,4,0,1,0,0,0,0,5,5,5,7,5,5,6,2,6,2,1,5,1,2,2,0
2007,3,2022,0,55,0,0,3,0,1,0,0,0,0,6,1,1,2,5,1,7,5,5,6,1,5,5,5,5,1
2008,3,2022,0,41,1,1,3,0,1,0,0,0,0,7,7,7,7,7,7,7,7,7,7,7,7,7,7,7,0
2009,3,2022,1,63,1,1,3,0,1,0,0,0,0,3,5,5,5,3,3,6,3,5,4,2,3,3,2,2,0
2010,3,2022,1,55,1,1,0,1,1,0,0,0,0,5,5,4,4,5,4,5,4,4,4,4,4,4,4,4,0
2011,3,2022,1,37,0,0,5,0,1,0,0,0,0,2,1,1,2,2,2,1,2,2,3,2,2,2,3,2,0
2012,3,2022,0,53,1,1,5,0,0,1,0,0,0,5,5,5,5,5,2,6,2,5,4,2,3,2,2,4,0
2013,3,2022,1,53,0,0,2,0,1,0,0,0,0,3,2,5,5,1,1,6,4,5,4,2,5,3,2,1,1
2014,3,2022,0,61,0,1,0,1,1,0,0,0,0,3,6,5,5,3,1,7,1,5,2,1,4,1,1,2,1
2015,3,2022,1,68,0,0,0,1,0,0,0,1,0,5,4,4,5,4,3,5,4,5,4,4,4,4,4,4,0
2016,3,2022,0,31,1,0,5,0,1,0,0,0,0,5,5,5,4,5,4,6,3,5,3,1,4,3,1,1,0
2017,3,2022,1,59,1,1,4,0,0,0,0,1,0,5,7,1,4,5,1,4,1,2,5,2,5,2,1,1,1
2018,3,2022,1,60,0,0,0,1,0,0,0,1,0,5,7,6,6,5,5,6,6,6,6,6,6,6,6,6,0
2019,3,2022,0,30,1,1,4,0,1,0,0,0,0,5,5,5,5,5,5,3,2,3,1,1,5,2,1,1,0
2020,3,2022,1,45,1,1,2,0,1,0,0,0,0,4,3,4,4,4,4,4,4,4,4,4,4,4,4,4,1
2021,3,2022,0,62,0,1,0,1,1,0,0,0,0,6,4,5,7,6,1,6,1,6,1,1,4,1,1,1,0
2022,3,2022,1,61,1,1,4,0,1,0,0,0,0,4,4,4,3,4,4,3,3,3,3,3,3,3,3,3,0
2023,3,2022,0,42,0,0,3,0,1,0,0,0,0,4,2,3,4,3,3,2,3,2,3,2,1,3,3,2,1
2024,3,2022,0,36,1,1,4,0,0,1,0,0,0,1,1,4,5,4,3,7,5,3,4,2,3,1,1,1,1
2025,3,2022,0,51,1,1,5,0,1,0,0,0,0,2,5,5,6,5,2,5,2,6,5,2,2,3,2,2,0
2026,3,2022,0,50,1,1,5,0,0,1,0,0,0,7,7,7,7,1,1,7,1,1,7,1,2,5,1,1,1
2027,3,2022,0,38,0,1,5,0,1,0,0,0,0,4,5,2,4,6,1,7,7,6,1,1,4,1,1,5,1
2028,3,2022,1,50,1,1,3,0,1,0,0,0,0,5,7,6,6,5,5,6,3,6,3,3,5,3,3,3,1
2029,3,2022,0,41,1,0,0,1,1,0,0,0,0,4,4,4,4,4,4,4,4,4,4,4,4,4,4,4,1
2030,3,2022,1,37,0,0,0,1,1,0,0,0,0,4,4,4,7,4,5,5,6,7,6,6,6,6,6,6,1
2031,3,2022,1,47,1,1,4,0,1,0,0,0,0,6,4,4,6,6,6,6,6,6,4,1,7,3,1,5,1
2032,3,2022,1,44,1,1,2,0,1,0,0,0,0,5,5,5,3,4,4,4,3,2,3,3,3,3,3,3,1
2033,3,2022,0,27,0,0,0,1,1,0,0,0,0,4,4,4,4,4,4,7,4,4,4,4,4,4,4,4,1
2034,3,2022,1,38,0,0,2,0,1,0,0,0,0,5,1,1,1,4,4,7,2,1,4,2,4,5,1,1,1
2035,3,2022,0,47,1,1,0,1,0,1,0,0,0,1,1,1,6,1,1,7,6,4,6,2,5,4,3,5,1
2036,3,2022,1,32,0,0,3,0,1,0,0,0,0,5,4,3,4,5,4,7,5,4,5,5,4,3,5,4,0
2037,3,2022,0,73,1,1,0,1,0,0,0,1,0,4,6,6,4,4,4,4,4,4,4,4,4,4,4,4,1
2038,3,2022,0,31,0,1,3,0,1,0,0,0,0,5,5,6,3,5,5,6,2,3,2,3,2,3,3,2,0
2039,3,2022,1,56,1,0,3,0,1,0,0,0,0,1,2,2,1,2,1,2,1,1,2,3,2,2,2,2,1
2040,3,2022,1,59,1,1,5,0,1,0,0,0,0,4,5,4,5,5,3,4,5,3,4,4,5,4,3,3,0
2041,3,2022,0,47,1,1,4,0,0,1,0,0,0,1,1,5,5,7,5,7,5,4,6,2,1,1,5,2,0
2042,3,2022,0,35,1,1,3,0,0,1,0,0,0,2,2,2,5,1,2,2,3,2,3,3,6,2,3,3,1
2043,3,2022,1,62,0,1,2,0,1,0,0,0,0,1,1,1,7,1,1,6,1,4,1,1,5,4,1,1,1
2044,3,2022,0,62,1,1,0,1,1,0,0,0,0,4,4,5,4,5,4,4,4,4,4,4,4,4,4,4,0
2045,3,2022,1,66,1,0,5,0,1,0,0,0,0,5,3,5,6,3,2,6,1,6,1,1,1,1,1,1,0
2046,3,2022,1,46,0,0,5,0,0,0,0,1,0,5,5,5,2,5,1,5,3,2,1,1,5,1,4,1,1
2047,3,2022,1,55,1,1,5,0,1,0,0,0,0,5,6,5,6,6,4,5,3,5,5,1,4,1,5,2,1
2048,3,2022,1,59,1,1,3,0,1,0,0,0,0,5,6,5,5,4,4,4,4,4,4,4,4,4,4,4,0
2049,3,2022,1,52,1,1,5,0,1,0,0,0,0,5,2,5,6,7,1,5,1,6,2,1,4,3,1,1,0
2050,3,2022,0,33,0,0,0,1,1,0,0,0,0,7,7,7,4,7,7,7,1,5,1,1,7,1,1,1,1
2051,3,2022,1,55,1,1,0,1,1,0,0,0,0,4,2,5,5,4,4,5,3,5,3,3,5,3,3,3,1
2052,3,2022,1,68,1,1,0,1,0,0,0,1,0,4,4,4,4,4,1,5,4,4,4,4,4,4,4,4,0
2053,3,2022,1,53,1,0,5,0,1,0,0,0,0,7,7,6,7,7,2,7,2,6,2,2,2,2,2,2,0
2054,3,2022,1,58,1,1,5,0,1,0,0,0,0,4,7,4,5,7,7,5,1,5,1,1,4,1,1,1,1
2055,3,2022,1,51,1,1,5,0,1,0,0,0,0,1,3,2,1,6,1,6,6,4,5,2,5,1,2,1,1
2056,3,2022,0,35,0,0,0,1,1,0,0,0,0,4,4,4,4,5,3,6,1,4,4,4,4,1,1,4,0
2057,3,2022,1,58,1,0,5,0,1,0,0,0,0,3,2,3,4,3,4,3,4,3,4,4,4,3,3,3,1
2058,3,2022,1,58,1,1,2,0,1,0,0,0,0,1,2,2,6,3,1,6,2,4,2,2,6,4,2,1,1
2059,3,2022,1,60,0,0,5,0,1,0,0,0,0,1,1,1,4,1,1,7,3,3,3,3,6,4,3,4,1
2060,3,2022,0,31,1,0,0,1,1,0,0,0,0,2,4,4,3,2,3,3,3,3,3,3,4,3,3,3,1
2061,3,2022,1,73,1,0,2,0,0,0,0,1,0,4,4,4,4,4,4,4,4,4,4,4,4,4,4,4,1
2062,3,2022,0,44,1,0,4,0,1,0,0,0,0,4,5,3,3,6,1,3,2,6,3,1,1,1,1,2,1
2063,3,2022,0,34,1,0,0,1,1,0,0,0,0,4,2,3,3,3,1,2,1,2,2,3,2,1,2,1,0
2064,3,2022,0,48,1,0,3,0,1,0,0,0,0,7,7,6,6,5,1,7,3,7,2,1,7,1,5,7,0
2065,3,2022,1,33,0,0,5,0,1,0,0,0,0,1,4,1,1,1,1,1,1,1,1,1,1,1,1,1,0
2066,3,2022,1,53,1,1,3,0,1,0,0,0,0,5,4,3,7,4,1,7,1,7,1,1,4,1,3,1,0
2067,3,2022,0,44,1,1,5,0,0,1,0,0,0,1,1,1,7,1,1,6,6,1,4,3,1,2,4,1,1
2068,3,2022,1,69,1,1,1,0,0,0,0,1,0,6,5,6,6,5,6,6,6,5,5,6,5,7,5,6,1
2069,3,2022,0,23,0,0,1,0,0,0,1,0,0,5,4,4,4,4,4,4,4,4,4,4,3,4,4,4,1
2070,3,2022,0,42,1,0,2,0,1,0,0,0,0,4,4,4,4,4,4,4,4,4,4,4,4,4,4,4,1
2071,3,2022,1,46,1,0,5,0,1,0,0,0,0,4,6,6,6,4,1,1,4,5,4,4,3,2,2,1,0
2072,3,2022,0,35,0,0,1,0,1,0,0,0,0,7,7,7,7,7,1,7,6,3,7,6,7,1,7,3,1
2073,3,2022,0,56,0,0,4,0,1,0,0,0,0,4,4,4,4,4,4,4,4,4,4,4,4,4,4,4,1
2074,3,2022,1,39,0,0,0,1,0,0,0,1,0,4,4,5,4,4,4,4,4,3,4,4,5,4,4,4,1
2075,3,2022,0,40,1,1,5,0,0,1,0,0,0,1,2,4,5,5,5,6,5,4,4,1,5,1,4,4,0
2076,3,2022,0,38,0,1,2,0,1,0,0,0,0,1,1,2,2,4,1,7,7,1,6,4,5,1,4,5,1
2077,3,2022,1,59,1,1,3,0,1,0,0,0,0,2,1,2,3,4,1,6,1,3,2,1,6,1,1,1,1
2078,3,2022,0,24,0,0,2,0,0,0,0,1,0,4,5,5,4,4,4,5,3,4,5,4,4,4,4,4,1
2079,3,2022,1,53,0,0,0,1,0,0,0,1,0,5,1,1,1,1,1,5,5,1,1,1,4,4,1,1,1
2080,3,2022,1,52,1,1,5,0,1,0,0,0,0,5,1,4,6,7,1,6,2,5,2,2,2,2,2,2,0
2081,3,2022,0,49,1,1,3,0,1,0,0,0,0,5,3,5,4,5,1,7,6,5,5,3,3,3,3,3,0
2082,3,2022,1,60,1,0,5,0,0,1,0,0,0,5,5,5,5,5,4,5,3,5,3,3,3,3,3,3,0
2083,3,2022,0,49,1,0,4,0,1,0,0,0,0,5,2,5,6,2,2,7,2,1,2,1,7,3,2,7,1
2084,3,2022,0,56,1,0,3,0,0,1,0,0,0,4,4,5,5,3,4,6,5,4,5,3,5,2,4,3,1
2085,3,2022,1,37,1,1,5,0,1,0,0,0,0,4,2,1,5,4,1,3,2,3,1,2,1,2,1,1,0
2086,3,2022,0,38,1,1,1,0,1,0,0,0,0,5,3,5,5,5,5,6,5,4,5,4,6,4,5,5,0
2087,3,2022,1,45,1,0,0,1,1,0,0,0,0,3,3,3,4,2,3,4,4,3,4,4,5,4,4,4,1
2088,3,2022,1,49,1,1,4,0,1,0,0,0,0,1,1,1,7,1,1,7,6,5,5,2,7,4,5,5,1
2089,3,2022,1,59,1,1,0,1,1,0,0,0,0,3,3,4,4,3,3,4,3,4,4,4,4,4,3,3,1
2090,3,2022,1,32,0,0,1,0,1,0,0,0,0,4,4,4,4,4,4,4,4,4,4,4,4,4,4,4,1
2091,3,2022,0,34,0,0,1,0,1,0,0,0,0,3,2,2,7,1,1,5,1,2,1,1,4,1,1,1,1
2092,3,2022,0,78,1,1,2,0,0,1,0,0,0,4,4,6,5,3,3,6,5,4,5,4,4,4,4,4,1
2093,3,2022,1,69,1,1,0,1,0,0,0,1,0,1,1,1,1,4,1,5,1,1,1,1,4,1,1,1,1
2094,3,2022,0,43,1,1,2,0,1,0,0,0,0,7,7,7,7,7,1,7,1,4,5,1,5,1,1,1,0
2095,3,2022,0,25,0,0,3,0,1,0,0,0,0,7,1,4,5,7,4,7,4,2,4,4,5,4,4,4,1
2096,3,2022,0,54,0,0,1,0,1,0,0,0,0,1,1,2,4,1,1,6,4,1,1,1,7,5,1,4,1
2097,3,2022,1,63,1,1,3,0,1,0,0,0,0,5,4,5,7,5,1,5,1,6,4,1,1,1,1,1,0
2098,3,2022,0,50,1,1,0,1,1,0,0,0,0,6,6,6,6,6,1,7,3,6,3,1,2,1,3,2,0
2099,3,2022,1,51,1,1,5,0,1,0,0,0,0,1,1,1,3,5,1,1,4,5,3,3,3,3,3,3,1
2100,3,2022,1,40,1,1,4,0,1,0,0,0,0,2,5,4,4,4,1,7,7,4,7,3,7,1,1,7,1
2101,3,2022,0,30,1,1,0,1,0,1,0,0,0,4,5,5,6,5,5,7,3,7,3,2,1,1,1,1,1
2102,3,2022,0,56,0,0,1,0,1,0,0,0,0,1,1,1,5,1,1,6,4,4,4,1,4,4,4,4,1
2103,3,2022,1,51,1,1,3,0,1,0,0,0,0,2,2,4,6,2,2,6,2,4,5,3,6,2,5,6,0
2104,3,2022,1,30,0,0,2,0,1,0,0,0,0,5,5,5,3,5,5,6,7,1,7,5,4,4,5,5,1
2105,3,2022,1,50,1,1,2,0,1,0,0,0,0,1,1,1,1,1,1,1,1,1,1,1,1,1,1,1,1
2106,3,2022,0,26,0,0,5,0,1,0,0,0,0,6,5,5,6,6,6,4,4,5,5,1,2,1,1,1,0
2107,3,2022,1,34,1,1,4,0,1,0,0,0,0,5,5,5,6,6,5,5,6,5,5,6,5,5,5,5,0
2108,3,2022,0,22,0,0,2,0,1,0,0,0,0,5,5,5,5,5,5,5,1,5,1,1,3,1,1,1,0
2109,3,2022,0,34,1,1,0,1,0,0,0,1,0,1,6,5,5,5,4,4,4,5,4,5,5,5,5,4,1
2110,3,2022,1,40,0,0,0,1,1,0,0,0,0,6,4,5,3,3,2,6,1,4,2,1,4,1,1,2,1
2111,3,2022,0,36,0,0,0,1,1,0,0,0,0,5,6,4,4,4,6,7,1,4,1,1,3,3,1,1,0
2112,3,2022,0,64,1,1,3,0,0,1,0,0,0,6,4,5,6,5,5,7,2,6,5,4,2,2,2,2,0
2113,3,2022,0,65,0,0,2,0,0,0,0,1,0,4,5,5,6,5,5,7,2,5,4,2,1,4,1,4,0
2114,3,2022,1,56,1,1,3,0,1,0,0,0,0,1,1,1,1,1,1,1,1,1,1,1,1,1,1,1,0
2115,3,2022,1,52,0,0,5,0,1,0,0,0,0,4,5,5,4,1,1,1,5,2,3,4,4,3,4,3,1
2116,3,2022,1,67,1,1,2,0,1,0,0,0,0,5,5,5,5,5,1,5,1,5,1,1,1,1,1,1,1
2117,3,2022,1,54,1,1,5,0,1,0,0,0,0,6,7,6,7,6,3,6,1,7,1,1,1,1,1,1,0
2118,3,2022,0,70,0,0,1,0,0,0,0,1,0,6,6,5,6,5,1,7,1,6,2,1,1,1,1,1,0
2119,3,2022,1,38,0,0,3,0,1,0,0,0,0,2,5,5,5,2,1,7,4,3,2,2,3,2,4,2,1
2120,3,2022,0,48,1,1,5,0,0,1,0,0,0,5,5,4,5,3,5,3,5,4,6,3,4,3,5,6,0
2121,3,2022,0,60,1,1,2,0,0,1,0,0,0,5,5,6,6,5,1,6,2,4,1,1,5,1,1,1,0
2122,3,2022,0,70,0,0,1,0,1,0,0,0,0,5,4,4,4,3,2,5,4,5,3,2,2,4,1,2,1
2123,3,2022,0,56,1,0,0,1,1,0,0,0,0,1,1,1,1,1,1,1,1,1,1,1,1,1,1,1,1
2124,3,2022,0,31,1,1,5,0,1,0,0,0,0,1,1,2,5,5,2,6,1,5,1,1,2,1,1,1,0
2125,3,2022,1,55,1,1,4,0,1,0,0,0,0,2,2,2,2,2,2,2,3,3,2,2,2,2,2,2,1
2126,3,2022,1,30,1,1,5,0,1,0,0,0,0,3,5,5,3,5,5,6,3,5,5,3,5,3,2,5,0
2127,3,2022,0,39,1,0,5,0,1,0,0,0,0,5,7,4,5,4,1,7,5,5,5,3,2,2,4,5,1
2128,3,2022,0,72,1,1,0,1,0,1,0,0,0,5,5,5,4,2,5,5,6,2,3,2,4,3,2,2,1
2129,3,2022,0,36,1,1,2,0,1,0,0,0,0,1,1,1,2,1,2,2,1,2,2,2,2,1,2,3,1
2130,3,2022,1,49,1,1,5,0,1,0,0,0,0,3,1,2,6,3,1,7,3,3,1,1,4,5,1,1,1
2131,3,2022,1,30,0,0,5,0,1,0,0,0,0,5,5,5,5,6,4,5,5,5,5,4,5,6,5,5,1
2132,3,2022,0,29,0,0,2,0,1,0,0,0,0,4,4,4,4,4,4,4,4,4,4,4,4,4,4,4,1
2133,3,2022,1,70,1,1,4,0,1,0,0,0,0,7,5,7,7,7,7,7,1,7,1,2,4,4,2,2,0
2134,3,2022,0,28,0,0,2,0,1,0,0,0,0,3,4,3,6,5,1,1,4,4,3,2,3,4,2,2,1
2135,3,2022,0,33,1,1,0,1,1,0,0,0,0,4,4,4,4,4,4,4,4,4,4,4,4,4,4,4,1
2136,3,2022,1,32,1,1,5,0,1,0,0,0,0,3,1,5,3,6,3,3,3,3,2,4,2,4,3,3,1
2137,3,2022,1,44,1,1,3,0,1,0,0,0,0,5,5,5,5,6,6,4,5,5,5,5,5,4,4,4,0
2138,3,2022,0,44,0,0,0,1,1,0,0,0,0,4,4,5,5,5,1,7,6,5,6,3,5,4,2,4,1
2139,3,2022,1,42,0,0,3,0,0,0,0,1,0,5,5,4,3,4,5,7,4,1,4,3,5,1,1,1,0
2140,3,2022,1,42,1,1,4,0,1,0,0,0,0,5,5,1,5,1,1,6,1,4,1,1,1,1,1,1,1
2141,3,2022,1,61,1,1,5,0,1,0,0,0,0,4,5,3,6,3,4,5,2,5,2,2,4,2,2,1,0
2142,3,2022,0,33,0,0,3,0,1,0,0,0,0,1,1,3,2,2,1,1,4,5,3,2,4,5,1,1,1
2143,3,2022,0,37,1,1,4,0,1,0,0,0,0,4,3,5,4,5,1,5,5,3,6,4,4,4,4,4,1
2144,3,2022,0,28,1,0,4,0,1,0,0,0,0,4,4,5,4,5,4,4,4,4,4,4,4,4,4,4,1
2145,3,2022,1,62,1,1,5,0,1,0,0,0,0,6,5,6,7,5,4,7,1,6,1,1,2,1,1,1,1
2146,3,2022,0,26,1,1,4,0,1,0,0,0,0,2,2,2,2,2,3,2,2,2,3,3,2,2,2,2,1
2147,3,2022,0,53,1,1,0,1,0,1,0,0,0,7,7,7,7,7,7,7,7,7,7,7,7,7,7,7,1
2148,3,2022,0,33,1,1,0,1,1,0,0,0,0,3,1,5,6,6,6,7,6,6,3,1,4,2,1,1,0
2149,3,2022,1,57,1,1,5,0,1,0,0,0,0,4,4,4,4,4,4,4,4,4,4,4,4,4,4,4,1
2150,3,2022,0,36,1,0,5,0,0,1,0,0,0,5,5,7,5,6,1,7,1,6,2,1,1,1,1,1,0
2151,3,2022,1,29,1,1,3,0,1,0,0,0,0,4,4,4,4,4,4,4,4,4,4,4,4,4,4,4,0
2152,3,2022,0,37,1,1,0,1,1,0,0,0,0,4,4,6,5,5,5,5,4,5,4,2,2,2,2,2,1
2153,3,2022,0,31,1,0,5,0,1,0,0,0,0,1,1,7,4,7,1,1,5,4,1,1,1,1,1,1,0
2154,3,2022,0,41,0,1,1,0,1,0,0,0,0,1,2,5,6,1,1,6,6,3,6,2,6,1,2,2,1
2155,3,2022,0,45,1,1,0,1,1,0,0,0,0,4,2,1,2,4,1,7,6,3,4,2,4,2,2,2,1
2156,3,2022,0,69,1,1,0,1,0,1,0,0,0,4,5,5,6,6,6,6,4,5,4,1,4,1,1,1,0
2157,3,2022,0,23,0,0,0,1,0,0,0,1,0,6,4,4,1,2,4,5,4,1,4,4,6,3,4,4,1
2158,3,2022,1,23,1,1,5,0,1,0,0,0,0,6,2,3,4,4,1,3,1,2,2,5,5,4,4,3,0
2159,3,2022,0,41,0,0,0,1,1,0,0,0,0,4,4,4,4,4,4,4,4,4,4,4,4,4,4,5,1
2160,3,2022,1,52,1,1,4,0,1,0,0,0,0,1,1,1,1,1,1,5,4,1,1,1,4,1,1,1,1
2161,3,2022,0,36,1,1,4,0,0,1,0,0,0,4,5,5,5,5,4,5,4,4,5,5,5,1,2,2,1
2162,3,2022,1,50,1,1,5,0,1,0,0,0,0,4,3,4,7,5,3,6,5,6,2,2,4,3,2,2,0
2163,3,2022,0,42,0,0,0,1,1,0,0,0,0,4,4,3,4,4,4,4,4,4,4,4,4,4,4,4,0
2164,3,2022,1,43,0,0,3,0,1,0,0,0,0,3,1,2,2,2,2,2,2,2,2,2,3,2,2,2,1
2165,3,2022,0,68,1,1,4,0,0,1,0,0,0,3,3,3,3,3,3,3,3,3,3,3,3,3,3,3,0
2166,3,2022,1,34,0,0,4,0,1,0,0,0,0,6,5,2,5,1,5,7,1,4,1,1,2,1,1,1,0
2167,3,2022,0,36,0,0,0,1,1,0,0,0,0,1,5,3,6,1,2,7,5,4,5,1,6,1,1,1,0
2168,3,2022,1,48,1,1,4,0,1,0,0,0,0,6,6,5,4,6,3,4,4,4,4,4,4,4,4,4,1
2169,3,2022,1,50,1,1,5,0,1,0,0,0,0,3,1,4,5,3,3,5,4,5,4,4,4,3,4,4,1
2170,3,2022,1,59,1,1,0,1,1,0,0,0,0,4,4,5,4,4,4,4,4,4,4,4,4,4,4,4,1
2171,3,2022,0,56,1,1,2,0,0,1,0,0,0,6,5,4,5,7,7,5,6,4,7,3,7,2,4,4,1
2172,3,2022,1,39,0,0,4,0,1,0,0,0,0,4,5,6,5,5,2,4,7,4,7,1,1,4,1,1,0
2173,3,2022,1,59,1,1,5,0,1,0,0,0,0,5,7,6,4,6,4,7,2,6,1,1,1,1,1,1,1
2174,3,2022,0,44,1,1,4,0,1,0,0,0,0,5,5,5,6,6,1,7,2,5,4,2,4,1,1,1,0
2175,3,2022,0,36,0,0,5,0,1,0,0,0,0,6,5,6,6,7,6,6,1,6,1,1,1,1,1,1,0
2176,3,2022,0,44,1,1,0,1,1,0,0,0,0,5,3,6,6,5,6,5,4,4,2,1,1,1,2,1,0
2177,3,2022,0,29,0,0,0,1,1,0,0,0,0,7,7,3,7,7,7,7,7,7,7,7,7,7,7,7,1
2178,3,2022,0,32,1,0,4,0,1,0,0,0,0,5,5,5,7,5,5,5,1,7,1,1,1,1,1,1,0
2179,3,2022,1,71,1,1,0,1,1,0,0,0,0,5,6,5,7,1,1,6,1,5,1,1,5,1,1,5,0
2180,3,2022,1,72,1,1,2,0,0,0,0,1,0,4,6,6,7,6,6,7,1,6,5,1,5,1,1,4,0
2181,3,2022,1,69,1,1,2,0,0,0,0,1,0,4,6,6,7,3,2,7,2,7,2,2,2,2,2,2,1
2182,3,2022,0,34,0,0,3,0,1,0,0,0,0,1,1,1,6,1,1,7,7,1,1,1,1,1,1,1,1
2183,3,2022,1,74,1,1,2,0,0,0,0,0,1,3,4,4,4,4,4,4,4,3,4,4,4,4,4,4,0
2184,3,2022,0,26,1,1,5,0,0,0,1,0,0,1,1,1,7,1,1,1,7,1,7,1,1,1,1,7,1
2185,3,2022,0,37,1,1,5,0,1,0,0,0,0,4,4,5,5,5,6,7,1,5,5,2,1,1,4,3,0
2186,3,2022,0,22,0,0,0,1,1,0,0,0,0,5,5,5,5,6,5,5,3,4,3,1,4,3,3,3,0
2187,3,2022,0,55,1,1,3,0,1,0,0,0,0,6,5,5,5,5,5,5,4,5,4,4,4,4,4,4,1
2188,3,2022,1,38,0,0,3,0,1,0,0,0,0,3,3,4,5,3,4,7,4,5,4,4,4,4,4,4,1
2189,3,2022,0,61,1,0,2,0,0,1,0,0,0,4,3,5,5,4,1,5,4,4,3,3,4,4,3,4,1
2190,3,2022,0,63,0,0,0,1,0,0,0,1,0,4,4,4,3,4,1,7,1,4,5,2,2,1,1,1,1
2191,3,2022,1,42,1,1,0,1,1,0,0,0,0,1,5,3,4,2,1,5,7,4,4,4,6,5,4,5,1
2192,3,2022,1,68,1,1,3,0,1,0,0,0,0,6,5,6,7,5,4,7,1,7,1,1,1,1,1,1,1
2193,3,2022,0,46,1,1,3,0,1,0,0,0,0,4,4,4,5,3,4,5,5,3,4,3,4,4,4,4,0
2194,3,2022,0,48,1,1,4,0,0,1,0,0,0,3,2,6,7,1,1,7,1,5,5,1,1,1,1,1,1
2195,3,2022,0,36,1,0,5,0,1,0,0,0,0,5,5,5,5,5,5,5,3,5,3,3,3,3,3,3,0
2196,3,2022,0,44,1,1,0,1,1,0,0,0,0,5,5,5,3,5,5,5,5,4,5,5,4,4,5,5,0
2197,3,2022,1,39,0,0,0,1,1,0,0,0,0,3,1,1,1,5,1,5,5,1,2,2,1,6,2,1,1
2198,3,2022,1,51,1,1,3,0,1,0,0,0,0,5,5,5,5,5,5,5,5,6,5,5,6,5,6,6,1
2199,3,2022,0,31,0,0,1,0,0,0,0,1,0,1,1,1,7,1,1,7,7,1,4,3,1,1,1,1,1
2200,3,2022,0,68,1,1,4,0,0,1,0,0,0,6,6,6,5,3,3,6,2,5,2,2,2,2,2,2,0
2201,3,2022,1,68,1,1,0,1,1,0,0,0,0,7,7,7,7,7,4,7,1,7,1,1,1,1,1,2,0
2202,3,2022,1,37,1,0,2,0,1,0,0,0,0,5,3,5,5,5,1,7,5,2,5,1,4,1,1,1,1
2203,3,2022,1,72,0,1,1,0,0,0,0,1,0,1,5,2,7,1,1,5,1,6,1,1,7,1,1,1,1
2204,3,2022,1,53,0,0,1,0,0,0,0,1,0,4,1,1,1,1,1,1,3,4,5,1,5,4,1,1,1
2205,3,2022,1,52,1,1,3,0,1,0,0,0,0,4,4,3,4,4,4,4,4,4,4,4,4,4,4,4,1
2206,3,2022,1,27,1,0,0,1,1,0,0,0,0,5,3,4,3,4,3,5,4,4,3,4,4,5,5,4,1
2207,3,2022,0,23,0,0,0,1,1,0,0,0,0,1,1,1,4,1,1,7,4,2,3,1,4,4,1,3,1
2208,3,2022,1,71,1,1,4,0,1,0,0,0,0,1,1,1,7,5,5,4,1,6,4,3,7,3,2,2,0
2209,3,2022,1,44,1,1,5,0,1,0,0,0,0,5,2,2,5,6,3,6,2,5,2,2,5,2,2,2,0
2210,3,2022,0,43,0,1,2,0,1,0,0,0,0,5,1,6,5,6,4,7,1,4,3,1,4,1,1,1,0
2211,3,2022,1,43,1,1,3,0,1,0,0,0,0,2,2,1,2,2,2,1,2,2,1,2,2,1,3,5,1
2212,3,2022,0,36,0,0,1,0,1,0,0,0,0,6,1,3,1,6,6,5,3,4,4,1,3,1,1,3,1
2213,3,2022,1,50,1,1,3,0,1,0,0,0,0,6,1,4,1,5,1,7,5,3,5,3,7,1,3,6,0
2214,3,2022,1,55,1,0,5,0,1,0,0,0,0,4,5,4,6,1,1,5,3,2,3,1,4,1,2,2,1
2215,3,2022,0,50,0,0,0,1,0,0,0,1,0,5,1,5,1,5,1,7,5,1,7,5,5,7,1,1,1
2216,3,2022,1,70,1,1,4,0,0,0,0,1,0,4,5,5,6,5,4,4,1,4,1,1,1,1,1,1,1
2217,3,2022,0,49,1,0,5,0,0,1,0,0,0,6,6,6,6,4,4,5,4,7,4,1,1,2,1,1,1
2218,3,2022,0,47,0,0,2,0,1,0,0,0,0,4,7,7,4,6,1,7,1,5,1,1,7,1,1,7,1
2219,3,2022,0,60,1,1,0,1,0,1,0,0,0,6,6,4,5,6,5,6,4,4,4,4,4,4,2,4,1
2220,3,2022,1,73,1,1,2,0,1,0,0,0,0,6,6,6,6,6,6,6,6,5,5,5,6,5,6,6,1
2221,3,2022,0,63,1,1,3,0,1,0,0,0,0,4,4,4,4,5,4,4,4,4,4,5,4,4,2,4,1
2222,3,2022,1,58,0,0,5,0,1,0,0,0,0,5,7,5,7,5,5,7,4,7,7,7,4,4,6,6,0
2223,3,2022,0,41,1,1,0,1,1,0,0,0,0,3,4,4,4,3,3,6,4,4,4,2,5,4,2,2,0
2224,3,2022,1,59,1,1,3,0,1,0,0,0,0,4,4,4,4,4,4,4,4,4,4,4,4,4,4,4,0
2225,3,2022,0,58,1,1,4,0,0,1,0,0,0,4,3,3,5,3,3,6,5,4,5,3,6,3,5,4,1
2226,3,2022,0,36,1,1,0,1,1,0,0,0,0,1,1,5,3,5,1,7,5,4,4,2,4,4,2,2,1
2227,3,2022,1,52,0,0,1,0,0,0,0,1,0,2,3,4,7,2,1,7,2,7,2,1,2,1,1,1,1
2228,3,2022,0,48,0,0,1,0,1,0,0,0,0,5,5,5,5,4,3,4,4,5,4,5,4,3,5,4,1
2229,3,2022,1,71,1,0,0,1,0,1,0,0,0,5,3,5,5,1,1,7,1,3,4,1,4,1,1,1,1
2230,3,2022,1,41,1,1,4,0,1,0,0,0,0,4,4,4,4,4,3,4,4,4,4,4,4,4,4,4,1
2231,3,2022,1,50,0,0,0,1,1,0,0,0,0,6,7,7,6,6,2,7,5,7,5,4,4,3,3,4,0
2232,3,2022,0,52,0,1,0,1,1,0,0,0,0,2,3,4,4,7,1,5,2,2,5,5,3,2,4,5,1
2233,3,2022,0,50,1,1,3,0,1,0,0,0,0,1,1,5,5,5,1,7,7,4,6,4,5,7,6,4,1
2234,3,2022,0,27,1,0,5,0,1,0,0,0,0,5,3,5,6,1,2,6,5,5,5,3,5,2,3,4,0
2235,3,2022,1,62,0,0,4,0,1,0,0,0,0,5,5,5,1,5,5,7,1,1,1,1,1,1,1,1,0
2236,3,2022,0,51,1,1,4,0,1,0,0,0,0,5,5,5,6,5,3,3,2,5,3,2,3,3,2,2,1
2237,3,2022,0,28,0,1,1,0,1,0,0,0,0,4,4,4,4,4,4,4,4,4,4,4,5,1,4,4,0
2238,3,2022,1,44,1,1,4,0,1,0,0,0,0,5,6,3,6,5,2,6,2,5,2,2,2,2,2,2,1
2239,3,2022,0,37,1,0,2,0,1,0,0,0,0,5,4,4,3,2,1,7,1,5,1,1,7,1,3,3,0
2240,3,2022,1,38,1,1,3,0,1,0,0,0,0,4,5,3,4,2,5,3,3,3,5,2,1,5,3,3,1
2241,3,2022,1,49,0,1,2,0,1,0,0,0,0,3,5,3,1,3,2,2,2,2,2,1,1,2,1,3,1
2242,3,2022,1,57,0,0,0,1,1,0,0,0,0,5,5,4,4,4,4,6,4,4,5,4,4,5,4,4,1
2243,3,2022,1,45,0,0,0,1,1,0,0,0,0,4,1,4,4,4,1,3,4,4,4,1,7,1,1,4,0
2244,3,2022,0,61,1,1,2,0,0,1,0,0,0,1,5,5,3,3,1,6,1,4,3,3,3,3,3,3,1
2245,3,2022,0,34,0,0,2,0,1,0,0,0,0,2,1,5,4,2,1,7,5,3,3,3,5,3,3,3,1
2246,3,2022,1,47,1,0,5,0,1,0,0,0,0,6,7,5,5,6,1,7,2,7,4,3,3,3,3,1,1
2247,3,2022,0,49,1,1,5,0,0,1,0,0,0,3,3,6,5,6,3,6,2,5,4,3,2,2,2,2,0
2248,3,2022,1,59,1,1,5,0,1,0,0,0,0,5,5,6,6,6,5,6,4,6,4,3,4,4,4,4,0
2249,3,2022,1,54,0,0,2,0,1,0,0,0,0,1,1,4,1,1,1,1,1,1,1,1,1,1,1,1,1
2250,3,2022,0,60,0,1,1,0,0,0,0,1,0,1,5,4,5,6,4,6,4,5,2,2,5,3,3,4,1
2251,3,2022,0,60,1,1,0,1,1,0,0,0,0,4,5,5,5,5,5,5,3,5,3,3,3,3,3,3,0
2252,3,2022,1,38,1,1,5,0,1,0,0,0,0,1,1,1,7,4,1,7,7,1,3,1,4,1,1,1,1
2253,3,2022,0,39,1,1,1,0,1,0,0,0,0,5,3,5,5,3,3,4,5,3,4,3,4,3,4,3,1
2254,3,2022,1,51,1,1,4,0,1,0,0,0,0,5,5,5,5,4,5,5,4,5,6,5,7,4,5,7,1
2255,3,2022,0,58,1,1,1,0,0,1,0,0,0,4,1,5,2,5,1,5,4,4,5,1,4,1,4,1,1
2256,3,2022,0,53,1,1,5,0,0,1,0,0,0,6,6,6,5,6,2,5,2,6,4,1,1,2,2,2,1
2257,3,2022,0,59,1,0,5,0,1,0,0,0,0,5,5,6,6,4,4,7,1,5,4,2,6,1,2,4,1
2258,3,2022,1,61,1,0,5,0,1,0,0,0,0,5,6,7,3,3,4,7,1,6,4,2,6,1,1,6,1
2259,3,2022,1,64,1,1,2,0,1,0,0,0,0,2,6,5,4,3,1,6,5,2,5,4,6,4,3,5,1
2260,3,2022,1,58,1,0,3,0,1,0,0,0,0,7,7,7,7,7,1,7,1,7,1,1,5,1,1,1,1
2261,3,2022,1,48,1,1,4,0,1,0,0,0,0,2,1,1,6,3,1,6,1,3,1,1,2,2,1,1,1
2262,3,2022,1,38,0,0,3,0,1,0,0,0,0,2,3,2,2,3,2,2,2,2,2,3,3,2,3,2,1
2263,3,2022,0,49,1,1,3,0,1,0,0,0,0,4,4,3,1,7,1,7,5,2,5,5,5,4,4,4,1
2264,3,2022,0,31,0,0,2,0,1,0,0,0,0,4,4,4,4,4,4,4,4,3,5,3,5,5,4,4,0
2265,3,2022,0,42,1,1,3,0,1,0,0,0,0,3,2,5,7,1,1,7,7,7,3,2,3,1,1,2,1
2266,3,2022,1,60,1,0,3,0,1,0,0,0,0,4,1,4,6,3,1,6,4,2,4,4,4,4,3,2,1
2267,3,2022,1,46,1,1,4,0,1,0,0,0,0,2,2,3,2,2,2,2,3,3,2,2,3,2,3,3,1
2268,3,2022,1,59,0,0,1,0,0,0,0,1,0,3,3,3,4,3,3,3,4,7,6,5,4,4,6,5,0
2269,3,2022,0,42,0,0,2,0,1,0,0,0,0,1,1,1,5,1,1,5,1,1,1,1,1,1,1,1,1
2270,3,2022,0,50,1,0,2,0,0,0,0,1,0,2,3,3,6,2,1,7,4,4,3,1,2,2,1,1,1
2271,3,2022,0,44,1,0,3,0,1,0,0,0,0,6,5,5,4,6,3,6,3,4,4,4,4,3,4,4,0
2272,3,2022,0,52,1,1,4,0,1,0,0,0,0,5,4,7,3,5,5,7,4,4,2,1,1,1,1,1,1
2273,3,2022,0,53,1,1,5,0,1,0,0,0,0,6,6,6,7,6,1,7,2,6,1,1,4,4,1,1,0
2274,3,2022,1,49,0,0,1,0,1,0,0,0,0,5,1,1,5,5,1,7,1,4,1,1,4,1,1,1,1
2275,3,2022,1,66,1,1,5,0,1,0,0,0,0,6,5,5,6,6,3,7,2,6,5,3,3,2,1,2,1
2276,3,2022,0,44,1,1,2,0,0,0,0,0,1,1,1,5,7,1,1,5,6,4,5,5,7,5,1,6,1
2277,3,2022,1,72,0,0,0,1,0,0,0,1,0,4,5,6,5,5,3,4,4,4,3,2,3,4,1,2,1
2278,3,2022,0,29,1,1,5,0,1,0,0,0,0,4,4,4,4,5,4,4,4,4,1,1,1,1,1,3,0
2279,3,2022,1,34,1,1,3,0,1,0,0,0,0,1,1,1,2,1,1,6,1,6,1,1,1,1,1,1,0
2280,3,2022,0,39,1,1,5,0,1,0,0,0,0,7,7,7,5,7,1,7,5,3,5,5,2,2,1,2,1
2281,3,2022,0,52,1,1,0,1,0,1,0,0,0,5,1,5,6,6,5,5,4,4,4,2,5,5,3,4,1
2282,3,2022,1,58,0,0,0,1,1,0,0,0,0,1,1,1,7,1,1,7,1,1,5,1,5,1,1,1,0
2283,3,2022,1,48,0,0,1,0,0,0,0,1,0,4,4,4,4,4,4,4,4,4,4,4,4,4,4,4,1
2284,3,2022,0,32,0,0,1,0,0,0,0,1,0,5,7,5,4,5,5,4,6,4,4,4,4,1,6,4,0
2285,3,2022,1,65,1,1,3,0,1,0,0,0,0,3,7,2,5,3,1,1,1,4,2,1,1,1,1,1,1
2286,3,2022,1,63,1,1,2,0,1,0,0,0,0,3,5,5,6,3,2,6,2,5,5,2,4,2,3,2,1
2287,3,2022,0,31,1,1,3,0,1,0,0,0,0,5,2,5,5,5,2,6,3,4,3,1,3,3,3,3,1
2288,3,2022,0,53,1,1,4,0,1,0,0,0,0,2,2,2,5,5,5,5,3,4,3,1,5,2,1,2,0
2289,3,2022,1,30,1,1,3,0,1,0,0,0,0,3,6,4,3,3,4,4,3,3,4,6,5,4,5,4,1
2290,3,2022,0,47,0,1,3,0,1,0,0,0,0,6,4,4,5,5,3,5,4,4,5,3,5,2,3,3,1
2291,3,2022,0,35,1,1,5,0,1,0,0,0,0,5,5,5,6,6,5,6,2,6,2,1,2,2,2,2,0
2292,3,2022,0,51,1,1,5,0,1,0,0,0,0,1,1,5,7,5,1,7,1,5,1,1,1,1,1,1,0
2293,3,2022,0,53,1,0,3,0,0,1,0,0,0,3,3,6,5,1,1,7,5,4,4,1,4,1,1,1,1
2294,3,2022,0,73,0,0,1,0,0,0,0,1,0,3,2,5,5,1,1,7,4,3,5,3,6,6,4,4,1
2295,3,2022,0,60,1,1,1,0,1,0,0,0,0,5,4,6,1,3,1,6,1,3,5,1,7,1,4,6,1
2296,3,2022,0,25,0,0,1,0,1,0,0,0,0,1,1,1,2,1,1,1,7,1,7,7,7,1,7,1,1
2297,3,2022,0,25,0,0,5,0,1,0,0,0,0,6,3,3,4,5,5,7,1,3,5,1,1,1,1,1,0
2298,3,2022,0,50,1,1,3,0,0,1,0,0,0,2,1,5,5,5,1,7,1,4,1,1,5,1,1,1,1
2299,3,2022,0,36,0,0,3,0,1,0,0,0,0,4,4,4,6,4,5,3,4,4,3,4,3,3,4,3,1
2300,3,2022,0,90,0,1,4,0,0,1,0,0,0,5,5,5,5,6,4,5,4,4,4,4,4,4,4,4,1
2301,3,2022,1,43,0,0,3,0,1,0,0,0,0,3,3,4,3,5,1,5,4,7,6,1,5,2,3,4,1
2302,3,2022,0,65,0,1,0,1,1,0,0,0,0,4,4,5,7,2,1,7,2,4,2,2,4,2,6,4,1
2303,3,2022,1,44,0,0,3,0,1,0,0,0,0,3,4,4,4,4,5,4,4,4,4,4,4,4,4,4,1
2304,3,2022,1,60,0,0,1,0,1,0,0,0,0,4,4,5,4,3,5,7,1,7,4,1,5,1,1,1,0
2305,3,2022,1,51,0,0,3,0,1,0,0,0,0,6,6,6,7,5,5,1,4,6,1,2,3,2,2,4,1
2306,3,2022,1,39,0,0,3,0,1,0,0,0,0,4,4,5,5,4,5,4,4,5,3,3,4,3,3,4,0
2307,3,2022,1,43,1,1,5,0,1,0,0,0,0,7,7,7,7,7,7,7,7,7,7,7,7,7,4,7,0
2308,3,2022,1,37,1,1,5,0,1,0,0,0,0,1,1,2,1,3,1,7,6,1,3,1,4,5,1,5,1
2309,3,2022,1,44,1,1,2,0,1,0,0,0,0,1,7,1,5,1,1,5,1,1,1,1,7,1,1,1,1
2310,3,2022,0,27,1,1,1,0,0,1,0,0,0,6,4,4,5,4,1,7,4,5,5,2,4,1,6,1,0
2311,3,2022,0,40,1,0,3,0,1,0,0,0,0,4,4,5,4,4,4,3,3,4,5,3,4,3,3,5,1
2312,3,2022,1,75,1,0,0,1,0,0,0,1,0,3,3,3,6,4,3,5,3,5,5,3,1,1,4,4,1
2313,3,2022,0,36,1,1,4,0,1,0,0,0,0,1,1,4,7,5,1,7,7,2,7,5,7,4,4,4,1
2314,3,2022,0,41,1,1,5,0,1,0,0,0,0,1,5,7,7,1,1,7,7,1,6,1,1,1,1,6,0
2315,3,2022,1,46,0,0,3,0,1,0,0,0,0,2,2,2,5,2,2,6,6,5,4,4,2,2,4,4,1
2316,3,2022,1,55,0,0,0,1,0,0,0,1,0,4,4,4,4,5,4,4,3,4,5,4,4,4,4,4,1
2317,3,2022,0,37,0,0,4,0,1,0,0,0,0,3,5,5,3,3,4,7,7,3,5,4,3,7,5,4,1
2318,3,2022,0,41,1,1,0,1,0,1,0,0,0,4,1,1,4,4,4,4,4,4,4,4,4,4,4,4,1
2319,3,2022,1,55,1,1,5,0,1,0,0,0,0,3,5,4,3,5,1,6,4,6,4,3,4,4,4,4,1
2320,3,2022,0,51,1,1,5,0,0,1,0,0,0,2,5,7,6,1,1,7,1,6,1,1,2,1,1,1,1
2321,3,2022,1,56,1,1,5,0,1,0,0,0,0,4,4,4,3,3,3,3,3,3,3,3,2,3,3,3,0
2322,3,2022,1,54,1,1,0,1,1,0,0,0,0,4,5,4,6,3,3,6,2,5,2,2,4,1,2,2,0
2323,3,2022,0,47,1,1,4,0,0,1,0,0,0,5,5,5,4,6,5,7,6,5,5,6,5,5,6,6,0
2324,3,2022,1,52,1,1,0,1,1,0,0,0,0,4,5,4,7,4,3,6,1,6,1,1,4,1,1,1,0
2325,3,2022,0,25,0,0,2,0,1,0,0,0,0,5,5,5,5,5,5,4,1,5,4,1,4,1,1,1,0
2326,3,2022,0,30,0,0,3,0,1,0,0,0,0,4,7,5,4,5,4,5,5,5,5,4,5,4,4,5,1
2327,3,2022,0,43,1,1,5,0,0,1,0,0,0,4,4,5,5,5,4,5,2,6,5,2,2,2,5,3,0
2328,3,2022,1,58,1,1,2,0,1,0,0,0,0,1,2,1,1,1,1,7,2,2,2,1,4,1,2,2,1
2329,3,2022,0,37,0,0,1,0,1,0,0,0,0,2,2,2,3,2,2,6,2,4,2,2,2,2,2,1,1
2330,3,2022,1,46,0,0,3,0,1,0,0,0,0,4,4,4,4,4,4,4,4,4,4,4,4,4,4,2,0
2331,3,2022,1,79,1,1,2,0,0,0,0,1,0,4,6,7,2,5,5,7,4,7,4,1,4,1,1,1,0
2332,3,2022,1,61,0,1,0,1,1,0,0,0,0,3,2,3,3,2,2,3,4,3,5,4,3,4,4,4,1
2333,3,2022,0,70,0,0,3,0,1,0,0,0,0,4,5,5,5,3,1,7,5,5,5,1,4,1,1,3,1
2334,3,2022,1,63,1,1,2,0,1,0,0,0,0,4,1,5,4,4,1,7,3,4,3,2,5,3,1,1,1
2335,3,2022,0,31,1,1,4,0,0,1,0,0,0,3,3,3,2,5,1,7,1,6,1,1,1,1,1,1,0
2336,3,2022,0,57,1,1,2,0,1,0,0,0,0,5,5,5,4,5,5,4,4,4,4,4,5,4,4,4,1
2337,3,2022,0,39,0,1,1,0,0,1,0,0,0,4,4,4,3,4,4,4,4,4,4,4,4,4,3,4,0
2338,3,2022,1,50,1,0,2,0,1,0,0,0,0,1,1,2,7,3,1,7,1,4,1,1,7,5,1,1,1
2339,3,2022,1,51,1,1,5,0,1,0,0,0,0,6,5,4,5,5,4,7,1,5,3,1,1,1,1,1,0
2340,3,2022,1,45,1,1,5,0,1,0,0,0,0,4,4,4,4,4,4,6,4,5,3,4,4,4,1,1,1
2341,3,2022,0,49,0,0,0,1,1,0,0,0,0,4,5,5,3,4,3,6,5,3,5,4,7,4,5,7,1
2342,3,2022,1,48,0,0,5,0,1,0,0,0,0,4,4,4,4,4,4,4,4,3,4,4,1,4,4,4,1
2343,3,2022,1,47,0,1,1,0,0,0,0,1,0,7,4,3,7,1,2,4,1,1,2,3,7,1,4,4,1
2344,3,2022,1,37,0,0,2,0,0,0,0,1,0,5,5,5,4,5,5,6,4,4,4,4,4,4,4,4,1
2345,3,2022,0,39,0,0,3,0,1,0,0,0,0,5,5,5,5,2,1,6,4,4,1,1,5,4,1,1,1
2346,3,2022,0,30,1,1,2,0,0,1,0,0,0,4,1,4,5,4,3,4,4,3,4,4,5,4,3,3,0
2347,3,2022,0,47,1,1,0,1,0,1,0,0,0,4,6,4,5,4,4,4,6,5,5,3,6,4,4,5,1
2348,3,2022,0,37,1,1,5,0,1,0,0,0,0,2,3,3,3,2,3,3,4,3,4,4,3,3,4,3,1
2349,3,2022,1,54,0,0,5,0,1,0,0,0,0,7,6,6,5,4,5,6,4,5,4,4,4,4,4,4,1
2350,3,2022,1,44,1,1,4,0,1,0,0,0,0,5,4,5,4,5,6,7,1,4,7,1,3,1,1,3,0
2351,3,2022,1,50,0,0,0,1,1,0,0,0,0,3,4,5,5,4,5,4,5,4,3,4,3,4,5,3,1
2352,3,2022,1,59,0,0,1,0,1,0,0,0,0,4,4,4,4,2,1,5,5,2,5,5,6,4,5,5,1
2353,3,2022,0,28,1,1,0,1,1,0,0,0,0,2,2,1,2,2,2,3,2,1,1,1,3,2,1,3,1
2354,3,2022,1,53,1,0,4,0,1,0,0,0,0,4,4,4,4,4,4,4,4,4,4,4,4,4,4,4,1
2355,3,2022,1,33,0,0,0,1,0,0,0,0,1,2,4,4,2,4,2,7,4,1,7,4,7,4,3,5,1
2356,3,2022,1,58,0,0,2,0,1,0,0,0,0,1,1,1,3,1,1,6,1,4,1,1,1,1,1,1,0
2357,3,2022,0,34,1,0,5,0,1,0,0,0,0,1,1,1,1,1,1,1,4,1,3,2,2,1,4,2,0
2358,3,2022,0,55,0,0,2,0,0,0,0,0,1,1,1,7,7,5,1,7,6,3,5,1,4,4,4,2,1
2359,3,2022,0,44,1,0,0,1,1,0,0,0,0,3,2,5,6,1,4,7,5,6,5,5,5,3,4,4,1
2360,3,2022,0,42,0,0,3,0,1,0,0,0,0,4,4,4,4,4,4,4,4,4,4,4,4,4,4,4,0
2361,3,2022,0,37,0,0,0,1,1,0,0,0,0,7,6,6,7,7,1,7,3,5,6,4,4,1,3,3,0
2362,3,2022,1,34,0,0,4,0,1,0,0,0,0,3,5,4,2,5,3,4,4,1,6,1,3,4,2,4,1
2363,3,2022,1,69,1,1,3,0,1,0,0,0,0,5,6,6,6,6,1,7,2,6,5,2,2,1,1,1,0
2364,3,2022,1,39,0,0,3,0,1,0,0,0,0,7,2,5,6,5,1,6,4,5,1,1,4,1,1,2,1
2365,3,2022,0,43,0,1,2,0,0,0,0,1,0,3,5,4,3,4,2,4,4,5,4,4,5,3,3,4,1
2366,3,2022,1,52,1,1,0,1,1,0,0,0,0,5,7,4,7,5,1,7,4,4,5,1,4,1,1,4,0
2367,3,2022,0,35,0,0,4,0,1,0,0,0,0,4,4,5,4,4,4,4,4,4,4,4,4,4,4,4,1
2368,3,2022,1,61,1,1,3,0,1,0,0,0,0,3,2,4,3,5,3,5,3,4,4,2,4,3,2,1,0
2369,3,2022,1,53,0,0,2,0,1,0,0,0,0,5,4,5,4,4,4,7,4,5,4,4,3,4,4,4,1
2370,3,2022,1,39,1,1,3,0,1,0,0,0,0,4,4,3,4,5,1,7,4,5,1,1,3,1,1,1,1
2371,3,2022,0,44,1,1,2,0,1,0,0,0,0,4,2,3,2,2,5,7,6,4,6,3,6,2,2,4,0
2372,3,2022,1,33,1,1,4,0,1,0,0,0,0,4,4,4,5,4,4,4,6,4,4,3,4,4,1,2,1
2373,3,2022,0,57,0,0,2,0,1,0,0,0,0,5,6,5,6,2,1,7,4,6,2,1,3,5,1,1,1
2374,3,2022,1,69,1,1,4,0,0,0,0,1,0,7,7,7,7,6,1,6,1,6,2,1,2,1,1,1,0
2375,3,2022,1,46,1,1,4,0,1,0,0,0,0,3,3,2,2,3,2,2,2,2,3,2,2,2,3,3,1
2376,3,2022,0,38,1,1,0,1,0,1,0,0,0,2,1,1,4,4,1,6,4,2,4,4,5,5,4,4,1
2377,3,2022,0,29,1,1,5,0,1,0,0,0,0,5,6,6,5,3,5,7,1,5,5,2,1,1,1,2,0
2378,3,2022,1,51,0,0,0,1,1,0,0,0,0,4,2,4,4,4,4,4,4,4,4,4,4,4,4,4,1
2379,3,2022,1,64,1,0,2,0,1,0,0,0,0,5,1,5,4,5,5,6,4,6,1,1,5,1,1,1,0
2380,3,2022,0,31,0,0,3,0,1,0,0,0,0,3,3,2,3,2,4,6,3,3,3,2,3,3,2,2,1
2381,3,2022,1,53,1,1,4,0,1,0,0,0,0,5,1,6,6,4,4,7,4,4,1,2,4,4,2,1,0
2382,3,2022,1,51,1,1,5,0,1,0,0,0,0,3,3,3,3,2,3,2,3,3,2,2,2,3,3,3,1
2383,3,2022,0,37,0,0,2,0,1,0,0,0,0,7,2,5,6,1,1,4,1,4,5,4,1,1,1,4,1
2384,3,2022,1,67,1,1,2,0,1,0,0,0,0,3,3,4,3,4,3,3,4,3,4,4,3,4,4,5,0
2385,3,2022,1,68,1,1,2,0,1,0,0,0,0,2,1,3,7,3,1,7,1,7,1,1,4,1,1,1,1
2386,3,2022,1,66,1,1,5,0,1,0,0,0,0,5,6,6,6,6,4,6,1,6,1,1,1,1,1,4,0
2387,3,2022,1,43,0,0,2,0,1,0,0,0,0,7,6,6,4,7,1,4,4,4,4,5,5,4,4,4,0
2388,3,2022,1,58,1,0,2,0,1,0,0,0,0,5,6,5,2,5,1,6,5,4,4,1,6,4,1,5,1
2389,3,2022,1,32,1,0,3,0,1,0,0,0,0,6,5,5,4,5,5,4,4,5,4,5,4,4,6,5,1
2390,3,2022,1,52,0,0,4,0,1,0,0,0,0,5,7,4,6,1,1,7,2,4,3,1,4,1,1,2,1
2391,3,2022,0,56,1,1,5,0,0,1,0,0,0,3,3,3,4,3,3,3,4,3,4,4,4,4,4,4,1
2392,3,2022,1,53,1,1,4,0,1,0,0,0,0,1,1,1,1,1,1,1,1,1,1,1,1,1,1,1,1
2393,3,2022,1,49,1,1,5,0,1,0,0,0,0,1,1,1,1,1,1,1,1,1,1,1,1,1,1,1,1
2394,3,2022,0,41,1,1,0,1,1,0,0,0,0,2,2,5,5,5,1,6,5,4,5,4,5,3,2,2,0
2395,3,2022,0,31,1,1,3,0,0,1,0,0,0,2,3,6,5,6,1,7,5,7,4,4,2,1,1,1,0
2396,3,2022,0,48,1,1,0,1,1,0,0,0,0,1,1,5,6,5,5,7,1,6,1,1,1,1,1,1,1
2397,3,2022,0,76,1,1,2,0,0,1,0,0,0,5,5,3,6,5,5,7,5,3,5,1,5,1,1,1,1
2398,3,2022,1,40,1,1,5,0,1,0,0,0,0,4,5,5,5,4,1,7,1,5,1,1,4,1,1,1,0
2399,3,2022,1,55,1,1,5,0,1,0,0,0,0,5,4,5,5,4,4,6,4,5,5,1,3,4,3,3,0
2400,3,2022,0,30,1,1,3,0,0,0,0,0,1,2,2,6,5,1,2,7,1,3,1,1,1,1,1,1,0
2401,3,2022,1,41,1,1,5,0,1,0,0,0,0,4,5,4,5,3,3,5,4,5,5,4,1,4,1,2,0
2402,3,2022,1,21,0,0,3,0,0,0,1,0,0,5,4,4,3,4,2,7,1,5,1,1,1,1,1,1,0
2403,3,2022,0,42,0,0,4,0,1,0,0,0,0,1,1,1,4,1,1,1,3,1,1,1,4,1,1,1,1
2404,3,2022,0,73,0,1,2,0,0,1,0,0,0,5,6,6,5,6,5,7,2,6,5,4,2,2,2,1,0
2405,3,2022,0,49,1,1,5,0,1,0,0,0,0,5,4,4,7,6,1,7,4,7,4,1,4,4,1,1,0
2406,3,2022,0,62,1,0,3,0,1,0,0,0,0,3,7,7,5,3,3,5,2,6,2,2,3,2,2,2,1
2407,3,2022,1,56,0,1,0,1,1,0,0,0,0,5,5,5,7,6,2,7,2,7,3,2,2,2,2,2,1
2408,3,2022,0,33,1,0,0,1,0,1,0,0,0,4,3,5,5,6,5,5,3,4,4,4,4,1,4,3,0
2409,3,2022,0,65,0,0,0,1,0,0,0,1,0,1,1,5,4,1,5,7,1,4,3,1,1,3,1,1,1
2410,3,2022,0,29,0,0,0,1,1,0,0,0,0,6,5,5,6,6,7,7,1,6,2,1,3,1,1,2,1
2411,3,2022,0,61,1,1,0,1,0,1,0,0,0,4,6,4,5,5,5,6,1,4,5,2,4,1,1,1,0
2412,3,2022,0,60,1,0,0,1,0,1,0,0,0,5,6,2,5,4,1,7,4,1,2,1,5,4,1,5,1
2413,3,2022,1,54,1,1,5,0,1,0,0,0,0,4,5,4,7,1,1,6,1,6,1,1,5,1,1,1,1
2414,3,2022,1,57,1,1,5,0,1,0,0,0,0,4,4,4,4,4,4,4,5,4,5,4,4,5,4,4,0
2415,3,2022,0,56,0,0,1,0,0,0,0,1,0,5,1,1,3,1,1,7,4,3,4,2,5,5,1,1,1
2416,3,2022,1,47,0,0,3,0,1,0,0,0,0,1,1,1,2,1,1,7,7,7,7,5,7,7,6,7,1
2417,3,2022,0,28,1,1,3,0,0,1,0,0,0,4,5,5,5,5,4,7,2,5,1,1,4,1,1,1,0
2418,3,2022,1,56,1,0,5,0,1,0,0,0,0,4,4,4,4,5,4,4,4,4,4,4,4,4,4,4,1
2419,3,2022,1,48,0,0,2,0,1,0,0,0,0,1,1,1,2,2,2,1,3,2,2,2,3,2,2,2,1
2420,3,2022,0,64,1,1,3,0,1,0,0,0,0,3,2,5,6,6,4,6,6,6,5,5,4,6,4,2,0
2421,3,2022,1,44,0,0,1,0,1,0,0,0,0,5,4,4,5,4,3,6,4,4,4,3,4,4,4,4,1
2422,3,2022,1,67,1,1,5,0,1,0,0,0,0,4,4,3,5,4,3,6,4,5,5,4,4,4,4,4,1
2423,3,2022,0,75,1,1,0,1,0,1,0,0,0,5,5,5,6,4,4,5,4,4,4,3,4,4,2,2,1
2424,3,2022,0,67,0,1,0,1,0,0,0,1,0,4,4,7,7,4,4,7,1,7,1,1,4,1,1,1,1
2425,3,2022,0,55,1,0,2,0,0,1,0,0,0,6,6,7,6,6,2,7,2,6,5,1,4,1,1,1,1
2426,3,2022,0,48,0,0,0,1,0,1,0,0,0,3,4,5,5,1,1,7,4,5,5,4,5,4,3,4,1
2427,3,2022,0,52,1,1,0,1,1,0,0,0,0,5,5,7,4,7,4,7,1,5,1,1,1,1,1,1,0
2428,3,2022,0,70,1,1,0,1,0,1,0,0,0,2,5,6,6,7,5,7,1,7,1,1,2,1,1,1,0
2429,3,2022,1,59,1,1,5,0,1,0,0,0,0,5,2,7,7,1,1,7,4,4,4,1,1,1,1,1,1
2430,3,2022,0,50,1,0,5,0,0,1,0,0,0,1,1,5,5,1,1,5,1,5,1,1,2,2,1,1,1
2431,3,2022,0,37,0,0,1,0,0,0,0,1,0,7,2,2,2,2,2,1,3,5,2,3,7,3,4,3,1
2432,3,2022,0,49,1,1,5,0,0,1,0,0,0,1,4,1,3,5,5,7,4,1,2,2,2,5,1,5,1
2433,3,2022,0,46,1,1,3,0,1,0,0,0,0,2,2,2,6,3,1,6,5,2,5,4,4,3,1,2,1
2434,3,2022,0,42,1,1,0,1,1,0,0,0,0,3,2,3,4,4,2,5,4,4,3,2,3,2,3,3,0
2435,3,2022,0,58,0,0,0,1,1,0,0,0,0,4,4,4,7,4,1,5,4,5,1,1,6,1,1,4,0
2436,3,2022,1,34,0,0,4,0,1,0,0,0,0,4,5,5,5,5,4,6,2,5,4,2,5,4,5,5,1
2437,3,2022,1,52,1,1,5,0,1,0,0,0,0,6,5,6,6,6,2,7,1,6,1,1,1,2,1,1,0
2438,3,2022,1,55,1,1,4,0,1,0,0,0,0,1,1,1,2,2,1,1,2,1,1,1,2,1,1,2,1
2439,3,2022,1,58,1,1,0,1,1,0,0,0,0,1,1,1,1,1,1,1,4,1,4,4,4,4,4,4,0
2440,3,2022,1,67,1,1,4,0,1,0,0,0,0,5,4,4,2,4,2,6,2,5,3,1,4,2,4,3,0
2441,3,2022,0,47,0,0,1,0,0,0,0,1,0,3,3,2,3,4,4,4,7,4,5,5,3,4,6,5,0
2442,3,2022,0,50,0,1,2,0,1,0,0,0,0,5,2,2,6,3,1,6,2,2,4,2,1,1,2,2,1
2443,3,2022,0,53,1,1,5,0,0,1,0,0,0,2,5,6,5,5,5,4,6,5,5,4,5,4,3,1,0
2444,3,2022,1,35,1,1,4,0,1,0,0,0,0,4,1,1,7,7,1,6,1,5,1,1,1,1,1,1,1
2445,3,2022,0,22,0,0,2,0,1,0,0,0,0,5,4,5,7,5,5,5,1,7,1,1,5,1,1,1,0
2446,3,2022,1,55,1,1,5,0,1,0,0,0,0,1,6,4,4,4,5,7,4,4,3,2,5,4,4,4,0
2447,3,2022,1,51,1,1,5,0,1,0,0,0,0,4,5,5,7,4,2,7,1,7,1,1,5,1,1,1,0
2448,3,2022,1,71,1,1,2,0,0,0,0,1,0,4,1,4,4,4,4,4,4,4,4,4,4,4,4,4,1
2449,3,2022,0,68,1,1,0,1,0,1,0,0,0,6,5,5,6,2,1,7,3,5,5,5,3,3,5,3,0
2450,3,2022,0,52,1,0,3,0,0,0,0,1,0,1,5,4,2,5,1,6,6,2,6,5,7,5,5,7,1
2451,3,2022,1,45,0,0,2,0,1,0,0,0,0,6,5,6,7,6,5,7,1,6,4,1,3,1,1,1,0
2452,3,2022,1,73,1,1,5,0,1,0,0,0,0,3,5,5,3,4,3,5,4,1,6,3,7,1,4,6,1
2453,3,2022,0,29,0,0,0,1,1,0,0,0,0,4,4,5,5,5,4,6,4,5,4,2,3,3,2,2,0
2454,3,2022,0,65,1,0,3,0,0,1,0,0,0,5,4,3,4,4,5,4,4,4,4,3,4,3,4,5,0
2455,3,2022,1,67,1,1,5,0,1,0,0,0,0,7,4,4,7,5,3,6,3,4,3,3,3,2,3,3,1
2456,3,2022,1,64,1,1,2,0,1,0,0,0,0,4,4,4,4,4,4,6,4,4,4,4,4,4,4,5,0
2457,3,2022,0,29,0,0,0,1,0,0,0,1,0,4,5,4,3,3,3,3,2,4,4,3,3,3,3,4,0
2458,3,2022,1,56,0,1,4,0,1,0,0,0,0,5,5,5,7,5,1,6,1,5,1,1,4,1,1,2,0
2459,3,2022,0,46,1,1,5,0,1,0,0,0,0,5,5,5,7,7,1,4,1,7,1,1,1,1,1,1,0
2460,3,2022,0,59,0,0,0,1,1,0,0,0,0,4,4,4,4,4,4,4,4,4,4,4,4,4,4,4,1
2461,3,2022,1,48,1,1,5,0,1,0,0,0,0,6,6,6,5,3,3,6,3,5,3,3,3,3,3,3,1
2462,3,2022,1,59,0,1,5,0,1,0,0,0,0,5,5,4,6,5,1,7,6,5,1,1,5,5,1,1,1
2463,3,2022,0,29,0,0,5,0,1,0,0,0,0,1,1,4,4,1,1,1,5,1,6,2,4,4,5,4,1
2464,3,2022,0,40,1,1,0,1,0,1,0,0,0,2,1,5,5,4,5,5,3,4,3,1,1,1,2,3,0
2465,3,2022,1,52,1,0,5,0,1,0,0,0,0,5,6,5,5,2,2,6,2,6,5,2,2,2,2,2,1
2466,3,2022,0,25,0,0,0,1,1,0,0,0,0,1,1,1,1,1,1,1,1,1,1,1,1,1,1,1,1
2467,3,2022,1,69,1,1,2,0,0,0,0,1,0,4,4,5,6,6,6,7,3,5,3,3,5,2,3,3,1
2468,3,2022,0,61,1,1,3,0,1,0,0,0,0,1,4,5,7,5,1,7,1,5,6,4,1,1,1,5,0
2469,3,2022,0,56,1,1,5,0,1,0,0,0,0,2,2,5,7,5,5,6,2,6,2,2,3,1,2,2,0
2470,3,2022,0,31,0,0,3,0,1,0,0,0,0,6,7,7,7,6,1,7,3,7,1,1,1,1,1,1,1
2471,3,2022,0,78,0,0,1,0,0,0,0,1,0,7,7,6,6,5,6,7,1,7,1,1,3,1,1,1,1
2472,3,2022,1,41,0,0,3,0,1,0,0,0,0,7,1,7,7,7,7,7,1,7,5,1,1,1,1,1,1
2473,3,2022,0,33,0,0,2,0,1,0,0,0,0,4,5,5,6,6,6,6,2,6,2,2,2,2,2,2,0
2474,3,2022,1,54,0,0,1,0,0,0,0,1,0,7,1,3,4,1,1,1,4,5,5,2,4,4,1,1,1
2475,3,2022,1,50,0,0,3,0,1,0,0,0,0,5,4,4,3,4,4,7,4,5,4,4,4,4,4,4,1
2476,3,2022,0,53,1,1,1,0,0,1,0,0,0,6,6,6,6,4,5,6,5,6,4,4,4,4,5,3,0
2477,3,2022,0,38,0,0,3,0,1,0,0,0,0,5,7,5,7,6,1,7,5,4,1,1,1,1,1,1,1
2478,3,2022,1,51,1,1,3,0,1,0,0,0,0,1,1,1,4,5,1,5,4,4,4,4,4,4,4,4,1
2479,3,2022,1,23,0,0,4,0,0,0,0,1,0,7,5,5,1,7,5,5,1,1,1,1,4,5,1,1,1
2480,3,2022,1,46,0,0,3,0,1,0,0,0,0,5,6,6,6,4,6,5,1,7,1,1,1,1,2,2,1
2481,3,2022,0,46,0,0,2,0,1,0,0,0,0,3,5,5,5,3,3,7,4,6,6,2,7,4,4,7,0
2482,3,2022,1,29,0,0,2,0,1,0,0,0,0,5,6,5,6,6,5,5,3,5,7,6,3,6,6,6,1
2483,3,2022,0,45,1,1,4,0,1,0,0,0,0,4,5,5,5,2,1,5,7,4,4,1,4,4,3,1,1
2484,3,2022,0,35,1,0,0,1,1,0,0,0,0,3,3,4,4,3,4,4,4,4,4,3,4,4,3,4,1
2485,3,2022,0,60,0,1,1,0,0,0,0,1,0,3,3,2,7,2,2,7,2,5,1,1,4,2,1,1,1
2486,3,2022,0,62,1,1,0,1,1,0,0,0,0,5,5,6,3,7,1,7,3,6,2,2,4,3,3,2,0
2487,3,2022,0,32,0,0,0,1,1,0,0,0,0,1,1,1,5,4,1,4,4,4,1,1,1,1,1,1,1
2488,3,2022,0,30,1,0,3,0,0,1,0,0,0,3,1,1,5,1,1,7,1,5,1,1,1,1,1,1,1
2489,3,2022,0,69,1,1,0,1,0,1,0,0,0,5,7,7,4,7,1,7,1,4,3,1,3,5,1,1,0
2490,3,2022,1,56,0,0,3,0,1,0,0,0,0,5,3,3,6,5,6,6,2,5,1,1,5,2,1,1,0
2491,3,2022,1,56,0,0,0,1,0,0,0,1,0,1,1,1,4,1,1,7,7,4,5,4,6,4,4,4,1
2492,3,2022,1,49,1,1,5,0,1,0,0,0,0,5,6,5,2,6,5,7,1,6,1,1,1,1,1,1,0
2493,3,2022,1,28,0,0,2,0,1,0,0,0,0,1,1,2,1,2,1,1,1,1,1,1,2,1,1,1,1
2494,3,2022,1,42,1,1,0,1,1,0,0,0,0,4,1,1,5,4,4,5,5,5,5,4,5,4,4,3,1
2495,3,2022,0,55,1,1,4,0,1,0,0,0,0,7,1,7,5,7,7,7,1,7,1,1,4,1,1,1,0
2496,3,2022,0,52,0,0,2,0,1,0,0,0,0,1,1,1,1,1,1,1,1,1,1,1,1,1,1,1,1
2497,3,2022,0,41,1,1,5,0,1,0,0,0,0,4,7,5,6,2,6,7,3,7,5,3,4,1,2,2,1
2498,3,2022,1,46,0,0,5,0,1,0,0,0,0,3,4,3,3,4,2,3,5,2,4,4,4,3,5,4,0
2499,3,2022,0,40,1,1,0,1,0,0,0,1,0,6,5,3,3,3,5,5,3,3,3,3,4,3,3,3,1
2500,3,2022,1,62,0,0,1,0,1,0,0,0,0,3,3,3,5,4,5,7,1,5,2,1,3,1,1,1,1
2501,3,2022,1,69,1,1,2,0,0,0,0,1,0,5,7,7,6,3,3,6,4,5,5,5,4,6,5,4,0
2502,3,2022,1,68,1,1,5,0,1,0,0,0,0,5,6,5,7,5,1,6,2,6,2,1,2,2,1,1,1
2503,3,2022,1,57,1,1,5,0,1,0,0,0,0,1,4,4,5,4,1,6,1,7,1,2,1,1,1,1,1
2504,3,2022,1,60,1,0,1,0,0,0,0,1,0,4,7,6,7,4,2,7,1,4,5,1,4,1,1,1,1
2505,3,2022,1,70,0,0,3,0,1,0,0,0,0,4,3,3,7,1,1,5,1,5,1,1,1,1,1,1,1
2506,3,2022,1,53,1,0,3,0,1,0,0,0,0,3,1,2,6,1,1,6,3,3,5,3,4,2,2,2,1
2507,3,2022,0,49,1,0,0,1,0,1,0,0,0,1,1,1,1,1,1,7,7,1,6,4,7,7,4,4,1
2508,3,2022,1,52,1,1,3,0,1,0,0,0,0,5,5,4,3,5,1,7,5,3,4,3,5,4,3,3,1
2509,3,2022,1,63,1,1,3,0,1,0,0,0,0,6,5,6,4,3,3,6,2,6,2,1,2,1,1,1,1
2510,3,2022,1,48,1,0,4,0,1,0,0,0,0,6,3,5,5,3,3,5,2,5,2,2,2,2,3,5,1
2511,3,2022,1,55,1,0,3,0,0,0,0,1,0,7,5,6,7,5,1,7,1,7,1,1,3,3,1,1,0
2512,3,2022,0,45,1,0,0,1,0,1,0,0,0,4,7,5,7,7,1,7,2,7,1,1,5,5,1,5,1
2513,3,2022,1,74,1,1,3,0,1,0,0,0,0,5,5,5,6,5,4,4,3,5,3,5,3,3,2,3,1
2514,3,2022,1,55,1,1,4,0,1,0,0,0,0,4,4,4,4,4,4,7,4,4,4,1,4,4,4,4,1
2515,3,2022,0,37,0,0,2,0,1,0,0,0,0,5,2,2,4,3,2,4,4,4,4,4,4,4,4,3,1
2516,3,2022,1,54,0,0,3,0,1,0,0,0,0,1,2,3,3,3,3,6,5,6,3,2,5,4,2,5,1
2517,3,2022,1,50,0,0,0,1,1,0,0,0,0,6,7,4,7,3,1,7,5,4,4,1,4,4,1,7,1
2518,3,2022,1,35,1,1,5,0,1,0,0,0,0,3,2,3,2,2,3,2,3,4,3,3,2,1,2,2,1
2519,3,2022,1,46,1,0,5,0,1,0,0,0,0,5,5,5,6,5,5,6,2,6,2,2,2,2,2,1,0
2520,3,2022,1,34,0,0,0,1,1,0,0,0,0,1,1,1,4,4,1,5,4,2,2,2,4,4,2,2,1
2521,3,2022,0,51,0,0,3,0,1,0,0,0,0,3,5,5,3,3,1,6,1,4,3,1,4,1,1,1,1
2522,3,2022,1,31,1,1,4,0,1,0,0,0,0,5,5,3,6,5,3,6,5,5,5,3,5,4,1,1,0
2523,3,2022,1,61,1,1,3,0,1,0,0,0,0,5,5,5,4,4,4,5,5,5,4,5,5,5,4,4,1
2524,3,2022,1,64,0,1,2,0,0,0,0,1,0,5,3,3,6,1,2,6,5,4,2,4,4,3,2,2,1
2525,3,2022,0,30,1,0,2,0,0,1,0,0,0,4,5,5,4,4,4,7,4,4,6,5,2,2,2,2,1
2526,3,2022,1,61,1,1,5,0,1,0,0,0,0,6,7,6,7,5,1,7,2,7,2,1,1,1,1,2,0
2527,3,2022,1,49,0,0,3,0,1,0,0,0,0,7,7,7,7,1,1,7,1,4,1,1,1,1,1,1,1
2528,3,2022,0,52,0,0,2,0,1,0,0,0,0,2,2,5,7,2,1,7,5,5,5,1,6,1,6,7,1
2529,3,2022,1,79,1,1,2,0,0,0,0,1,0,1,5,4,6,3,3,6,2,5,5,2,1,2,2,1,0
2530,3,2022,0,46,1,1,2,0,0,1,0,0,0,4,2,5,6,2,3,6,7,2,2,1,5,7,1,1,1
2531,3,2022,0,45,1,1,3,0,1,0,0,0,0,4,1,3,4,1,2,5,4,5,2,2,5,2,2,3,1
2532,3,2022,0,47,1,1,3,0,0,1,0,0,0,3,2,4,3,4,5,7,5,4,3,2,5,1,1,1,1
2533,3,2022,1,59,0,0,1,0,0,0,0,1,0,4,4,4,4,4,4,5,4,4,4,5,4,4,4,4,0
2534,3,2022,0,59,1,1,3,0,1,0,0,0,0,2,4,5,6,7,4,6,4,2,2,1,4,1,1,1,1
2535,3,2022,0,76,0,1,5,0,0,0,0,0,1,5,5,7,7,6,5,7,2,6,5,3,1,4,2,2,0
2536,3,2022,0,28,0,0,5,0,1,0,0,0,0,5,6,6,6,6,5,6,2,6,2,3,2,3,2,2,0
2537,3,2022,1,62,1,1,2,0,1,0,0,0,0,5,4,3,4,4,2,3,4,3,4,3,4,4,4,4,0
2538,3,2022,0,66,1,1,0,1,0,1,0,0,0,4,4,5,5,4,5,5,4,5,4,2,4,1,2,4,1
2539,3,2022,0,44,1,1,5,0,0,1,0,0,0,4,5,7,6,6,4,7,1,6,5,1,1,1,1,1,0
2540,3,2022,1,34,1,1,5,0,1,0,0,0,0,7,7,6,7,6,7,7,6,7,6,6,7,7,7,6,0
2541,3,2022,0,34,0,0,1,0,1,0,0,0,0,5,1,3,4,5,4,5,4,4,5,4,4,3,4,4,1
2542,3,2022,1,55,1,1,3,0,1,0,0,0,0,5,4,4,4,5,5,6,2,6,2,2,4,2,2,3,0
2543,3,2022,1,44,1,1,3,0,1,0,0,0,0,4,5,4,4,3,4,4,5,3,3,4,3,3,3,2,0
2544,3,2022,1,38,0,0,3,0,1,0,0,0,0,7,7,7,2,7,7,7,3,4,1,1,4,1,1,5,0
2545,3,2022,0,35,1,0,2,0,0,1,0,0,0,3,3,4,4,4,4,4,4,4,4,4,4,3,4,3,1
2546,3,2022,0,49,1,1,4,0,1,0,0,0,0,5,5,6,5,5,3,5,5,5,6,4,5,3,5,5,0
2547,3,2022,0,63,1,1,2,0,0,1,0,0,0,6,1,6,5,7,1,2,1,5,3,3,4,1,1,1,0
2548,3,2022,1,48,1,1,4,0,1,0,0,0,0,3,4,3,6,3,5,6,5,3,6,6,6,4,6,6,1
2549,3,2022,1,54,1,1,3,0,1,0,0,0,0,3,7,6,4,4,5,7,1,4,1,1,1,1,1,1,0
2550,3,2022,0,32,1,1,5,0,1,0,0,0,0,4,4,5,4,5,5,5,4,4,4,1,4,4,1,4,1
2551,3,2022,1,61,0,0,2,0,1,0,0,0,0,1,4,2,4,1,1,1,4,4,3,2,7,4,1,5,1
2552,3,2022,0,63,1,1,2,0,0,1,0,0,0,3,2,5,3,1,1,6,2,6,4,2,2,2,2,2,1
2553,3,2022,1,47,0,0,3,0,1,0,0,0,0,4,5,5,4,4,4,4,4,4,4,4,4,4,4,4,1
2554,3,2022,1,77,1,1,3,0,0,0,0,1,0,1,6,5,4,2,3,7,4,6,5,2,4,1,1,1,0
2555,3,2022,0,41,1,1,3,0,0,1,0,0,0,5,5,5,6,2,5,5,1,6,1,1,6,1,1,1,1
2556,3,2022,0,40,1,0,3,0,1,0,0,0,0,6,7,7,7,7,7,7,1,7,1,1,7,1,1,1,1
2557,3,2022,1,57,1,1,3,0,1,0,0,0,0,4,4,4,4,4,3,4,4,5,4,4,4,4,4,4,1
2558,3,2022,0,57,1,1,2,0,0,1,0,0,0,3,2,1,1,2,2,1,1,2,2,2,1,2,1,1,1
2559,3,2022,1,35,1,1,3,0,1,0,0,0,0,4,4,4,4,4,4,4,4,4,4,4,4,4,4,4,1
2560,3,2022,0,49,1,1,5,0,1,0,0,0,0,5,6,5,7,7,1,6,1,6,3,1,1,3,1,1,0
2561,3,2022,0,73,1,1,2,0,0,1,0,0,0,5,5,5,6,1,1,7,4,6,5,4,4,4,4,1,0
2562,3,2022,1,56,1,1,4,0,1,0,0,0,0,3,3,3,3,3,3,2,3,3,3,3,3,3,3,3,0
2563,3,2022,0,44,1,0,5,0,1,0,0,0,0,5,5,5,6,5,5,6,3,6,2,2,2,2,2,2,1
2564,3,2022,0,45,1,0,4,0,0,1,0,0,0,5,5,7,5,1,1,7,7,3,2,1,4,3,1,5,1
2565,3,2022,1,30,1,1,4,0,1,0,0,0,0,1,2,2,1,1,1,1,1,1,1,1,2,1,1,1,0
2566,3,2022,0,71,1,1,0,1,0,0,0,1,0,4,4,5,5,4,4,5,4,5,3,3,4,4,3,3,1
2567,3,2022,1,32,0,0,0,1,1,0,0,0,0,6,5,6,6,6,6,7,1,6,1,1,1,1,1,1,0
2568,3,2022,1,58,0,0,3,0,1,0,0,0,0,3,4,3,2,1,1,1,1,1,1,1,1,1,1,1,1
2569,3,2022,1,57,1,1,2,0,1,0,0,0,0,4,2,5,6,5,5,6,4,4,5,3,5,3,2,4,1
2570,3,2022,0,56,1,1,5,0,1,0,0,0,0,5,2,5,6,4,3,6,3,4,5,4,4,2,3,5,0
2571,3,2022,1,54,1,0,5,0,1,0,0,0,0,4,5,5,7,5,1,7,4,7,2,1,6,4,4,1,1
2572,3,2022,1,74,1,1,3,0,1,0,0,0,0,3,3,5,5,3,5,5,4,5,2,1,4,1,1,4,1
2573,3,2022,0,24,0,0,0,1,0,0,0,1,0,4,4,4,5,4,4,5,4,4,4,4,4,4,4,3,1
2574,3,2022,0,28,1,0,4,0,1,0,0,0,0,5,7,6,5,5,5,7,4,5,3,1,1,1,1,1,1
2575,3,2022,0,58,0,0,1,0,1,0,0,0,0,4,5,7,7,4,1,7,1,6,1,1,4,1,1,1,1
2576,3,2022,0,65,1,1,2,0,1,0,0,0,0,4,4,5,6,2,1,7,4,4,4,3,3,2,3,2,1
2577,3,2022,0,36,0,0,3,0,1,0,0,0,0,3,4,5,4,4,4,4,4,4,4,4,4,4,4,4,1
2578,3,2022,0,48,1,0,3,0,0,1,0,0,0,5,7,7,6,5,1,7,4,5,5,2,2,1,4,2,1
2579,3,2022,1,30,1,0,5,0,1,0,0,0,0,6,5,6,5,5,1,4,5,6,4,5,4,4,4,6,1
2580,3,2022,0,40,1,0,5,0,1,0,0,0,0,5,2,6,6,5,1,4,2,6,2,1,2,2,2,1,0
2581,3,2022,1,45,0,0,4,0,1,0,0,0,0,4,1,4,4,5,1,7,1,2,1,1,4,4,1,1,1
2582,3,2022,1,53,1,1,4,0,1,0,0,0,0,5,4,4,3,5,4,7,4,4,4,4,4,4,4,4,1
2583,3,2022,0,54,1,1,5,0,0,1,0,0,0,7,7,7,7,7,6,7,4,5,5,1,5,4,7,5,1
2584,3,2022,1,44,1,0,3,0,1,0,0,0,0,4,2,5,3,3,1,7,2,5,3,1,2,1,1,1,1
2585,3,2022,1,45,1,1,5,0,1,0,0,0,0,6,5,6,5,5,5,5,5,5,4,5,4,5,5,4,0
2586,3,2022,0,57,0,0,2,0,0,0,0,1,0,1,1,1,1,1,1,2,1,1,1,1,1,1,1,1,1
2587,3,2022,1,46,0,1,4,0,1,0,0,0,0,2,1,1,1,1,1,1,1,2,2,1,1,1,1,1,1
2588,3,2022,1,61,1,1,3,0,0,0,0,1,0,4,4,4,6,4,1,5,3,5,4,3,2,3,3,3,0
2589,3,2022,1,55,0,0,1,0,0,0,0,0,1,4,1,5,1,5,1,7,1,4,1,1,4,1,1,1,1
2590,3,2022,1,56,1,1,5,0,1,0,0,0,0,4,4,5,5,5,4,5,4,5,4,4,4,4,4,3,1
2591,3,2022,1,67,0,0,2,0,0,0,0,1,0,5,1,3,3,5,2,6,1,3,1,1,4,1,1,1,1
2592,3,2022,0,34,0,0,2,0,1,0,0,0,0,5,4,4,4,4,3,4,4,4,4,4,4,4,4,5,0
2593,3,2022,1,57,1,1,3,0,1,0,0,0,0,2,7,4,7,6,2,6,2,5,1,1,5,2,1,1,1
2594,3,2022,1,69,1,1,5,0,1,0,0,0,0,5,4,4,7,4,4,7,4,7,4,3,4,4,4,4,0
2595,3,2022,1,50,0,0,3,0,1,0,0,0,0,4,7,7,5,1,1,5,4,2,4,1,6,4,6,1,1
2596,3,2022,0,52,1,1,5,0,1,0,0,0,0,5,1,5,7,7,7,7,2,6,4,1,3,1,1,1,0
2597,3,2022,1,37,1,1,4,0,1,0,0,0,0,5,3,5,3,5,5,5,2,4,2,2,2,2,2,2,0
2598,3,2022,0,61,1,1,3,0,1,0,0,0,0,2,2,4,5,2,1,5,3,5,3,6,4,2,2,2,1
2599,3,2022,0,59,0,1,2,0,0,1,0,0,0,7,7,7,3,7,1,7,5,5,7,4,4,1,1,4,1
2600,3,2022,0,45,1,1,0,1,0,1,0,0,0,4,6,4,5,4,4,6,5,2,5,2,3,4,3,4,0
2601,3,2022,0,57,1,1,0,1,0,1,0,0,0,5,4,5,5,6,1,6,2,6,4,1,2,4,1,1,0
2602,3,2022,0,52,1,1,3,0,0,1,0,0,0,5,4,5,5,5,5,5,4,5,4,4,4,4,4,4,1
2603,3,2022,1,48,0,0,3,0,1,0,0,0,0,6,2,6,5,5,5,7,2,6,2,1,2,1,1,1,0
2604,3,2022,0,40,0,0,4,0,1,0,0,0,0,5,5,6,5,7,5,7,5,3,5,1,4,4,1,4,0
2605,3,2022,0,50,1,1,4,0,0,1,0,0,0,3,4,6,7,6,4,2,2,6,4,1,4,4,1,1,1
2606,3,2022,1,47,1,1,4,0,1,0,0,0,0,6,6,6,4,2,3,7,4,5,6,3,4,2,4,4,0
2607,3,2022,0,62,1,1,2,0,0,1,0,0,0,7,7,7,7,4,4,7,4,7,1,1,5,6,1,1,1
2608,3,2022,1,67,1,1,5,0,0,0,0,1,0,5,6,5,5,5,1,7,2,6,2,1,1,1,1,1,0
2609,3,2022,1,43,0,0,4,0,1,0,0,0,0,5,5,4,6,5,1,7,4,4,4,2,4,2,3,3,1
2610,3,2022,1,75,1,1,4,0,1,0,0,0,0,4,4,5,7,4,1,6,3,5,4,4,3,3,3,3,1
2611,3,2022,1,67,1,1,2,0,0,0,0,1,0,5,7,7,7,5,1,7,2,4,2,2,3,2,3,1,1
2612,3,2022,0,52,1,1,5,0,0,1,0,0,0,3,2,3,5,6,4,5,4,4,4,2,3,2,2,1,0
2613,3,2022,0,27,1,0,3,0,1,0,0,0,0,1,1,1,2,1,1,2,3,2,3,3,4,2,2,2,1
2614,3,2022,0,65,1,1,5,0,1,0,0,0,0,4,1,6,5,5,7,7,2,5,1,1,4,1,1,2,1
2615,3,2022,1,27,0,0,5,0,1,0,0,0,0,5,5,5,4,5,5,4,5,4,5,5,4,4,5,5,0
2616,3,2022,0,74,1,1,2,0,0,1,0,0,0,4,4,5,5,4,4,5,3,5,4,4,4,3,4,4,0
2617,3,2022,1,52,1,1,0,1,1,0,0,0,0,3,3,4,4,5,1,5,5,4,4,4,4,4,4,4,1
2618,3,2022,1,61,0,1,2,0,0,0,0,1,0,3,5,5,6,2,2,6,2,4,2,1,5,2,1,5,1
2619,3,2022,0,63,0,1,1,0,0,0,0,1,0,4,2,5,5,5,5,6,2,5,3,3,4,3,2,4,0
2620,3,2022,1,67,1,1,3,0,0,0,0,1,0,5,6,5,6,5,6,6,2,6,2,2,3,2,2,2,1
2621,3,2022,0,40,0,0,3,0,1,0,0,0,0,7,7,7,7,5,4,7,1,4,1,1,1,1,1,4,1
2622,3,2022,1,61,0,0,0,1,0,0,0,1,0,4,4,4,4,4,4,4,4,4,4,4,4,4,4,4,1
2623,3,2022,1,24,0,0,5,0,1,0,0,0,0,6,4,4,2,4,5,5,4,5,4,4,5,4,4,4,1
2624,3,2022,1,35,1,0,2,0,1,0,0,0,0,5,5,5,5,5,5,5,4,5,4,4,4,5,4,5,0
2625,3,2022,1,46,1,1,0,1,1,0,0,0,0,4,4,4,4,4,4,4,4,4,4,4,4,4,4,4,1
2626,3,2022,1,31,0,0,2,0,1,0,0,0,0,1,1,4,5,1,1,7,1,1,1,1,4,1,1,1,1
2627,3,2022,0,57,0,0,1,0,0,0,0,0,1,1,1,5,3,2,1,6,6,1,5,4,6,5,4,6,1
2628,3,2022,0,25,0,0,2,0,1,0,0,0,0,6,3,2,6,6,2,6,2,7,3,2,6,3,2,1,0
2629,3,2022,1,42,1,1,4,0,1,0,0,0,0,1,1,1,1,1,1,2,1,1,1,1,1,1,1,1,0
2630,3,2022,0,64,1,1,1,0,0,1,0,0,0,2,5,5,3,4,2,6,6,5,6,4,4,4,6,4,1
2631,3,2022,1,60,0,0,3,0,0,0,0,1,0,2,5,3,7,2,4,5,5,4,5,2,1,1,4,1,1
2632,3,2022,0,31,1,1,4,0,0,1,0,0,0,1,2,5,6,5,5,7,3,4,4,2,3,1,2,1,1
2633,3,2022,1,32,0,0,4,0,1,0,0,0,0,7,5,4,4,7,4,4,4,4,4,4,1,4,4,4,0
2634,3,2022,1,57,1,0,1,0,1,0,0,0,0,1,1,1,1,1,1,1,1,1,1,1,1,1,1,1,1
2635,3,2022,1,54,1,1,5,0,1,0,0,0,0,4,3,6,7,5,3,7,2,5,5,1,5,5,1,3,1
2636,3,2022,0,48,0,0,0,1,1,0,0,0,0,5,5,4,3,3,4,6,2,4,4,5,6,3,4,3,0
2637,3,2022,1,45,0,0,4,0,1,0,0,0,0,1,1,1,4,1,1,2,4,4,4,4,4,4,4,4,1
2638,3,2022,1,71,1,1,0,1,0,0,0,1,0,5,5,5,6,5,5,5,2,5,2,2,2,2,2,1,1
2639,3,2022,0,58,1,1,5,0,1,0,0,0,0,1,2,4,1,5,1,7,1,7,2,1,1,1,1,1,0
2640,3,2022,0,50,0,0,3,0,1,0,0,0,0,4,4,4,4,4,4,5,4,4,4,4,4,4,4,4,1
2641,3,2022,1,70,1,1,0,1,0,0,0,1,0,1,4,4,4,4,1,7,1,4,4,4,7,1,4,1,1
2642,3,2022,1,57,1,1,4,0,1,0,0,0,0,4,5,4,4,4,4,4,4,4,4,4,4,4,4,5,1
2643,3,2022,0,20,0,1,4,0,0,1,0,0,0,4,5,6,4,4,5,7,4,4,5,1,4,3,4,5,1
2644,3,2022,0,40,1,1,3,0,1,0,0,0,0,4,2,3,5,1,1,5,4,4,4,4,4,4,4,4,1
2645,3,2022,1,49,1,1,5,0,1,0,0,0,0,7,7,5,3,1,1,7,1,3,1,1,5,1,1,1,1
2646,3,2022,0,42,0,0,1,0,1,0,0,0,0,5,7,4,1,5,6,7,7,5,5,3,6,5,4,7,1
2647,3,2022,0,43,0,0,0,1,1,0,0,0,0,5,4,5,2,2,3,7,5,3,5,4,5,5,4,5,0
2648,3,2022,1,50,0,1,3,0,1,0,0,0,0,4,4,5,4,4,4,4,4,4,4,5,4,4,4,5,1
2649,3,2022,1,31,1,0,3,0,1,0,0,0,0,5,5,6,7,6,1,7,2,5,3,1,4,2,4,2,0
2650,3,2022,0,43,1,0,0,1,1,0,0,0,0,5,1,7,6,2,1,7,1,6,4,1,2,1,1,1,1
2651,3,2022,0,35,1,1,5,0,1,0,0,0,0,6,6,6,7,7,3,7,1,6,5,1,1,1,1,1,0
2652,3,2022,0,43,0,1,3,0,1,0,0,0,0,3,5,5,4,2,2,7,6,4,5,3,5,4,4,4,1
2653,3,2022,1,62,1,0,3,0,1,0,0,0,0,5,5,5,6,4,1,4,4,3,2,1,3,3,1,1,1
2654,3,2022,1,71,1,0,5,0,1,0,0,0,0,4,5,5,5,4,1,5,1,4,2,1,1,1,1,1,1
2655,3,2022,1,55,0,1,2,0,1,0,0,0,0,5,4,4,4,3,4,4,4,5,4,4,4,4,4,3,1
2656,3,2022,1,53,1,1,5,0,1,0,0,0,0,4,4,4,5,4,3,4,4,4,4,4,4,4,4,4,1
2657,3,2022,0,48,1,0,5,0,0,1,0,0,0,4,3,4,3,5,3,4,4,3,4,3,3,3,3,5,1
2658,3,2022,0,31,0,0,3,0,1,0,0,0,0,4,4,4,5,4,4,4,5,2,3,3,4,4,4,4,1
2659,3,2022,1,44,1,1,5,0,1,0,0,0,0,2,2,4,5,3,1,6,3,6,3,3,5,2,3,2,1
1,4,2024,1,57,1,1,4,0,1,0,0,0,0,4,5,4,4,4,4,5,3,4,5,5,4,3,5,5,1
2,4,2024,0,70,1,1,5,0,0,1,0,0,0,4,1,6,7,4,5,7,1,7,5,1,1,1,1,6,0
3,4,2024,1,52,0,0,3,0,1,0,0,0,0,2,2,3,5,1,1,1,1,3,1,1,4,1,1,1,1
4,4,2024,1,66,1,1,4,0,1,0,0,0,0,4,6,5,5,5,1,1,1,5,1,1,1,1,1,1,0
5,4,2024,1,63,1,1,5,0,1,0,0,0,0,3,1,2,5,5,3,2,4,5,4,2,4,4,4,4,0
6,4,2024,1,62,0,1,3,0,1,0,0,0,0,4,1,4,6,1,1,7,4,5,4,4,4,4,4,4,1
7,4,2024,1,69,1,1,3,0,1,0,0,0,0,6,7,6,7,6,1,7,2,6,2,2,2,2,2,2,1
8,4,2024,1,53,0,0,0,1,1,0,0,0,0,3,1,4,5,2,1,7,4,4,4,1,5,4,1,4,1
9,4,2024,1,46,0,0,4,0,0,0,0,0,1,4,2,4,7,7,1,7,5,2,4,4,1,1,4,4,1
10,4,2024,1,55,0,0,4,0,1,0,0,0,0,4,5,5,3,5,4,7,4,6,6,2,3,3,4,3,1
11,4,2024,1,70,1,1,3,0,0,0,0,1,0,2,5,3,5,3,5,3,4,3,3,1,4,5,2,1,1
12,4,2024,1,69,0,1,2,0,0,0,0,1,0,5,5,4,4,6,6,1,1,6,2,1,2,2,1,1,1
13,4,2024,1,66,0,0,2,0,0,0,0,1,0,4,1,1,6,1,1,1,1,4,1,1,5,1,1,1,0
14,4,2024,1,59,1,1,5,0,1,0,0,0,0,4,6,4,6,4,2,5,1,4,1,1,3,1,1,1,1
15,4,2024,1,55,0,0,2,0,1,0,0,0,0,3,3,3,5,2,1,1,2,3,1,1,3,1,1,1,1
16,4,2024,1,68,1,0,3,0,0,0,0,1,0,6,5,5,3,6,4,7,1,7,1,1,1,1,1,1,1
17,4,2024,1,65,1,1,3,0,1,0,0,0,0,3,3,3,3,3,3,3,3,4,4,4,5,5,3,4,1
18,4,2024,1,72,1,1,0,1,0,0,0,1,0,5,7,4,6,5,3,6,1,5,1,1,3,1,1,1,0
19,4,2024,0,52,0,0,3,0,1,0,0,0,0,4,4,4,6,4,1,4,1,4,1,1,3,1,1,1,1
20,4,2024,1,76,0,0,3,0,0,0,0,1,0,7,7,6,5,7,1,7,1,7,1,1,3,1,1,1,0
21,4,2024,0,75,0,1,1,0,0,0,0,0,1,5,5,5,7,5,5,7,1,5,1,1,2,1,1,1,0
22,4,2024,0,54,1,1,5,0,1,0,0,0,0,4,5,3,5,4,4,5,3,4,4,1,4,3,3,1,1
23,4,2024,0,49,1,1,5,0,1,0,0,0,0,7,7,7,7,7,7,7,1,7,1,1,4,1,1,1,0
24,4,2024,1,76,1,1,2,0,0,0,0,1,0,3,3,3,6,3,3,3,4,4,4,4,4,4,4,4,1
25,4,2024,1,67,1,1,5,0,1,0,0,0,0,5,7,2,3,6,1,2,1,6,1,1,5,1,1,2,0
26,4,2024,1,72,1,0,2,0,0,0,0,1,0,5,5,4,3,7,1,1,1,6,1,1,1,1,1,1,1
27,4,2024,1,65,1,1,4,0,0,1,0,0,0,4,2,3,5,2,2,3,3,4,3,2,3,3,3,2,1
28,4,2024,1,54,1,1,5,0,1,0,0,0,0,5,6,7,6,6,5,6,1,7,1,1,1,1,1,1,0
29,4,2024,1,74,1,1,3,0,0,0,0,1,0,5,3,4,5,4,4,4,4,4,4,2,4,4,1,1,1
30,4,2024,0,52,1,1,0,1,0,1,0,0,0,4,4,4,6,4,1,7,1,4,5,3,1,1,2,1,1
31,4,2024,0,58,1,1,5,0,1,0,0,0,0,5,6,6,6,5,6,7,1,5,1,1,1,4,1,1,0
32,4,2024,0,63,0,0,2,0,1,0,0,0,0,5,4,5,5,4,4,4,2,4,2,2,3,2,2,2,0
33,4,2024,0,60,0,1,0,1,0,0,0,0,1,2,2,2,4,2,2,6,1,4,1,1,4,4,1,1,1
34,4,2024,1,44,1,1,4,0,1,0,0,0,0,4,4,4,3,4,1,4,1,6,1,1,4,4,1,1,1
35,4,2024,0,52,1,0,5,0,0,1,0,0,0,1,7,5,5,5,1,3,5,3,1,1,1,2,1,1,1
36,4,2024,0,78,1,1,2,0,0,1,0,0,0,5,5,4,7,6,1,1,2,4,3,1,4,2,1,1,0
37,4,2024,1,62,1,1,2,0,1,0,0,0,0,5,4,4,7,4,1,7,1,7,4,1,4,4,1,1,1
38,4,2024,0,67,1,1,3,0,0,1,0,0,0,1,1,1,2,6,1,7,1,1,7,6,6,1,2,5,0
39,4,2024,1,60,1,1,2,0,1,0,0,0,0,1,1,1,7,1,1,1,4,1,4,4,2,4,4,4,1
40,4,2024,1,62,1,1,5,0,1,0,0,0,0,4,4,3,7,6,4,4,5,4,4,4,4,4,4,4,0
41,4,2024,0,70,1,1,3,0,0,1,0,0,0,5,6,6,7,5,2,5,1,5,4,4,1,1,1,1,1
42,4,2024,1,71,1,1,3,0,1,0,0,0,0,3,5,5,6,4,5,6,1,4,1,1,4,1,1,1,1
43,4,2024,0,59,0,1,2,0,1,0,0,0,0,1,1,1,7,7,7,7,1,4,4,1,6,1,1,1,0
44,4,2024,1,68,1,1,5,0,1,0,0,0,0,5,5,5,5,5,5,5,5,5,3,2,3,2,5,5,0
45,4,2024,0,56,1,1,4,0,0,1,0,0,0,4,2,6,5,4,1,4,3,5,1,1,3,3,1,3,0
46,4,2024,1,69,0,0,1,0,0,0,0,0,1,1,1,1,1,1,1,1,1,1,1,1,5,4,1,1,1
47,4,2024,1,65,1,1,5,0,0,0,0,1,0,5,7,5,5,7,5,5,1,5,1,1,1,1,1,1,0
48,4,2024,1,75,1,1,5,0,0,0,0,1,0,5,1,5,5,7,5,5,1,5,4,2,1,1,1,1,0
49,4,2024,0,50,1,1,0,1,1,0,0,0,0,1,1,1,1,1,1,1,1,1,1,1,1,1,1,1,1
50,4,2024,1,55,1,1,5,0,1,0,0,0,0,6,7,7,6,7,1,5,1,6,1,1,1,1,1,1,0
51,4,2024,1,62,1,1,4,0,1,0,0,0,0,4,1,1,2,1,1,1,2,2,1,1,7,4,2,1,0
52,4,2024,1,82,1,1,4,0,0,0,0,1,0,4,4,4,6,5,4,4,4,4,2,2,4,1,2,2,0
53,4,2024,1,60,0,0,4,0,1,0,0,0,0,1,1,1,6,1,1,4,1,4,5,1,4,2,5,5,1
54,4,2024,0,56,1,1,3,0,0,1,0,0,0,4,5,5,7,5,1,5,1,4,1,1,6,1,1,1,1
55,4,2024,0,64,1,1,3,0,0,1,0,0,0,4,6,5,6,5,1,5,3,5,2,1,2,1,2,1,0
56,4,2024,1,75,1,1,4,0,0,0,0,1,0,5,2,2,3,3,1,5,3,4,3,2,3,3,2,1,1
57,4,2024,1,68,0,0,1,0,0,0,0,1,0,1,1,1,5,1,1,1,1,1,1,1,4,1,1,1,1
58,4,2024,1,56,1,0,3,0,1,0,0,0,0,4,1,4,4,4,4,4,4,4,4,4,4,4,4,4,0
59,4,2024,1,60,1,0,0,1,1,0,0,0,0,4,4,4,7,7,1,7,1,4,1,4,4,1,4,4,0
60,4,2024,1,73,0,0,1,0,0,0,0,1,0,5,5,5,7,1,1,1,1,5,1,1,5,1,1,1,1
61,4,2024,1,62,1,0,4,0,1,0,0,0,0,2,1,3,7,1,1,2,6,1,1,1,5,1,1,5,1
62,4,2024,1,65,1,1,5,0,0,1,0,0,0,5,7,4,4,4,4,5,4,5,4,4,4,4,4,4,1
63,4,2024,1,69,0,0,1,0,0,0,0,1,0,3,4,3,4,4,4,5,4,4,3,3,4,4,3,3,1
64,4,2024,1,59,1,1,2,0,1,0,0,0,0,6,1,1,5,5,5,5,4,4,1,1,5,4,1,1,1
65,4,2024,1,83,1,1,2,0,0,0,0,0,1,5,5,5,5,5,3,3,1,5,1,1,1,1,1,1,1
66,4,2024,0,49,0,0,4,0,1,0,0,0,0,4,4,5,7,7,1,1,1,1,1,1,1,1,1,1,0
67,4,2024,1,63,0,0,4,0,1,0,0,0,0,3,1,3,6,6,1,1,1,4,1,1,2,2,1,1,0
68,4,2024,1,75,1,1,5,0,1,0,0,0,0,5,5,5,5,5,5,5,3,5,4,3,3,3,3,3,0
69,4,2024,0,62,1,1,2,0,0,1,0,0,0,5,6,5,7,6,1,5,1,6,1,1,2,2,1,1,0
70,4,2024,1,49,1,1,5,0,1,0,0,0,0,4,4,5,4,4,4,3,4,4,4,3,4,4,4,4,1
71,4,2024,0,58,1,1,0,1,0,0,0,0,1,6,6,6,6,5,1,6,1,6,1,1,1,1,1,1,1
72,4,2024,1,59,1,0,0,1,1,0,0,0,0,2,1,2,3,3,3,2,3,3,2,2,2,2,3,2,1
73,4,2024,1,67,1,1,5,0,1,0,0,0,0,6,4,5,7,7,7,7,1,7,1,1,1,1,1,1,0
74,4,2024,1,49,1,0,4,0,1,0,0,0,0,5,5,5,5,5,5,5,5,5,5,5,5,5,5,5,1
75,4,2024,0,57,1,1,4,0,1,0,0,0,0,2,5,5,7,1,2,5,6,1,1,1,2,7,1,1,1
76,4,2024,1,76,1,1,2,0,1,0,0,0,0,6,5,6,6,3,4,2,4,4,1,1,4,2,1,1,1
77,4,2024,0,50,0,0,2,0,1,0,0,0,0,5,3,4,3,5,4,5,3,5,3,3,3,3,3,3,0
78,4,2024,0,72,1,1,2,0,0,1,0,0,0,7,6,6,5,3,1,5,1,3,5,1,3,2,1,1,0
79,4,2024,1,60,1,0,3,0,1,0,0,0,0,5,5,5,6,5,1,4,1,5,1,1,5,1,1,4,1
80,4,2024,0,62,0,1,4,0,1,0,0,0,0,4,5,4,5,2,2,2,4,4,4,3,4,4,4,4,1
81,4,2024,1,78,1,1,2,0,1,0,0,0,0,6,5,4,6,5,4,5,3,6,3,2,4,3,3,2,0
82,4,2024,1,67,0,0,1,0,0,0,0,0,1,1,1,1,5,1,1,5,1,4,1,1,4,1,1,1,1
83,4,2024,1,82,0,1,2,0,0,0,0,0,1,4,6,5,3,1,3,5,1,6,1,1,4,1,1,1,1
84,4,2024,1,54,1,1,5,0,1,0,0,0,0,4,4,4,4,4,4,4,1,4,1,1,1,1,1,1,1
85,4,2024,1,60,1,1,5,0,1,0,0,0,0,2,7,5,3,6,6,7,3,4,1,1,7,1,1,1,1
86,4,2024,1,54,1,1,5,0,1,0,0,0,0,5,6,6,5,6,3,6,2,6,4,1,1,1,1,1,0
87,4,2024,0,52,0,0,1,0,1,0,0,0,0,4,4,4,4,4,4,4,4,4,4,4,4,4,4,4,1
88,4,2024,1,48,1,1,5,0,1,0,0,0,0,1,1,1,5,1,1,1,1,4,1,1,1,1,1,1,1
89,4,2024,1,62,1,1,4,0,1,0,0,0,0,4,4,4,4,4,4,5,4,4,4,4,4,4,4,4,1
90,4,2024,0,55,1,0,5,0,1,0,0,0,0,5,4,5,2,5,2,6,4,4,2,1,2,4,1,1,0
91,4,2024,1,61,1,0,4,0,1,0,0,0,0,6,5,2,7,5,1,2,1,5,1,1,2,1,1,1,1
92,4,2024,1,68,1,1,5,0,1,0,0,0,0,5,6,6,6,6,4,6,2,6,2,2,2,2,2,2,0
93,4,2024,1,65,1,1,2,0,1,0,0,0,0,1,1,1,1,1,1,1,1,1,1,1,1,1,1,1,1
94,4,2024,1,58,0,0,1,0,0,0,0,1,0,7,7,7,7,1,1,7,1,4,1,1,3,1,1,1,1
95,4,2024,0,45,1,1,4,0,1,0,0,0,0,4,4,4,4,4,4,4,4,4,4,4,4,4,4,4,1
96,4,2024,1,73,1,1,2,0,0,0,0,1,0,1,1,1,7,5,1,1,1,1,1,1,1,1,1,1,1
97,4,2024,1,74,0,0,4,0,0,0,0,1,0,5,1,5,5,1,1,6,1,4,5,1,1,1,1,1,1
98,4,2024,1,66,1,1,2,0,1,0,0,0,0,3,1,1,5,5,5,1,1,4,1,1,2,1,1,1,0
99,4,2024,1,53,0,0,4,0,1,0,0,0,0,6,6,6,6,6,1,4,1,6,1,1,1,1,1,1,1
100,4,2024,0,54,0,0,4,0,1,0,0,0,0,1,5,4,5,1,1,1,1,5,1,1,1,1,1,1,1
101,4,2024,0,59,1,1,4,0,1,0,0,0,0,2,5,5,2,6,1,7,2,5,1,1,1,1,1,1,0
102,4,2024,0,75,1,0,2,0,0,1,0,0,0,5,2,5,5,3,3,4,4,4,3,3,4,4,3,3,1
103,4,2024,1,59,1,1,5,0,1,0,0,0,0,4,4,4,3,4,3,3,3,3,3,3,3,3,3,3,1
104,4,2024,1,71,1,1,2,0,0,0,0,1,0,5,5,6,6,6,5,5,1,6,1,1,1,1,1,1,1
105,4,2024,1,74,1,1,5,0,0,0,0,1,0,4,5,4,6,3,3,3,4,4,4,2,1,2,2,2,0
106,4,2024,0,64,1,1,5,0,0,1,0,0,0,7,7,7,7,5,1,1,2,6,1,2,1,1,1,1,0
107,4,2024,0,62,1,1,5,0,0,1,0,0,0,5,4,5,4,5,5,5,4,4,4,4,4,4,4,4,0
108,4,2024,0,74,1,1,5,0,1,0,0,0,0,5,6,4,7,4,3,6,1,4,1,1,2,1,1,1,0
109,4,2024,1,59,1,1,5,0,1,0,0,0,0,1,1,1,1,1,1,1,1,1,1,1,1,1,1,1,0
110,4,2024,1,72,1,1,2,0,0,0,0,1,0,6,6,6,6,7,6,7,2,6,1,1,4,1,1,1,1
111,4,2024,1,53,0,0,3,0,1,0,0,0,0,5,5,3,4,5,1,5,1,3,1,1,1,1,1,1,1
112,4,2024,0,69,1,1,3,0,1,0,0,0,0,1,6,5,6,7,2,7,1,6,1,1,3,2,1,1,1
113,4,2024,1,55,1,1,4,0,1,0,0,0,0,1,1,1,1,1,1,7,1,1,1,1,6,1,1,5,1
114,4,2024,1,72,1,1,4,0,0,0,0,1,0,5,5,6,6,5,3,7,6,7,5,3,5,1,1,1,0
115,4,2024,1,54,0,0,4,0,1,0,0,0,0,5,5,6,6,5,1,7,2,5,2,1,4,2,1,2,1
116,4,2024,1,81,1,1,3,0,0,0,0,1,0,3,4,5,5,3,2,5,4,4,4,2,3,2,1,1,1
117,4,2024,1,68,0,1,1,0,0,0,0,1,0,6,4,1,6,1,1,4,1,4,1,1,1,1,1,1,1
118,4,2024,1,57,1,1,5,0,1,0,0,0,0,4,5,5,4,2,5,2,4,4,4,2,4,4,2,2,1
119,4,2024,1,72,1,1,4,0,1,0,0,0,0,1,1,1,1,1,1,1,1,1,1,1,1,1,1,1,0
120,4,2024,0,73,1,1,2,0,0,1,0,0,0,6,7,6,6,2,2,6,1,6,1,1,2,1,1,1,1
121,4,2024,1,62,1,1,3,0,1,0,0,0,0,5,6,5,6,6,1,7,1,5,5,1,3,1,5,2,1
122,4,2024,1,63,1,1,5,0,1,0,0,0,0,5,7,6,4,5,6,5,5,4,4,4,6,5,6,4,0
123,4,2024,1,53,1,1,3,0,1,0,0,0,0,4,6,4,3,5,2,3,3,4,3,2,3,4,1,2,0
124,4,2024,1,47,0,0,5,0,1,0,0,0,0,1,1,1,6,1,1,6,6,2,1,1,7,4,1,1,1
125,4,2024,1,63,1,1,4,0,1,0,0,0,0,6,2,4,5,6,6,7,2,6,1,1,4,5,1,1,0
126,4,2024,0,78,0,1,5,0,1,0,0,0,0,5,5,4,6,5,1,6,1,4,1,1,1,1,1,1,1
127,4,2024,0,55,0,0,2,0,1,0,0,0,0,5,3,5,5,6,1,5,5,4,5,5,5,5,5,6,1
128,4,2024,1,65,0,0,4,0,0,0,0,1,0,5,5,6,7,5,4,7,1,6,1,1,2,1,1,1,0
129,4,2024,1,74,1,1,5,0,1,0,0,0,0,3,5,5,5,3,2,6,2,5,2,2,2,2,3,2,1
130,4,2024,1,59,1,1,5,0,1,0,0,0,0,6,3,5,6,5,3,6,1,6,1,1,1,1,1,1,0
131,4,2024,1,57,0,0,2,0,0,0,0,0,1,4,5,5,5,1,1,5,5,3,4,1,7,3,1,4,1
132,4,2024,1,64,1,1,5,0,1,0,0,0,0,4,5,5,3,5,5,3,1,4,3,1,1,1,2,1,1
133,4,2024,1,53,1,1,5,0,1,0,0,0,0,1,1,1,5,1,1,1,5,1,7,1,7,1,1,7,1
134,4,2024,0,61,1,0,4,0,1,0,0,0,0,3,4,4,4,4,1,6,3,4,1,1,2,2,1,1,1
135,4,2024,1,61,0,0,2,0,1,0,0,0,0,1,4,1,1,1,1,1,1,1,1,1,1,1,1,1,1
136,4,2024,1,53,1,1,3,0,1,0,0,0,0,7,1,7,7,7,4,5,1,7,1,1,1,1,1,1,1
137,4,2024,1,56,1,1,5,0,1,0,0,0,0,5,5,4,5,5,5,5,2,5,2,1,3,2,1,1,1
138,4,2024,1,75,1,1,0,1,1,0,0,0,0,6,7,5,6,6,5,6,2,6,2,1,4,1,1,1,0
139,4,2024,0,69,1,1,3,0,0,1,0,0,0,7,5,6,7,5,1,5,1,7,1,1,1,1,1,1,1
140,4,2024,1,72,1,1,2,0,1,0,0,0,0,2,1,5,6,7,2,6,2,6,2,2,7,1,2,2,1
141,4,2024,1,57,0,0,4,0,1,0,0,0,0,5,5,5,4,4,1,6,4,4,4,4,4,4,4,4,1
142,4,2024,0,49,1,1,3,0,1,0,0,0,0,4,5,5,5,7,1,1,1,4,1,1,1,1,1,1,0
143,4,2024,1,56,1,1,5,0,1,0,0,0,0,4,4,4,4,4,4,4,4,4,4,4,4,4,4,4,0
144,4,2024,0,79,0,1,1,0,0,1,0,0,0,7,6,7,5,7,5,7,1,7,1,1,1,1,1,1,0
145,4,2024,1,54,0,1,2,0,1,0,0,0,0,4,1,5,6,5,1,1,1,5,1,1,4,1,1,1,1
146,4,2024,1,53,1,1,4,0,1,0,0,0,0,5,5,5,5,7,1,5,5,3,1,1,3,1,1,1,1
147,4,2024,1,57,1,1,5,0,0,0,0,0,1,5,1,4,5,4,4,2,2,5,2,2,2,2,2,2,0
148,4,2024,1,56,0,1,1,0,0,0,0,1,0,4,4,4,4,4,4,4,5,4,2,4,5,3,2,4,1
149,4,2024,0,65,1,1,5,0,0,1,0,0,0,7,7,7,7,7,1,4,5,4,2,1,5,1,1,5,0
150,4,2024,1,69,1,0,2,0,0,0,0,1,0,6,7,4,5,4,2,3,1,4,2,1,4,3,1,1,1
151,4,2024,1,63,0,0,2,0,0,0,0,1,0,2,2,5,3,1,1,6,3,2,2,1,5,1,1,1,1
152,4,2024,1,64,1,1,0,1,1,0,0,0,0,7,5,5,7,4,1,5,2,4,3,1,4,1,2,1,1
153,4,2024,1,60,1,1,5,0,1,0,0,0,0,3,5,5,5,5,1,1,1,7,1,1,1,1,1,1,1
154,4,2024,1,81,1,1,3,0,0,0,0,1,0,5,5,6,7,7,1,5,1,6,1,1,4,1,1,1,0
155,4,2024,0,72,1,0,2,0,0,1,0,0,0,5,2,5,5,5,1,5,2,4,1,1,4,4,1,1,1
156,4,2024,1,60,0,0,1,0,0,0,0,0,1,3,4,5,1,3,1,7,7,1,7,5,5,4,5,4,1
157,4,2024,1,62,1,1,3,0,1,0,0,0,0,1,2,1,1,2,1,1,1,1,2,1,1,1,1,1,1
158,4,2024,1,59,0,0,0,1,1,0,0,0,0,5,5,6,5,6,2,6,1,5,5,1,5,1,1,5,0
159,4,2024,1,52,0,0,1,0,1,0,0,0,0,5,5,5,6,1,1,2,5,3,1,1,3,1,1,1,1
160,4,2024,1,66,1,1,5,0,1,0,0,0,0,5,3,5,6,5,4,2,1,6,1,1,1,1,1,1,0
161,4,2024,1,61,0,0,5,0,1,0,0,0,0,3,5,4,5,2,1,6,4,3,3,2,2,2,2,1,1
162,4,2024,1,49,1,1,0,1,1,0,0,0,0,4,3,6,5,5,2,6,6,4,3,2,4,3,2,2,1
163,4,2024,1,77,1,1,5,0,0,0,0,1,0,6,6,6,6,7,1,5,1,5,3,1,4,1,1,1,0
164,4,2024,1,69,1,1,2,0,0,0,0,1,0,3,5,3,5,2,1,6,5,4,5,3,5,2,2,2,1
165,4,2024,1,68,1,1,3,0,0,0,0,1,0,5,5,5,2,5,1,5,2,5,3,3,4,2,3,1,0
166,4,2024,1,62,1,0,3,0,1,0,0,0,0,6,7,6,7,5,1,7,4,5,4,1,3,4,1,4,1
167,4,2024,1,48,0,0,3,0,1,0,0,0,0,4,7,7,2,4,1,7,7,2,1,1,2,4,1,4,1
168,4,2024,0,56,1,0,5,0,1,0,0,0,0,5,5,5,7,4,1,6,4,4,5,1,3,4,4,1,1
169,4,2024,1,66,0,0,2,0,1,0,0,0,0,4,1,4,4,4,4,4,4,4,4,4,4,4,4,4,1
170,4,2024,1,82,0,0,2,0,0,0,0,1,0,5,6,4,3,5,2,6,2,6,2,1,4,2,1,1,0
171,4,2024,0,81,0,1,3,0,0,0,0,1,0,6,7,6,7,6,1,7,1,5,2,1,3,1,1,1,1
172,4,2024,1,60,1,1,5,0,1,0,0,0,0,4,3,5,6,3,3,5,2,5,2,2,2,1,2,2,0
173,4,2024,1,58,0,0,2,0,1,0,0,0,0,1,1,5,1,1,1,1,1,1,1,1,6,1,1,1,1
174,4,2024,0,49,1,1,5,0,1,0,0,0,0,4,4,5,4,4,4,4,4,4,4,4,4,4,4,4,1
175,4,2024,0,71,1,1,2,0,1,0,0,0,0,4,6,5,6,4,5,5,3,5,2,2,4,3,2,2,0
176,4,2024,1,65,1,0,5,0,1,0,0,0,0,4,4,4,4,4,4,4,1,4,1,1,1,1,1,1,1
177,4,2024,1,64,0,1,3,0,1,0,0,0,0,2,1,4,5,6,1,5,1,4,1,2,1,1,6,3,0
178,4,2024,1,63,0,0,2,0,1,0,0,0,0,4,6,6,6,3,1,1,1,4,1,1,5,1,1,1,1
179,4,2024,1,61,1,1,1,0,0,0,0,1,0,4,4,1,6,4,1,3,1,4,1,1,6,1,1,1,1
180,4,2024,0,66,1,1,3,0,0,1,0,0,0,1,1,1,1,1,1,1,1,1,1,1,1,1,1,1,1
181,4,2024,1,78,1,1,2,0,0,0,0,0,1,4,4,5,3,4,3,1,4,4,4,4,4,4,4,1,1
182,4,2024,1,67,1,1,3,0,1,0,0,0,0,6,1,5,5,6,5,5,1,4,5,1,1,1,1,1,0
183,4,2024,1,72,1,1,5,0,0,0,0,1,0,5,5,4,6,5,3,5,2,5,2,2,5,5,2,2,1
184,4,2024,1,49,1,1,5,0,1,0,0,0,0,1,5,5,6,4,4,1,1,4,3,1,2,2,2,1,1
185,4,2024,1,62,1,1,5,0,1,0,0,0,0,5,5,5,5,5,5,4,5,5,4,5,4,4,4,4,1
186,4,2024,1,57,1,0,2,0,1,0,0,0,0,1,7,1,4,4,1,5,1,4,1,1,5,1,1,1,1
187,4,2024,1,70,1,0,5,0,1,0,0,0,0,1,1,1,1,1,1,1,2,1,1,1,1,1,1,1,1
188,4,2024,1,52,0,0,3,0,1,0,0,0,0,1,5,2,6,1,5,4,2,4,1,1,2,2,1,1,1
189,4,2024,0,54,0,1,5,0,1,0,0,0,0,6,5,2,1,2,1,1,1,1,1,1,2,3,1,1,1
190,4,2024,0,62,0,0,2,0,1,0,0,0,0,4,3,5,5,5,3,5,3,3,3,2,3,4,1,2,1
191,4,2024,1,52,0,0,1,0,1,0,0,0,0,4,1,1,1,1,1,1,1,1,1,1,7,1,1,1,1
192,4,2024,1,65,1,1,5,0,1,0,0,0,0,7,5,6,5,5,5,5,1,6,1,1,1,1,1,1,0
193,4,2024,1,78,1,1,2,0,1,0,0,0,0,4,4,2,5,4,2,2,2,3,1,1,3,5,3,3,1
194,4,2024,1,63,0,0,3,0,1,0,0,0,0,4,5,4,6,5,1,6,2,4,5,2,6,4,2,2,1
195,4,2024,1,62,1,1,4,0,1,0,0,0,0,2,2,2,2,2,2,2,2,2,2,2,2,1,2,2,1
196,4,2024,0,74,0,1,0,1,0,0,0,1,0,6,6,6,6,6,6,6,3,6,3,3,3,4,3,3,1
197,4,2024,1,76,1,1,2,0,0,0,0,1,0,5,6,4,5,5,4,6,3,4,4,1,4,1,1,1,1
198,4,2024,1,57,1,1,3,0,1,0,0,0,0,4,4,1,1,1,1,1,5,1,1,1,6,1,1,1,1
199,4,2024,1,61,1,0,3,0,1,0,0,0,0,4,4,4,4,4,1,5,1,4,4,4,7,1,4,1,1
200,4,2024,1,64,1,1,4,0,1,0,0,0,0,1,1,1,1,1,1,1,1,1,1,1,1,1,1,1,1
201,4,2024,0,39,0,0,3,0,1,0,0,0,0,2,2,4,5,2,1,2,6,2,1,2,4,5,2,3,1
202,4,2024,1,64,1,1,4,0,1,0,0,0,0,2,1,5,5,4,1,7,5,4,1,1,4,3,1,1,1
203,4,2024,0,72,1,1,0,1,0,1,0,0,0,5,5,5,6,5,1,5,3,4,4,1,5,3,1,1,1
204,4,2024,0,48,1,1,3,0,0,1,0,0,0,5,5,5,5,5,1,1,4,5,4,1,3,1,1,3,0
205,4,2024,1,67,1,1,5,0,0,0,0,1,0,5,3,4,5,7,4,6,4,5,4,4,4,4,4,4,0
206,4,2024,1,51,1,1,4,0,1,0,0,0,0,6,5,5,6,7,1,6,1,5,1,1,2,1,1,1,0
207,4,2024,1,58,1,1,3,0,1,0,0,0,0,4,2,4,5,4,1,6,4,4,4,2,4,4,5,4,0
208,4,2024,0,65,1,1,0,1,0,1,0,0,0,5,5,6,6,5,5,5,5,5,6,4,3,3,3,4,1
209,4,2024,0,47,1,1,4,0,1,0,0,0,0,5,5,5,5,5,3,5,4,5,2,2,3,1,1,1,0
210,4,2024,1,57,0,0,1,0,1,0,0,0,0,4,4,4,4,4,4,4,4,4,4,4,4,4,4,4,1
211,4,2024,1,65,1,1,3,0,1,0,0,0,0,5,4,6,6,6,5,6,2,6,2,2,2,2,2,2,1
212,4,2024,1,34,0,0,3,0,1,0,0,0,0,4,5,4,3,1,1,1,4,4,4,4,5,4,4,4,1
213,4,2024,0,58,1,1,2,0,1,0,0,0,0,1,5,5,5,5,5,5,4,5,5,3,5,4,1,4,1
214,4,2024,0,51,1,1,4,0,0,1,0,0,0,4,1,4,4,4,4,5,2,4,3,2,4,1,2,2,0
215,4,2024,1,65,1,0,3,0,1,0,0,0,0,4,4,4,4,6,2,4,3,4,3,4,2,3,3,3,1
216,4,2024,1,60,1,1,4,0,1,0,0,0,0,1,1,4,6,4,1,1,1,3,1,1,2,1,1,1,1
217,4,2024,1,67,0,0,2,0,0,0,0,0,1,1,1,1,1,1,1,1,1,1,1,1,1,1,1,1,1
218,4,2024,1,62,1,1,4,0,1,0,0,0,0,5,7,5,7,6,1,1,1,4,1,1,1,1,1,1,0
219,4,2024,1,61,1,1,5,0,1,0,0,0,0,5,6,6,7,6,5,1,2,5,1,1,1,1,1,1,0
220,4,2024,1,47,0,0,0,1,1,0,0,0,0,1,1,1,4,1,1,4,4,4,4,4,4,4,4,4,1
221,4,2024,1,47,1,1,5,0,1,0,0,0,0,1,4,7,7,5,1,5,1,5,1,1,1,1,1,1,0
222,4,2024,1,62,1,0,5,0,1,0,0,0,0,2,3,5,7,7,2,1,1,4,1,1,1,1,1,1,0
223,4,2024,1,54,1,0,3,0,1,0,0,0,0,1,1,1,7,7,1,4,1,1,1,1,1,1,1,1,1
224,4,2024,0,79,1,1,3,0,0,1,0,0,0,6,6,6,6,6,6,6,4,6,5,3,4,4,3,3,0
225,4,2024,0,86,0,1,3,0,0,1,0,0,0,6,6,6,6,7,6,4,1,6,1,1,4,1,4,2,0
226,4,2024,0,43,1,0,3,0,1,0,0,0,0,5,5,5,4,5,1,4,1,4,1,1,1,1,1,1,1
227,4,2024,1,59,1,1,4,0,1,0,0,0,0,1,6,5,6,2,1,1,3,4,2,2,4,4,1,1,1
228,4,2024,1,52,1,1,5,0,1,0,0,0,0,4,4,4,4,4,4,4,4,4,4,4,4,4,4,4,1
229,4,2024,1,62,0,0,1,0,1,0,0,0,0,7,4,4,1,5,1,1,1,5,1,1,4,1,1,1,1
230,4,2024,1,67,1,1,2,0,1,0,0,0,0,5,5,5,5,5,3,5,3,5,5,3,4,4,3,3,0
231,4,2024,1,52,0,0,3,0,1,0,0,0,0,5,5,3,5,2,2,6,3,4,3,2,4,3,4,4,1
232,4,2024,1,43,1,1,5,0,1,0,0,0,0,7,7,6,2,3,3,3,2,2,2,2,1,2,2,3,1
233,4,2024,1,69,1,0,3,0,1,0,0,0,0,5,5,5,5,5,1,1,3,4,1,1,5,4,1,1,0
234,4,2024,0,52,0,0,5,0,1,0,0,0,0,4,2,3,5,5,4,2,4,5,1,1,4,4,1,1,1
235,4,2024,0,52,1,1,4,0,1,0,0,0,0,5,3,5,4,7,6,6,6,1,4,3,7,5,5,7,0
236,4,2024,1,47,0,0,3,0,1,0,0,0,0,4,4,3,4,1,4,4,4,4,4,4,4,4,4,4,1
237,4,2024,0,51,0,0,4,0,1,0,0,0,0,5,5,5,7,5,5,7,3,6,4,4,5,3,1,1,0
238,4,2024,1,73,1,1,2,0,0,0,0,1,0,1,1,1,4,4,1,7,1,1,1,1,4,1,1,1,1
239,4,2024,0,70,1,1,5,0,0,1,0,0,0,4,2,5,7,5,1,1,1,4,1,1,7,1,1,4,1
240,4,2024,0,72,1,1,3,0,0,1,0,0,0,6,5,6,4,7,4,5,4,4,4,4,4,4,4,4,0
241,4,2024,1,75,1,1,3,0,1,0,0,0,0,5,5,6,3,5,3,7,4,5,3,2,4,2,1,7,0
242,4,2024,1,54,0,0,3,0,1,0,0,0,0,7,1,1,5,6,1,6,3,4,2,1,3,1,1,1,1
243,4,2024,0,36,1,1,5,0,1,0,0,0,0,5,4,3,5,5,5,2,1,4,1,1,1,1,1,1,1
244,4,2024,1,68,1,1,2,0,0,0,0,1,0,2,5,5,5,5,1,5,3,5,4,2,6,4,2,1,1
245,4,2024,1,70,1,0,3,0,0,0,0,1,0,5,2,3,3,4,4,5,4,4,4,4,4,3,3,4,0
246,4,2024,1,82,1,1,3,0,0,0,0,1,0,4,6,5,6,5,1,5,1,5,2,1,2,1,1,1,1
247,4,2024,0,71,1,0,3,0,0,1,0,0,0,3,2,6,7,7,7,3,1,5,1,1,1,1,1,1,1
248,4,2024,0,51,1,1,5,0,0,0,0,0,1,4,4,4,4,4,4,4,4,4,4,4,1,4,4,4,1
249,4,2024,0,74,1,1,4,0,0,1,0,0,0,2,5,5,5,5,3,6,5,5,3,2,3,3,3,3,0
250,4,2024,0,44,1,0,5,0,0,1,0,0,0,1,1,5,6,1,1,1,7,4,1,1,1,1,1,1,1
251,4,2024,1,67,1,1,2,0,1,0,0,0,0,1,1,1,1,1,1,1,1,1,1,1,1,1,1,1,1
252,4,2024,1,48,0,0,5,0,1,0,0,0,0,6,5,5,6,5,1,4,2,5,3,1,5,1,1,1,1
253,4,2024,1,70,1,1,4,0,1,0,0,0,0,5,2,5,6,5,2,6,4,5,4,4,4,4,4,4,1
254,4,2024,0,47,1,1,5,0,1,0,0,0,0,5,5,6,6,6,6,6,2,5,2,1,1,1,1,1,1
255,4,2024,0,66,0,0,1,0,1,0,0,0,0,5,1,5,4,4,4,6,6,3,6,4,6,4,4,6,1
256,4,2024,1,74,1,1,3,0,0,0,0,1,0,5,5,5,6,5,5,3,1,5,1,1,1,1,1,1,0
257,4,2024,1,60,1,1,3,0,1,0,0,0,0,3,5,3,3,5,1,5,1,5,2,1,1,2,1,1,1
258,4,2024,1,52,1,1,4,0,1,0,0,0,0,1,1,1,5,1,1,1,1,5,1,1,1,1,1,1,0
259,4,2024,0,58,1,0,5,0,0,1,0,0,0,4,6,6,6,5,1,5,3,4,3,1,4,4,1,1,0
260,4,2024,0,60,1,1,5,0,0,1,0,0,0,5,5,5,5,7,7,1,1,7,1,1,1,1,1,1,0
261,4,2024,1,60,1,0,0,1,1,0,0,0,0,1,4,4,4,4,4,4,4,4,4,4,4,4,4,4,1
262,4,2024,1,66,1,1,5,0,1,0,0,0,0,7,7,6,7,7,6,1,1,7,1,1,1,1,1,1,0
263,4,2024,1,78,0,0,2,0,0,0,0,1,0,6,1,4,1,2,1,5,1,2,1,1,1,1,1,1,1
264,4,2024,1,84,1,1,2,0,0,1,0,0,0,4,7,5,6,5,1,5,1,5,3,1,3,1,1,1,1
265,4,2024,0,49,1,0,4,0,1,0,0,0,0,4,4,4,4,4,4,4,4,4,4,4,4,4,4,4,1
266,4,2024,0,45,1,0,4,0,1,0,0,0,0,5,2,3,4,3,1,6,5,3,4,4,5,5,4,4,1
267,4,2024,1,65,1,0,2,0,1,0,0,0,0,2,1,2,5,2,2,1,2,2,2,1,1,2,1,1,1
268,4,2024,1,78,0,1,2,0,0,0,0,1,0,5,5,5,6,6,5,6,1,4,1,1,1,1,2,2,0
269,4,2024,1,76,1,1,3,0,0,0,0,1,0,4,4,4,4,4,4,4,4,4,4,4,4,4,4,4,0
270,4,2024,0,69,1,1,0,1,0,1,0,0,0,4,4,5,6,4,1,7,1,4,3,1,3,3,4,1,1
271,4,2024,1,55,0,0,2,0,0,0,0,0,1,4,7,7,5,4,1,1,1,4,1,1,1,1,1,1,1
272,4,2024,0,49,1,1,0,1,0,1,0,0,0,2,1,1,1,5,1,5,1,1,1,1,2,1,1,1,1
273,4,2024,0,55,1,1,2,0,0,1,0,0,0,4,4,4,7,5,4,5,1,5,1,1,1,1,1,1,1
274,4,2024,1,62,0,0,2,0,1,0,0,0,0,4,4,4,5,4,4,4,4,4,4,4,4,4,4,4,1
275,4,2024,1,84,1,1,5,0,0,0,0,1,0,5,5,6,7,4,5,7,2,5,3,2,2,3,3,4,0
276,4,2024,0,62,0,1,2,0,1,0,0,0,0,3,3,3,3,3,4,3,3,4,3,3,4,3,4,3,1
277,4,2024,1,53,1,0,4,0,1,0,0,0,0,4,4,4,4,4,4,5,4,4,4,5,4,4,4,4,1
278,4,2024,0,60,1,1,2,0,0,1,0,0,0,1,1,5,5,1,1,1,1,1,1,1,4,1,1,1,1
279,4,2024,1,66,1,1,3,0,0,0,0,1,0,5,6,6,5,5,1,5,2,4,2,2,2,2,2,1,1
280,4,2024,1,63,1,1,3,0,1,0,0,0,0,1,1,2,1,1,1,1,1,1,1,1,1,1,1,1,0
281,4,2024,1,69,1,1,2,0,0,0,0,1,0,1,1,6,6,6,5,7,1,6,4,1,6,1,1,1,1
282,4,2024,1,51,0,0,4,0,1,0,0,0,0,7,1,1,7,5,1,1,1,7,1,1,1,1,1,1,0
283,4,2024,1,47,0,0,2,0,1,0,0,0,0,4,4,4,1,5,1,1,4,4,4,1,4,4,1,1,1
284,4,2024,1,44,0,1,4,0,1,0,0,0,0,1,1,1,1,1,1,1,1,1,1,1,1,1,1,1,1
285,4,2024,0,57,0,0,0,1,0,0,0,0,1,6,1,6,1,5,5,6,5,1,6,3,4,7,4,5,1
286,4,2024,0,68,1,0,2,0,0,0,0,1,0,5,6,4,5,5,1,5,4,4,4,4,4,4,4,4,1
287,4,2024,1,54,1,1,5,0,1,0,0,0,0,6,1,5,6,6,1,1,1,5,1,1,1,1,1,1,0
288,4,2024,0,71,1,0,2,0,1,0,0,0,0,1,1,6,4,6,6,5,1,3,1,1,6,2,1,1,0
289,4,2024,1,52,1,1,5,0,1,0,0,0,0,2,1,4,4,3,3,3,2,3,2,2,2,2,2,2,1
290,4,2024,1,50,1,1,5,0,1,0,0,0,0,1,1,1,4,6,1,4,2,6,1,1,4,2,1,1,0
291,4,2024,1,49,1,1,5,0,1,0,0,0,0,4,1,1,4,5,1,1,1,3,1,1,5,1,1,1,1
292,4,2024,1,48,1,1,3,0,1,0,0,0,0,4,4,4,5,4,4,5,4,4,4,4,4,4,4,4,1
293,4,2024,0,71,0,1,2,0,0,0,0,1,0,5,2,5,4,5,5,5,4,5,4,4,4,4,4,4,0
294,4,2024,1,57,0,0,2,0,0,0,0,1,0,1,1,1,1,1,1,1,1,1,1,1,1,1,1,1,1
295,4,2024,1,60,0,0,0,1,1,0,0,0,0,6,5,7,5,1,1,1,1,5,1,1,1,1,1,1,1
296,4,2024,1,48,1,0,4,0,1,0,0,0,0,4,4,3,3,4,5,4,4,3,4,3,4,4,4,4,1
297,4,2024,0,50,1,1,4,0,1,0,0,0,0,5,4,3,1,5,1,7,7,1,4,4,5,4,4,4,1
298,4,2024,1,42,0,0,4,0,1,0,0,0,0,5,5,5,7,5,5,5,1,5,1,1,1,1,1,1,1
299,4,2024,1,45,0,0,3,0,1,0,0,0,0,6,5,5,5,2,1,5,3,5,3,3,3,3,3,3,1
300,4,2024,1,63,1,1,5,0,0,0,0,0,1,4,6,5,4,3,4,5,3,4,4,4,3,3,4,4,0
301,4,2024,1,78,1,0,1,0,0,0,0,0,1,1,1,1,1,1,1,1,4,1,4,4,4,4,4,4,0
302,4,2024,0,73,1,1,3,0,0,1,0,0,0,5,7,6,7,5,2,1,1,6,1,1,1,1,1,1,0
303,4,2024,0,54,1,1,5,0,0,1,0,0,0,5,2,5,3,5,2,1,1,3,1,1,4,4,1,1,1
304,4,2024,0,57,1,1,5,0,1,0,0,0,0,4,3,6,7,6,5,4,1,4,1,1,2,1,1,1,1
305,4,2024,1,65,0,0,2,0,1,0,0,0,0,2,2,2,5,2,4,5,2,4,2,2,2,2,2,2,0
306,4,2024,1,63,1,1,4,0,1,0,0,0,0,3,2,6,3,5,3,5,5,4,4,3,5,2,2,3,1
307,4,2024,0,66,0,1,2,0,1,0,0,0,0,5,5,5,7,5,1,7,1,6,1,1,4,5,1,1,1
308,4,2024,1,55,0,0,2,0,0,0,0,1,0,1,1,1,6,1,1,1,1,1,1,1,1,1,1,1,1
309,4,2024,1,53,0,0,1,0,1,0,0,0,0,2,1,1,1,3,3,1,7,4,1,1,1,1,1,5,1
310,4,2024,1,63,1,1,3,0,1,0,0,0,0,4,5,5,6,6,4,4,1,5,1,1,4,2,1,1,0
311,4,2024,0,75,1,1,4,0,0,1,0,0,0,7,6,6,7,5,6,7,1,7,1,1,1,1,1,1,0
312,4,2024,0,51,0,0,2,0,1,0,0,0,0,5,3,3,4,4,3,3,3,4,4,3,4,4,3,3,1
313,4,2024,1,52,0,0,5,0,1,0,0,0,0,6,1,4,1,5,1,5,1,1,1,1,7,4,1,1,1
314,4,2024,1,64,1,1,2,0,1,0,0,0,0,7,7,5,6,6,6,5,1,5,2,1,5,1,2,2,0
315,4,2024,0,52,1,0,4,0,1,0,0,0,0,3,2,2,7,1,1,1,2,3,2,2,3,2,2,2,1
316,4,2024,1,83,1,0,3,0,0,0,0,1,0,1,6,6,3,5,1,6,4,5,1,1,5,1,4,1,1
317,4,2024,1,59,1,1,4,0,1,0,0,0,0,1,1,1,1,1,1,1,1,1,1,1,4,1,1,1,1
318,4,2024,1,80,1,1,3,0,0,0,0,1,0,5,2,6,6,5,1,6,4,4,4,1,7,2,1,1,1
319,4,2024,1,77,0,1,2,0,0,0,0,1,0,4,3,4,4,3,3,4,4,4,4,4,4,4,4,4,1
320,4,2024,1,76,0,1,1,0,0,0,0,1,0,1,1,1,3,1,1,4,1,4,1,1,1,1,1,1,1
321,4,2024,0,71,1,1,3,0,0,1,0,0,0,6,7,6,6,6,6,6,1,6,1,1,1,1,1,1,1
322,4,2024,0,77,1,1,3,0,0,0,0,1,0,4,6,6,6,5,3,5,4,5,4,4,4,4,4,4,1
323,4,2024,0,63,1,1,2,0,1,0,0,0,0,6,6,6,5,6,1,1,1,5,1,1,1,2,1,1,1
324,4,2024,0,60,1,1,5,0,1,0,0,0,0,3,6,6,5,7,5,5,1,6,1,1,2,2,1,1,0
325,4,2024,1,79,1,1,3,0,0,0,0,0,1,3,5,2,4,3,1,5,3,6,3,3,3,3,1,1,1
326,4,2024,0,72,0,1,3,0,1,0,0,0,0,5,5,4,4,5,1,2,1,4,1,1,4,1,1,1,0
327,4,2024,1,72,0,1,3,0,1,0,0,0,0,5,7,4,7,6,7,2,1,7,1,1,1,1,1,1,0
328,4,2024,1,77,1,1,2,0,0,0,0,1,0,5,4,5,4,4,4,4,4,4,4,4,4,4,4,4,1
329,4,2024,1,62,0,0,1,0,0,1,0,0,0,3,2,5,2,5,1,1,2,4,2,1,2,1,1,1,1
330,4,2024,1,55,1,1,1,0,1,0,0,0,0,1,1,1,6,1,1,1,4,1,4,4,6,4,4,4,0
331,4,2024,1,64,0,0,1,0,1,0,0,0,0,6,5,1,1,1,1,7,1,1,1,1,7,1,1,1,1
332,4,2024,1,54,0,0,2,0,1,0,0,0,0,1,2,1,1,1,1,7,1,1,1,1,1,1,1,1,1
333,4,2024,0,60,1,1,4,0,0,1,0,0,0,5,5,4,4,6,5,5,3,5,2,1,4,2,1,1,1
334,4,2024,1,40,0,0,2,0,1,0,0,0,0,3,5,4,6,4,1,1,2,5,3,2,5,2,2,4,1
335,4,2024,1,55,1,1,5,0,1,0,0,0,0,5,5,4,5,5,1,5,4,1,1,1,4,4,1,1,0
336,4,2024,1,65,1,0,1,0,1,0,0,0,0,5,7,6,5,6,7,5,2,6,2,1,5,3,1,1,1
337,4,2024,1,72,0,1,2,0,0,0,0,1,0,6,7,5,3,5,1,5,1,4,2,1,3,2,1,1,1
338,4,2024,1,78,1,1,5,0,0,0,0,1,0,5,4,4,5,4,4,5,5,4,4,2,4,4,4,4,1
339,4,2024,1,87,1,1,5,0,0,0,0,0,1,6,5,5,2,7,1,7,4,5,4,1,4,2,1,1,1
340,4,2024,0,57,0,1,3,0,1,0,0,0,0,4,4,3,4,4,4,4,4,4,4,4,4,4,4,4,0
341,4,2024,1,76,1,1,4,0,0,0,0,1,0,6,6,6,6,6,6,6,1,6,1,1,2,1,1,1,0
342,4,2024,0,46,1,1,3,0,1,0,0,0,0,4,7,4,3,7,1,7,1,6,1,1,4,1,1,1,1
343,4,2024,0,74,1,0,4,0,0,1,0,0,0,5,5,5,6,6,1,6,3,5,3,3,3,3,3,3,1
344,4,2024,0,51,1,1,5,0,0,1,0,0,0,5,1,3,2,4,4,7,4,4,4,4,4,4,1,4,1
345,4,2024,0,56,0,0,4,0,1,0,0,0,0,3,3,5,6,5,2,7,3,3,3,3,3,2,2,2,1
346,4,2024,0,65,1,1,3,0,0,1,0,0,0,4,2,6,6,5,2,4,1,5,1,1,2,1,1,1,0
347,4,2024,1,51,0,1,1,0,0,0,0,1,0,4,1,5,1,4,5,5,1,4,1,1,1,1,1,1,0
348,4,2024,0,63,1,1,0,1,0,1,0,0,0,7,7,7,1,7,7,7,1,5,1,1,4,7,1,1,1
349,4,2024,1,71,1,1,3,0,0,0,0,1,0,5,6,7,6,6,1,6,1,6,1,1,3,1,1,1,1
350,4,2024,0,37,1,1,5,0,0,1,0,0,0,3,1,3,2,1,1,1,3,1,1,1,1,1,1,1,1
351,4,2024,0,60,1,1,5,0,0,1,0,0,0,5,4,6,7,7,1,4,1,7,1,1,1,1,1,1,0
352,4,2024,0,76,0,1,0,1,0,1,0,0,0,1,4,4,6,4,1,4,1,4,1,1,3,1,1,1,0
353,4,2024,1,72,1,1,5,0,1,0,0,0,0,6,2,6,4,6,1,4,2,4,2,2,4,2,5,5,0
354,4,2024,0,78,0,1,3,0,0,0,0,1,0,6,4,5,5,3,1,6,2,5,2,2,3,2,2,2,1
355,4,2024,0,58,1,1,5,0,1,0,0,0,0,6,6,6,5,6,6,4,3,6,1,1,2,2,1,2,1
356,4,2024,0,64,0,0,2,0,1,0,0,0,0,4,4,4,6,4,4,4,4,6,4,4,4,4,4,4,1
357,4,2024,1,55,1,1,5,0,1,0,0,0,0,1,1,1,1,1,1,1,1,1,1,1,1,1,1,1,1
358,4,2024,1,64,1,1,3,0,1,0,0,0,0,1,1,1,1,1,1,1,1,1,1,1,1,1,1,1,1
359,4,2024,0,68,0,1,2,0,0,0,0,1,0,5,1,4,4,4,5,5,2,4,4,3,4,2,3,4,1
360,4,2024,1,47,0,0,5,0,1,0,0,0,0,5,1,4,5,7,7,7,2,3,2,2,2,2,1,1,1
361,4,2024,1,64,0,0,1,0,1,0,0,0,0,2,5,5,5,3,4,5,4,5,4,4,6,4,4,5,1
362,4,2024,1,57,1,1,3,0,1,0,0,0,0,5,5,5,4,5,3,5,4,4,4,4,4,4,4,4,1
363,4,2024,1,72,1,1,3,0,0,0,0,1,0,5,5,5,5,5,5,5,4,4,4,3,5,4,3,3,1
364,4,2024,1,73,1,1,2,0,0,0,0,1,0,4,5,4,4,4,4,4,4,4,4,4,4,4,4,4,0
365,4,2024,1,49,1,1,0,1,1,0,0,0,0,1,1,1,1,1,1,1,1,1,1,1,1,1,1,1,1
366,4,2024,1,45,0,0,3,0,1,0,0,0,0,5,5,1,4,5,5,4,4,4,1,1,3,3,1,1,1
367,4,2024,1,53,1,0,5,0,1,0,0,0,0,5,5,3,3,4,6,4,6,4,5,5,4,3,2,4,0
368,4,2024,1,53,1,1,5,0,1,0,0,0,0,3,5,6,5,5,5,5,4,5,3,4,4,4,5,4,1
369,4,2024,1,52,1,1,5,0,1,0,0,0,0,6,4,5,6,5,4,5,1,6,1,1,4,2,1,1,1
370,4,2024,0,48,1,1,0,1,0,1,0,0,0,5,6,6,6,2,1,5,3,4,3,3,2,1,1,1,1
371,4,2024,0,59,1,0,4,0,0,1,0,0,0,2,2,5,5,2,1,7,6,1,5,3,6,5,1,4,1
372,4,2024,0,37,1,1,0,1,1,0,0,0,0,3,1,3,3,5,5,6,1,4,1,1,1,1,1,1,1
373,4,2024,1,76,1,1,0,1,1,0,0,0,0,4,5,4,5,3,3,3,4,5,4,4,5,4,4,4,1
374,4,2024,1,62,0,0,1,0,0,0,0,0,1,1,4,1,1,1,1,1,4,1,1,1,5,4,1,1,1
375,4,2024,1,68,1,1,4,0,0,0,0,1,0,5,2,5,6,5,5,3,1,5,1,1,1,1,1,1,1
376,4,2024,0,58,0,0,3,0,1,0,0,0,0,6,6,6,4,5,4,5,4,5,4,4,2,3,4,4,1
377,4,2024,1,61,1,1,5,0,1,0,0,0,0,4,1,4,6,5,1,5,5,4,4,1,5,6,1,1,1
378,4,2024,0,46,0,0,2,0,1,0,0,0,0,1,4,1,4,3,4,6,4,3,3,1,4,4,1,1,1
379,4,2024,1,51,1,1,4,0,1,0,0,0,0,7,6,2,7,7,5,5,1,7,3,1,3,1,1,1,0
380,4,2024,1,46,1,1,4,0,1,0,0,0,0,5,5,5,5,5,5,5,5,5,5,5,5,5,5,5,1
381,4,2024,0,55,1,1,5,0,1,0,0,0,0,7,7,5,7,1,3,7,6,1,7,2,1,7,1,1,1
382,4,2024,0,62,0,0,2,0,1,0,0,0,0,1,1,2,4,1,1,7,5,2,3,3,6,2,2,2,1
383,4,2024,1,64,0,1,0,1,0,0,0,0,1,4,4,4,6,4,4,4,4,1,4,4,6,4,4,4,0
384,4,2024,1,65,1,1,5,0,1,0,0,0,0,1,7,1,1,1,1,1,1,1,1,1,1,1,1,1,0
385,4,2024,0,50,0,0,0,1,1,0,0,0,0,1,1,3,2,6,1,7,3,4,5,4,4,3,5,5,1
386,4,2024,1,62,1,1,5,0,0,0,0,0,1,1,1,1,1,1,1,7,1,1,1,1,1,1,1,1,1
387,4,2024,0,49,1,0,4,0,1,0,0,0,0,1,2,7,5,7,7,6,1,5,1,1,2,1,1,1,1
388,4,2024,1,58,1,1,4,0,1,0,0,0,0,5,3,4,5,5,5,7,1,5,2,1,2,1,1,1,0
389,4,2024,1,88,0,1,3,0,0,0,0,0,1,1,2,1,6,4,1,5,1,4,4,1,4,1,1,1,1
390,4,2024,1,57,0,0,0,1,1,0,0,0,0,4,4,4,4,4,4,4,4,4,4,4,4,4,4,4,1
391,4,2024,1,60,1,1,5,0,1,0,0,0,0,4,5,5,5,5,1,5,5,5,5,6,4,5,5,5,0
392,4,2024,0,75,1,1,5,0,1,0,0,0,0,5,5,6,7,6,1,7,1,7,1,1,1,1,1,1,1
393,4,2024,0,60,0,0,3,0,1,0,0,0,0,5,6,5,5,5,3,7,3,4,5,3,4,2,2,5,1
394,4,2024,0,64,0,1,5,0,1,0,0,0,0,4,1,7,4,6,5,4,4,5,4,4,4,4,4,4,0
395,4,2024,1,69,1,1,5,0,1,0,0,0,0,5,1,1,6,7,1,7,1,5,1,1,1,1,1,1,0
396,4,2024,1,48,0,0,2,0,1,0,0,0,0,1,1,1,1,1,1,1,1,1,1,1,1,1,1,1,1
397,4,2024,1,65,1,1,2,0,1,0,0,0,0,4,1,4,5,4,1,4,5,4,1,1,1,3,1,1,1
398,4,2024,1,76,1,1,2,0,1,0,0,0,0,6,5,4,5,6,3,5,5,6,4,2,5,4,3,2,1
399,4,2024,0,54,1,0,4,0,0,1,0,0,0,6,4,6,6,5,1,6,3,5,3,3,3,3,3,3,0
400,4,2024,0,52,0,0,0,1,0,0,0,1,0,3,1,4,3,1,1,6,4,3,2,1,4,4,1,1,1
401,4,2024,0,54,1,0,3,0,1,0,0,0,0,4,4,4,4,4,4,4,4,4,4,4,4,4,4,4,0
402,4,2024,0,47,1,0,0,1,0,1,0,0,0,2,1,4,3,2,1,4,5,2,3,2,6,3,2,2,1
403,4,2024,1,52,0,0,0,1,1,0,0,0,0,6,2,5,4,5,4,4,4,4,4,4,3,4,4,4,0
404,4,2024,1,50,0,0,0,1,0,0,0,0,1,7,7,7,7,7,1,1,1,7,5,1,5,1,1,1,0
405,4,2024,1,55,0,0,3,0,1,0,0,0,0,1,1,1,4,1,1,1,4,4,4,4,4,4,4,4,1
406,4,2024,1,53,1,1,5,0,1,0,0,0,0,4,5,6,6,6,2,6,2,6,2,2,2,2,2,2,0
407,4,2024,0,51,1,0,4,0,0,1,0,0,0,4,1,1,4,4,1,3,5,4,2,3,3,2,3,3,1
408,4,2024,0,63,1,1,0,1,1,0,0,0,0,5,4,5,4,4,4,4,4,4,3,3,4,3,4,4,1
409,4,2024,0,44,0,0,2,0,1,0,0,0,0,4,1,4,3,5,5,5,3,3,2,2,4,3,3,2,1
410,4,2024,1,52,0,0,5,0,1,0,0,0,0,1,1,1,1,1,1,1,1,1,1,1,1,1,1,1,1
411,4,2024,1,55,0,0,3,0,1,0,0,0,0,4,1,6,4,4,4,4,4,4,4,4,3,4,4,3,1
412,4,2024,1,54,1,1,4,0,1,0,0,0,0,4,3,4,5,3,3,3,4,4,3,3,4,4,3,3,1
413,4,2024,1,47,0,1,3,0,1,0,0,0,0,2,3,5,4,6,2,4,2,4,1,1,2,2,1,1,1
414,4,2024,1,55,1,1,5,0,1,0,0,0,0,2,7,4,6,5,1,4,2,4,2,2,2,2,2,2,0
415,4,2024,0,74,1,1,2,0,1,0,0,0,0,7,7,7,5,7,7,4,1,4,1,1,1,1,1,1,0
416,4,2024,1,84,1,1,3,0,0,0,0,1,0,4,6,5,4,5,4,3,4,4,4,4,4,4,4,4,1
417,4,2024,1,67,0,1,0,1,0,0,0,1,0,1,1,1,1,1,1,1,1,1,1,1,7,1,1,1,1
418,4,2024,1,55,1,1,4,0,1,0,0,0,0,1,5,4,4,5,1,5,4,3,4,1,5,4,1,4,1
419,4,2024,0,46,1,1,3,0,1,0,0,0,0,1,1,1,4,4,5,1,1,1,1,1,1,1,1,1,1
420,4,2024,1,60,0,0,2,0,1,0,0,0,0,4,4,4,4,4,4,4,4,4,3,4,4,4,4,4,1
421,4,2024,1,48,0,0,2,0,1,0,0,0,0,3,4,4,3,3,4,4,4,4,3,3,3,4,3,3,1
422,4,2024,1,72,0,1,0,1,1,0,0,0,0,6,6,6,3,6,1,6,1,4,1,1,4,7,1,1,1
423,4,2024,1,66,1,1,5,0,1,0,0,0,0,5,5,4,5,5,5,6,2,5,2,2,1,3,2,1,0
424,4,2024,0,56,0,0,0,1,0,0,0,0,1,3,6,5,5,1,1,4,5,4,1,1,4,1,1,4,1
425,4,2024,1,74,0,0,2,0,0,0,0,1,0,7,5,4,7,4,1,4,1,6,1,1,5,2,1,1,1
426,4,2024,1,70,1,1,4,0,1,0,0,0,0,7,1,7,7,5,2,6,1,6,3,1,3,1,1,1,1
427,4,2024,0,71,0,1,3,0,0,1,0,0,0,6,6,7,7,7,7,7,1,6,2,1,1,1,1,1,0
428,4,2024,1,66,1,1,5,0,0,0,0,1,0,6,6,6,6,6,4,6,2,6,2,1,4,3,3,3,0
429,4,2024,1,62,1,0,2,0,0,0,0,1,0,6,6,5,6,5,6,4,4,5,3,3,4,4,3,3,1
430,4,2024,1,76,0,0,2,0,0,0,0,1,0,1,1,5,5,1,1,5,1,4,1,1,1,1,1,1,1
431,4,2024,1,74,1,0,2,0,0,0,0,1,0,5,5,5,5,5,5,5,5,5,5,5,5,5,5,5,0
432,4,2024,1,69,1,1,3,0,1,0,0,0,0,4,2,5,5,5,5,5,5,5,5,4,5,5,5,5,0
433,4,2024,1,84,0,1,2,0,0,0,0,1,0,1,7,1,7,7,1,1,1,4,1,1,4,1,1,1,0
434,4,2024,0,73,0,0,2,0,0,0,0,1,0,4,3,4,5,1,1,5,3,5,4,4,4,4,4,3,1
435,4,2024,1,46,1,1,5,0,1,0,0,0,0,2,5,5,1,4,1,7,1,4,1,1,1,1,1,1,1
436,4,2024,1,60,0,0,1,0,0,0,0,1,0,2,3,3,2,2,2,2,2,2,2,2,6,2,2,2,1
437,4,2024,1,48,0,0,2,0,1,0,0,0,0,4,4,4,4,4,4,4,4,4,4,5,5,4,4,4,1
438,4,2024,1,49,1,1,5,0,1,0,0,0,0,4,4,4,4,4,4,4,4,4,4,4,4,4,4,4,0
439,4,2024,1,60,1,0,3,0,1,0,0,0,0,4,5,5,4,5,1,4,1,5,1,1,2,1,1,1,1
440,4,2024,1,58,0,0,2,0,0,0,0,0,1,4,1,4,6,1,1,1,1,4,1,1,4,1,1,1,1
441,4,2024,1,74,1,1,3,0,1,0,0,0,0,1,1,6,7,5,1,5,2,6,1,1,2,5,1,1,1
442,4,2024,0,64,1,0,2,0,0,1,0,0,0,6,3,6,7,6,1,6,1,6,1,1,1,1,1,1,1
443,4,2024,1,70,0,0,1,0,0,0,0,1,0,5,5,1,4,5,1,5,4,4,4,4,4,1,4,4,1
444,4,2024,0,51,1,1,5,0,1,0,0,0,0,6,5,6,5,6,5,5,3,5,1,1,3,1,1,1,0
445,4,2024,0,45,0,1,2,0,1,0,0,0,0,2,1,3,7,1,5,5,1,4,3,1,1,1,1,1,0
446,4,2024,1,60,0,1,4,0,1,0,0,0,0,4,6,5,5,5,4,4,4,5,4,4,5,3,3,4,0
447,4,2024,0,50,1,0,2,0,0,1,0,0,0,7,1,7,1,1,1,1,1,1,1,1,1,1,1,1,1
448,4,2024,1,57,1,1,5,0,1,0,0,0,0,7,7,7,7,5,5,5,2,6,2,2,2,2,2,2,0
449,4,2024,1,50,1,1,5,0,1,0,0,0,0,3,3,2,2,3,2,2,3,2,2,2,2,2,2,2,1
450,4,2024,1,51,1,1,5,0,1,0,0,0,0,1,1,1,5,1,1,1,1,5,1,1,1,1,1,1,0
451,4,2024,1,54,0,0,5,0,1,0,0,0,0,2,2,2,2,4,3,2,4,3,1,1,4,2,1,1,1
452,4,2024,1,76,1,1,3,0,0,0,0,1,0,4,5,4,4,6,5,5,3,4,3,3,3,3,3,3,1
453,4,2024,1,50,0,0,3,0,0,0,0,1,0,5,4,4,6,4,1,6,4,4,4,4,4,4,4,4,1
454,4,2024,1,67,0,0,0,1,0,0,0,1,0,4,7,7,6,7,5,2,1,6,1,1,1,1,1,1,0
455,4,2024,1,45,1,1,5,0,1,0,0,0,0,5,5,3,6,5,6,2,2,6,2,2,1,2,2,2,0
456,4,2024,1,51,1,1,2,0,1,0,0,0,0,1,5,5,7,1,1,7,1,2,1,1,5,1,1,1,1
457,4,2024,1,61,1,1,4,0,1,0,0,0,0,4,6,6,5,6,3,5,3,5,4,3,6,3,3,3,1
458,4,2024,1,54,1,0,3,0,1,0,0,0,0,5,1,1,1,5,5,6,2,1,2,2,6,1,2,2,1
459,4,2024,1,66,1,1,2,0,0,0,0,1,0,5,5,4,5,4,4,6,4,4,4,1,3,3,2,4,1
460,4,2024,1,59,1,1,5,0,1,0,0,0,0,6,7,6,7,6,1,7,1,6,1,1,2,1,1,1,0
461,4,2024,1,72,1,1,3,0,1,0,0,0,0,3,5,5,5,3,1,6,3,6,5,5,4,3,4,3,1
462,4,2024,0,50,1,1,3,0,1,0,0,0,0,6,5,6,6,6,3,5,5,5,4,2,3,5,2,3,1
463,4,2024,0,57,1,0,3,0,1,0,0,0,0,1,1,1,1,1,1,6,1,1,1,1,1,1,1,1,1
464,4,2024,1,64,1,1,4,0,1,0,0,0,0,4,4,4,4,4,4,4,3,4,4,3,3,3,3,4,1
465,4,2024,0,72,1,1,2,0,0,1,0,0,0,7,7,6,6,7,2,6,2,6,2,2,2,2,1,1,0
466,4,2024,1,61,1,1,3,0,1,0,0,0,0,1,3,6,5,5,1,5,1,5,5,1,4,1,1,4,0
467,4,2024,1,70,1,1,2,0,0,0,0,1,0,1,1,6,2,6,1,7,1,4,1,1,2,1,1,1,1
468,4,2024,0,45,1,1,5,0,0,1,0,0,0,6,6,6,6,6,6,6,5,5,4,4,4,4,4,4,0
469,4,2024,0,52,1,1,3,0,0,1,0,0,0,4,5,5,5,4,4,5,4,4,4,4,4,4,4,4,1
470,4,2024,1,61,1,1,5,0,1,0,0,0,0,1,1,1,6,1,1,4,1,6,1,1,3,1,1,1,1
471,4,2024,1,54,0,0,1,0,1,0,0,0,0,1,1,1,1,1,1,1,5,1,1,1,7,1,1,7,0
472,4,2024,1,62,1,0,4,0,1,0,0,0,0,6,2,3,6,6,1,5,1,6,1,1,1,1,1,1,1
473,4,2024,1,60,1,1,4,0,1,0,0,0,0,4,1,4,2,2,2,1,4,5,4,4,6,4,1,1,1
474,4,2024,0,48,1,1,5,0,1,0,0,0,0,5,5,5,6,4,4,3,5,4,3,1,5,5,3,2,1
475,4,2024,0,59,1,0,3,0,1,0,0,0,0,4,5,5,4,4,2,1,2,4,1,1,4,2,1,1,1
476,4,2024,1,62,1,1,5,0,1,0,0,0,0,4,5,4,6,1,1,4,1,6,1,1,1,1,1,1,1
477,4,2024,0,50,0,0,4,0,1,0,0,0,0,6,6,6,6,6,6,6,2,6,2,2,2,2,2,2,0
478,4,2024,0,52,0,0,2,0,1,0,0,0,0,5,5,6,7,5,1,7,2,5,3,2,3,2,3,3,1
479,4,2024,0,57,0,0,4,0,1,0,0,0,0,5,3,4,6,4,5,4,3,6,4,3,4,3,3,2,1
480,4,2024,0,39,1,1,5,0,1,0,0,0,0,5,6,6,7,6,3,5,6,6,2,2,3,4,2,2,0
481,4,2024,1,51,1,1,5,0,0,0,0,0,1,5,5,4,5,4,1,1,1,5,1,1,1,1,1,1,1
482,4,2024,0,50,1,1,5,0,0,1,0,0,0,5,3,5,5,5,1,3,1,4,1,1,3,1,1,1,1
483,4,2024,0,40,1,1,2,0,1,0,0,0,0,4,5,5,5,4,4,5,4,3,4,4,4,4,4,3,1
484,4,2024,0,61,1,1,5,0,0,1,0,0,0,6,5,5,7,7,4,4,5,1,1,1,7,7,1,1,1
485,4,2024,0,55,1,1,3,0,1,0,0,0,0,2,1,1,1,1,1,1,1,1,2,1,1,1,1,2,0
486,4,2024,0,36,1,0,0,1,1,0,0,0,0,4,5,5,6,5,5,7,4,5,4,4,4,4,4,4,0
487,4,2024,0,50,1,1,0,1,0,1,0,0,0,3,3,3,5,3,2,1,5,1,1,1,5,4,1,1,1
488,4,2024,1,76,1,1,5,0,0,0,0,1,0,5,6,5,7,5,1,7,2,4,4,2,4,2,2,2,0
489,4,2024,1,69,0,0,1,0,0,0,0,1,0,1,1,1,2,1,5,1,1,1,4,1,1,1,1,1,1
490,4,2024,0,46,1,0,0,1,1,0,0,0,0,6,6,6,3,6,1,1,1,6,1,1,3,1,1,1,1
491,4,2024,0,60,0,0,4,0,1,0,0,0,0,1,1,3,5,1,1,6,3,1,1,1,6,1,1,1,1
492,4,2024,0,71,1,1,3,0,0,0,0,0,1,4,6,5,5,3,6,6,4,5,4,1,5,2,1,1,1
493,4,2024,1,54,0,0,1,0,0,0,0,1,0,1,1,1,1,1,1,7,4,3,4,4,5,4,4,4,1
494,4,2024,1,73,1,1,2,0,0,0,0,1,0,4,5,6,6,3,1,6,2,4,3,1,4,1,1,1,1
495,4,2024,1,57,1,1,5,0,1,0,0,0,0,4,5,4,4,4,4,4,4,4,4,4,4,4,4,4,1
496,4,2024,1,61,1,1,3,0,1,0,0,0,0,4,4,4,4,4,1,4,4,4,4,4,5,4,4,5,1
497,4,2024,1,74,1,1,2,0,0,0,0,1,0,1,1,6,6,5,6,6,1,4,5,1,3,1,1,1,1
498,4,2024,1,57,1,1,5,0,1,0,0,0,0,5,4,4,4,5,1,3,4,4,3,2,3,4,1,2,1
499,4,2024,0,73,1,1,3,0,0,1,0,0,0,4,5,4,6,5,5,6,1,4,1,1,4,3,1,1,1
500,4,2024,1,66,1,1,5,0,1,0,0,0,0,6,6,7,7,6,1,7,4,7,5,1,4,4,1,1,0
501,4,2024,0,63,1,1,3,0,1,0,0,0,0,7,7,7,7,7,1,7,1,7,1,1,1,1,1,1,0
502,4,2024,1,62,1,0,0,1,1,0,0,0,0,2,1,2,4,4,4,1,2,4,1,1,3,3,1,2,1
503,4,2024,1,74,1,0,4,0,1,0,0,0,0,3,2,6,2,4,1,2,4,4,1,1,4,4,1,1,1
504,4,2024,1,79,1,1,0,1,0,0,0,0,1,1,1,1,6,1,1,1,1,1,1,1,1,1,1,1,1
505,4,2024,1,66,1,0,4,0,1,0,0,0,0,4,5,4,3,6,4,1,1,4,1,1,4,1,1,1,1
506,4,2024,0,61,1,0,2,0,0,1,0,0,0,6,1,6,6,5,1,7,1,5,1,1,7,1,1,1,1
507,4,2024,1,71,1,1,3,0,1,0,0,0,0,6,2,5,7,6,1,5,1,6,1,1,3,2,1,2,1
508,4,2024,0,62,0,0,2,0,1,0,0,0,0,4,6,4,4,4,4,4,4,4,4,4,4,4,4,4,1
509,4,2024,1,57,1,0,4,0,0,0,0,1,0,6,5,5,6,6,1,6,3,6,2,2,2,2,3,2,1
510,4,2024,0,47,1,1,5,0,0,1,0,0,0,3,1,5,5,5,5,5,2,5,2,1,2,2,2,1,1
511,4,2024,1,58,0,0,3,0,1,0,0,0,0,3,3,3,4,1,2,4,5,4,4,3,6,4,3,5,1
512,4,2024,1,47,0,0,3,0,1,0,0,0,0,2,1,2,2,2,2,3,2,2,2,2,5,3,1,1,1
513,4,2024,1,64,1,0,5,0,1,0,0,0,0,7,7,7,6,7,1,1,1,6,1,1,1,1,1,1,1
514,4,2024,0,45,1,1,3,0,1,0,0,0,0,4,5,4,4,4,4,4,4,4,3,4,4,4,3,4,1
515,4,2024,0,65,1,1,2,0,0,1,0,0,0,1,1,1,5,1,1,6,4,4,4,4,4,4,4,4,1
516,4,2024,1,54,1,1,5,0,1,0,0,0,0,6,7,6,7,6,1,7,4,6,3,3,7,5,3,4,0
517,4,2024,0,50,1,0,5,0,1,0,0,0,0,3,7,4,4,4,1,5,6,3,1,1,4,4,1,4,1
518,4,2024,1,66,1,1,5,0,1,0,0,0,0,6,6,7,6,6,6,4,1,6,1,1,4,1,1,1,0
519,4,2024,0,82,0,1,2,0,0,1,0,0,0,4,1,5,7,6,5,5,5,5,4,3,1,4,3,2,0
520,4,2024,0,74,1,1,3,0,0,1,0,0,0,5,4,4,4,6,1,6,1,5,2,1,4,1,1,1,0
521,4,2024,1,54,1,1,5,0,1,0,0,0,0,4,1,1,7,5,1,1,1,4,1,1,1,1,1,1,1
522,4,2024,1,73,1,1,5,0,1,0,0,0,0,4,6,5,6,4,1,4,1,5,1,1,4,2,1,1,1
523,4,2024,1,47,1,1,0,1,1,0,0,0,0,5,1,1,3,6,5,5,3,4,1,1,3,1,1,2,1
524,4,2024,0,58,1,1,4,0,0,1,0,0,0,5,5,5,5,5,5,5,7,4,3,3,3,3,3,3,1
525,4,2024,0,58,0,0,1,0,0,0,0,1,0,6,2,2,6,4,1,5,1,5,1,1,4,1,1,1,1
526,4,2024,1,75,1,1,4,0,0,0,0,1,0,5,4,4,6,5,5,3,1,6,1,1,2,1,3,1,0
527,4,2024,1,57,0,1,2,0,1,0,0,0,0,1,1,1,1,1,1,1,1,1,1,1,1,1,1,1,1
528,4,2024,1,53,0,0,5,0,1,0,0,0,0,1,1,1,1,1,1,1,1,1,1,1,1,1,1,1,0
529,4,2024,1,75,1,1,2,0,0,0,0,1,0,4,1,5,6,4,1,7,1,4,1,1,1,1,1,1,0
530,4,2024,1,60,0,0,2,0,1,0,0,0,0,1,2,4,1,1,1,7,6,1,4,4,7,5,4,5,1
531,4,2024,1,55,0,0,3,0,1,0,0,0,0,5,5,3,6,4,4,1,1,5,1,1,4,1,1,1,1
532,4,2024,0,72,1,1,0,1,0,1,0,0,0,5,1,6,2,1,1,7,4,7,1,1,4,6,1,1,1
533,4,2024,0,63,1,1,3,0,0,0,0,0,1,5,5,7,7,1,1,1,2,2,2,1,7,1,1,1,1
534,4,2024,1,71,1,1,2,0,0,0,0,1,0,1,7,4,7,2,2,6,1,3,1,1,4,1,1,1,1
535,4,2024,0,61,0,1,2,0,1,0,0,0,0,1,1,1,5,4,4,7,5,2,5,1,6,4,1,1,1
536,4,2024,0,67,1,1,0,1,0,1,0,0,0,2,4,6,7,5,1,5,4,4,5,4,4,1,1,1,1
537,4,2024,0,51,0,0,2,0,1,0,0,0,0,5,2,5,4,4,5,5,4,4,3,2,4,3,1,3,1
538,4,2024,0,38,1,1,3,0,1,0,0,0,0,5,6,5,5,5,3,5,4,4,4,4,4,4,4,4,1
539,4,2024,0,70,1,1,3,0,0,1,0,0,0,1,5,5,7,7,5,7,1,5,1,1,1,1,1,1,1
540,4,2024,1,72,1,0,2,0,1,0,0,0,0,1,1,2,6,1,1,2,2,3,2,1,1,1,1,1,1
541,4,2024,1,44,0,0,3,0,1,0,0,0,0,2,1,2,5,2,2,1,1,5,1,1,2,4,1,1,1
542,4,2024,1,59,1,1,5,0,1,0,0,0,0,1,1,2,5,1,1,4,5,3,4,3,5,4,1,4,1
543,4,2024,1,57,1,1,5,0,1,0,0,0,0,5,3,5,5,5,5,3,5,4,1,1,1,1,1,1,0
544,4,2024,1,47,1,0,3,0,1,0,0,0,0,4,5,4,4,4,4,4,4,4,4,4,4,4,4,4,1
545,4,2024,1,76,0,1,2,0,0,0,0,1,0,6,7,4,4,4,3,5,4,4,4,3,6,3,3,3,1
546,4,2024,1,42,0,0,3,0,1,0,0,0,0,7,6,5,3,6,6,2,1,7,1,1,1,1,1,1,1
547,4,2024,1,66,1,1,0,1,1,0,0,0,0,3,2,3,2,5,1,4,3,3,2,1,4,3,1,1,1
548,4,2024,1,62,0,0,1,0,0,0,0,1,0,3,7,3,5,6,3,3,3,3,3,4,4,4,2,1,1
549,4,2024,1,72,1,1,5,0,0,0,0,1,0,6,7,6,7,6,1,7,1,7,2,1,5,1,1,1,0
550,4,2024,1,52,0,0,4,0,1,0,0,0,0,1,1,1,6,5,1,6,4,4,2,1,3,1,1,1,1
551,4,2024,1,49,1,1,5,0,1,0,0,0,0,4,1,3,3,5,1,5,4,3,3,1,3,3,1,1,1
552,4,2024,1,63,1,1,3,0,1,0,0,0,0,7,7,3,7,5,1,1,4,5,4,4,4,4,4,4,1
553,4,2024,1,74,1,1,4,0,0,0,0,1,0,6,7,7,7,6,1,7,1,4,1,1,1,1,1,1,1
554,4,2024,0,61,0,0,2,0,0,0,0,1,0,1,7,5,4,7,1,7,1,6,4,2,1,1,1,1,1
555,4,2024,0,57,0,0,0,1,0,0,0,1,0,1,1,5,2,4,1,5,5,3,5,3,7,5,5,6,1
556,4,2024,1,61,0,0,1,0,1,0,0,0,0,4,5,5,7,1,1,6,2,6,4,1,2,1,2,1,1
557,4,2024,1,65,1,1,3,0,0,0,0,1,0,5,5,6,5,5,1,2,2,5,1,1,1,1,1,1,1
558,4,2024,1,46,0,0,3,0,1,0,0,0,0,2,5,1,2,3,2,4,1,1,3,4,5,3,1,2,1
559,4,2024,1,79,1,1,4,0,0,0,0,1,0,1,5,6,7,4,2,6,1,4,3,1,6,1,1,1,0
560,4,2024,1,69,1,1,2,0,0,0,0,1,0,4,5,5,4,6,6,4,4,4,4,4,4,4,4,4,0
561,4,2024,1,53,1,1,5,0,1,0,0,0,0,5,5,5,3,5,3,3,3,3,3,3,2,3,3,3,0
562,4,2024,0,52,1,1,5,0,0,1,0,0,0,2,2,2,2,2,2,2,4,2,4,4,4,3,4,4,1
563,4,2024,1,75,1,1,3,0,0,0,0,1,0,3,5,5,5,3,3,4,1,5,1,1,1,1,2,1,1
564,4,2024,0,40,0,0,4,0,1,0,0,0,0,1,4,1,6,1,5,1,7,1,1,1,4,5,1,4,1
565,4,2024,1,56,0,0,4,0,1,0,0,0,0,5,1,1,6,5,1,4,1,6,1,1,4,1,1,1,1
566,4,2024,1,62,0,0,2,0,1,0,0,0,0,5,4,4,4,4,3,4,4,4,4,4,4,4,4,4,1
567,4,2024,0,54,0,0,0,1,1,0,0,0,0,2,1,3,3,5,1,5,1,2,1,1,5,1,1,1,1
568,4,2024,0,64,0,0,3,0,0,0,0,1,0,1,1,4,6,5,5,5,2,4,2,2,5,2,2,2,0
569,4,2024,1,47,0,0,4,0,1,0,0,0,0,5,3,3,5,4,4,2,4,5,4,4,3,4,4,4,1
570,4,2024,0,61,1,1,5,0,1,0,0,0,0,5,1,5,6,5,1,6,1,5,1,1,2,1,1,1,0
571,4,2024,1,76,1,1,2,0,0,0,0,1,0,5,6,6,6,1,1,6,1,6,1,1,1,1,1,1,1
572,4,2024,0,73,1,1,2,0,0,1,0,0,0,6,5,6,5,6,2,5,2,5,2,2,3,2,2,2,0
573,4,2024,1,66,1,1,5,0,1,0,0,0,0,4,2,4,6,6,1,4,1,6,1,1,1,1,1,1,0
574,4,2024,1,82,1,1,2,0,0,0,0,1,0,4,4,4,4,4,4,4,4,4,4,4,4,4,4,4,1
575,4,2024,1,64,1,1,5,0,1,0,0,0,0,4,4,4,4,4,2,4,4,4,4,4,4,4,4,4,1
576,4,2024,1,73,1,1,5,0,1,0,0,0,0,4,4,4,7,4,1,6,1,4,4,1,1,1,3,1,1
577,4,2024,1,79,0,0,5,0,0,0,0,1,0,4,6,6,6,5,2,5,1,6,2,2,1,1,2,1,1
578,4,2024,0,51,0,0,2,0,1,0,0,0,0,3,6,5,4,3,3,2,5,2,4,2,4,5,2,1,1
579,4,2024,0,57,1,1,3,0,1,0,0,0,0,1,5,5,6,4,1,5,2,1,2,1,2,1,1,1,1
580,4,2024,1,48,0,0,4,0,1,0,0,0,0,1,5,5,4,4,4,4,4,4,4,4,5,4,4,4,0
581,4,2024,0,55,0,0,4,0,1,0,0,0,0,5,5,5,3,4,5,7,1,4,1,1,3,1,1,3,0
582,4,2024,0,39,1,1,2,0,1,0,0,0,0,4,5,4,5,3,6,4,5,5,5,5,5,5,5,5,0
583,4,2024,1,75,1,1,5,0,1,0,0,0,0,6,1,3,7,4,1,7,1,6,1,1,1,1,1,1,1
584,4,2024,1,58,1,1,5,0,1,0,0,0,0,4,4,4,2,5,5,5,5,4,5,3,5,3,5,5,1
585,4,2024,1,57,1,1,4,0,1,0,0,0,0,2,1,4,4,4,4,6,4,4,4,3,3,4,4,4,1
586,4,2024,1,70,1,1,3,0,1,0,0,0,0,6,6,6,7,7,1,7,1,6,5,3,4,1,1,1,0
587,4,2024,1,41,0,0,2,0,1,0,0,0,0,1,1,1,1,1,1,1,6,1,6,6,6,4,5,6,1
588,4,2024,1,53,1,1,5,0,1,0,0,0,0,6,5,5,5,6,3,3,4,5,4,2,2,2,1,2,1
589,4,2024,1,61,0,0,1,0,1,0,0,0,0,3,3,3,4,3,3,3,4,4,4,4,4,4,3,4,1
590,4,2024,1,62,1,1,3,0,1,0,0,0,0,3,5,3,5,3,1,7,1,4,3,1,5,4,1,1,1
591,4,2024,1,51,1,1,3,0,1,0,0,0,0,4,5,5,5,5,5,4,5,3,5,4,6,4,5,4,0
592,4,2024,1,68,0,0,2,0,1,0,0,0,0,1,1,1,1,1,1,1,1,1,1,1,5,1,1,1,1
593,4,2024,1,59,1,0,2,0,1,0,0,0,0,4,4,4,2,4,5,5,4,4,4,4,5,4,4,4,1
594,4,2024,0,53,1,0,5,0,0,1,0,0,0,4,4,5,5,5,4,4,2,4,2,2,2,2,2,2,0
595,4,2024,1,70,1,1,3,0,0,0,0,1,0,5,5,3,6,5,1,5,1,5,1,1,5,1,1,1,1
596,4,2024,1,52,0,0,3,0,0,0,0,1,0,5,1,3,3,1,1,4,1,1,1,1,4,4,1,1,1
597,4,2024,1,52,1,1,3,0,1,0,0,0,0,5,2,5,4,5,1,3,5,4,2,1,6,4,1,6,0
598,4,2024,0,41,1,1,4,0,1,0,0,0,0,5,5,6,5,5,5,5,4,5,5,3,3,5,3,3,1
599,4,2024,0,76,1,1,2,0,0,1,0,0,0,5,6,6,5,6,6,6,1,6,1,1,1,1,1,1,0
600,4,2024,0,44,1,1,3,0,0,1,0,0,0,5,5,6,7,7,1,1,1,5,1,1,1,1,1,1,0
601,4,2024,1,41,1,1,5,0,1,0,0,0,0,1,1,1,3,5,1,1,1,4,1,1,1,1,1,1,0
602,4,2024,1,60,1,1,5,0,1,0,0,0,0,4,4,4,4,4,4,4,4,4,4,4,2,4,4,4,0
603,4,2024,0,65,1,1,0,1,0,1,0,0,0,4,4,5,3,5,5,5,3,4,4,2,4,3,4,4,1
604,4,2024,1,44,0,0,0,1,0,0,0,1,0,1,1,1,1,1,1,1,1,1,1,1,7,1,1,1,1
605,4,2024,1,60,0,0,3,0,1,0,0,0,0,3,1,3,4,4,3,1,4,4,4,4,4,4,4,4,0
606,4,2024,1,47,1,1,5,0,1,0,0,0,0,5,5,4,5,4,4,4,4,4,4,4,5,1,4,4,0
607,4,2024,1,57,1,1,3,0,1,0,0,0,0,2,2,2,5,6,1,5,3,5,3,2,3,3,2,2,1
608,4,2024,1,61,1,1,2,0,1,0,0,0,0,6,6,5,4,6,3,7,1,6,1,1,4,1,1,1,0
609,4,2024,0,76,1,1,4,0,0,1,0,0,0,7,3,6,7,6,1,6,2,5,2,2,3,2,1,1,0
610,4,2024,1,61,1,0,5,0,1,0,0,0,0,5,4,5,5,5,4,5,3,5,4,4,3,3,4,4,0
611,4,2024,0,49,1,1,5,0,1,0,0,0,0,6,6,6,6,6,3,5,5,6,5,5,5,6,5,5,0
612,4,2024,1,60,1,1,2,0,1,0,0,0,0,4,4,5,4,4,4,4,4,4,4,4,4,4,4,4,1
613,4,2024,0,73,1,1,1,0,0,1,0,0,0,7,7,7,7,7,7,7,2,6,1,1,4,1,1,1,0
614,4,2024,1,56,1,1,5,0,1,0,0,0,0,4,6,4,5,4,4,6,4,6,4,4,4,4,4,4,0
615,4,2024,1,37,0,0,1,0,0,0,0,0,1,1,1,1,4,1,1,1,1,1,1,1,1,1,1,1,1
616,4,2024,0,67,1,1,5,0,0,1,0,0,0,1,1,1,6,1,1,1,2,6,2,2,2,2,1,1,0
617,4,2024,0,50,0,0,3,0,1,0,0,0,0,4,4,2,4,5,3,6,1,5,2,1,4,1,1,1,0
618,4,2024,0,55,1,1,5,0,1,0,0,0,0,1,1,1,3,2,1,1,2,1,2,3,3,2,2,2,1
619,4,2024,1,61,0,0,1,0,0,0,0,1,0,4,1,4,7,5,1,1,2,4,1,1,7,1,1,1,1
620,4,2024,1,66,0,0,2,0,0,0,0,1,0,4,4,3,4,4,3,4,4,4,4,4,4,4,4,4,0
621,4,2024,1,64,0,1,4,0,1,0,0,0,0,4,4,5,6,5,5,5,1,5,1,1,5,1,1,1,0
622,4,2024,0,52,0,0,1,0,0,0,0,0,1,4,4,4,2,1,1,4,5,4,4,4,4,4,4,4,1
623,4,2024,1,71,1,0,1,0,0,0,0,1,0,1,1,1,1,1,1,1,1,1,1,1,1,1,1,1,1
624,4,2024,0,55,1,1,0,1,0,1,0,0,0,3,5,7,7,7,1,7,1,5,1,1,1,1,1,1,0
625,4,2024,1,48,0,0,3,0,1,0,0,0,0,3,1,2,5,3,3,5,3,4,2,2,3,2,2,2,1
626,4,2024,0,50,1,1,4,0,1,0,0,0,0,1,1,1,7,1,1,1,1,1,1,1,1,1,1,1,0
627,4,2024,0,58,1,1,0,1,0,1,0,0,0,5,5,5,5,5,4,6,4,4,5,3,4,4,6,3,0
628,4,2024,1,58,0,0,2,0,1,0,0,0,0,3,2,3,3,1,1,4,3,4,3,3,3,3,3,3,1
629,4,2024,1,69,1,1,2,0,0,0,0,1,0,5,5,5,6,5,1,1,1,4,1,1,4,1,1,1,1
630,4,2024,1,51,0,0,5,0,1,0,0,0,0,5,5,6,5,1,1,1,5,3,3,3,3,4,3,3,1
631,4,2024,0,56,0,0,1,0,1,0,0,0,0,5,4,5,3,2,3,4,5,5,4,3,5,5,5,4,1
632,4,2024,1,44,0,0,3,0,0,0,0,0,1,4,5,4,3,4,1,5,1,1,1,1,4,1,1,1,1
633,4,2024,1,64,1,1,4,0,1,0,0,0,0,5,5,2,7,5,3,2,2,2,2,2,2,2,2,2,0
634,4,2024,0,57,0,0,0,1,1,0,0,0,0,1,2,6,6,1,1,1,1,4,1,1,1,1,1,1,1
635,4,2024,1,67,0,0,2,0,0,0,0,1,0,4,5,6,6,2,1,5,2,4,3,2,2,2,2,1,1
636,4,2024,0,44,0,0,3,0,1,0,0,0,0,1,1,1,1,1,1,7,1,1,1,1,1,1,1,1,1
637,4,2024,1,66,1,1,2,0,1,0,0,0,0,2,6,5,5,2,3,5,2,5,4,4,7,4,3,6,1
638,4,2024,1,47,1,1,0,1,1,0,0,0,0,3,5,5,4,1,1,6,5,3,5,2,6,1,2,4,1
639,4,2024,1,60,1,1,4,0,1,0,0,0,0,4,4,4,4,4,4,4,4,4,4,4,4,4,4,4,0
640,4,2024,0,69,0,0,2,0,0,0,0,1,0,6,4,6,7,7,1,7,1,4,4,1,4,1,1,1,0
641,4,2024,1,57,0,0,5,0,1,0,0,0,0,6,1,1,6,1,1,1,4,6,4,4,2,4,4,3,0
642,4,2024,1,79,1,1,5,0,0,0,0,1,0,6,6,6,5,6,6,5,5,5,5,5,5,5,5,5,1
643,4,2024,1,58,1,1,5,0,1,0,0,0,0,6,7,5,6,5,5,1,1,6,1,1,4,4,1,1,0
644,4,2024,0,66,1,1,3,0,0,1,0,0,0,3,3,5,6,5,3,3,2,5,3,2,4,3,2,2,1
645,4,2024,1,49,0,0,3,0,1,0,0,0,0,2,2,5,4,1,1,4,1,3,1,1,3,1,1,1,1
646,4,2024,1,61,0,0,2,0,1,0,0,0,0,5,4,4,5,2,2,7,4,4,4,1,7,1,2,7,1
647,4,2024,0,45,1,1,5,0,1,0,0,0,0,4,5,5,6,6,2,5,3,4,1,1,3,3,1,1,0
648,4,2024,0,77,1,1,2,0,0,1,0,0,0,6,7,7,7,6,5,6,1,7,1,1,1,1,1,1,0
649,4,2024,1,76,0,0,1,0,0,0,0,0,1,4,7,1,7,4,1,1,1,1,1,1,1,1,1,1,0
650,4,2024,1,64,0,0,5,0,1,0,0,0,0,5,5,4,4,5,1,1,1,4,1,1,1,1,1,1,0
651,4,2024,1,55,1,1,5,0,1,0,0,0,0,3,5,6,4,5,1,5,4,4,4,4,4,4,4,4,1
652,4,2024,0,55,0,0,4,0,1,0,0,0,0,4,5,5,6,4,4,6,2,4,3,1,1,1,2,1,0
653,4,2024,1,75,1,1,3,0,0,0,0,1,0,5,7,6,6,7,7,5,1,5,4,1,4,1,1,1,0
654,4,2024,0,38,1,1,0,1,1,0,0,0,0,3,4,4,5,4,4,3,5,4,4,4,4,4,2,4,1
655,4,2024,1,53,0,1,2,0,1,0,0,0,0,5,6,6,5,4,3,4,3,5,3,3,3,3,3,3,1
656,4,2024,0,76,1,1,5,0,1,0,0,0,0,4,4,4,4,4,4,4,4,4,4,4,4,4,4,5,0
657,4,2024,1,68,1,1,4,0,1,0,0,0,0,5,5,6,5,6,5,4,3,4,3,2,3,2,2,2,0
658,4,2024,1,47,0,0,3,0,1,0,0,0,0,7,7,4,1,7,4,1,1,1,1,1,7,1,1,1,1
659,4,2024,1,56,0,0,2,0,1,0,0,0,0,4,5,4,4,3,4,5,3,3,2,2,4,4,3,5,1
660,4,2024,1,58,1,0,2,0,1,0,0,0,0,6,6,6,6,7,6,1,1,3,1,1,4,1,1,1,1
661,4,2024,0,56,1,0,4,0,0,1,0,0,0,6,6,6,6,5,5,7,2,6,1,1,3,4,1,1,1
662,4,2024,1,75,1,1,0,1,1,0,0,0,0,3,3,6,6,5,1,7,2,4,5,2,5,1,2,3,0
663,4,2024,1,58,1,1,4,0,1,0,0,0,0,5,5,5,4,5,4,4,4,4,4,4,4,4,4,4,1
664,4,2024,1,62,0,0,1,0,1,0,0,0,0,5,1,4,5,6,6,3,2,4,2,1,3,1,1,2,1
665,4,2024,1,60,1,1,5,0,1,0,0,0,0,5,5,5,6,5,1,5,1,5,2,1,4,2,1,1,0
666,4,2024,0,53,0,0,2,0,0,0,0,1,0,3,3,3,4,1,1,7,5,4,4,3,5,4,5,4,1
667,4,2024,1,58,1,1,4,0,1,0,0,0,0,4,4,5,4,5,5,5,6,3,6,5,6,6,5,6,0
668,4,2024,0,59,1,1,0,1,1,0,0,0,0,4,4,3,4,5,5,6,4,4,4,4,4,4,4,4,1
669,4,2024,0,77,1,1,3,0,0,1,0,0,0,5,6,6,5,7,7,7,5,5,6,4,4,4,3,4,0
670,4,2024,1,70,1,1,1,0,0,0,0,1,0,4,4,4,4,4,4,5,4,4,4,4,2,4,4,4,1
671,4,2024,1,66,1,1,5,0,1,0,0,0,0,1,1,1,6,5,1,1,1,5,1,1,1,1,1,1,1
672,4,2024,0,72,0,1,4,0,0,1,0,0,0,2,5,6,6,7,1,7,4,4,5,3,4,4,2,1,1
673,4,2024,1,53,1,0,5,0,1,0,0,0,0,1,1,1,7,1,1,7,1,1,1,1,1,1,1,1,1
674,4,2024,1,42,1,1,5,0,1,0,0,0,0,5,4,4,3,5,3,2,5,2,1,1,2,2,1,1,1
675,4,2024,0,69,1,1,3,0,0,1,0,0,0,5,4,5,7,5,1,3,1,4,1,1,3,1,1,1,0
676,4,2024,1,44,1,1,5,0,1,0,0,0,0,4,6,4,5,4,4,5,1,5,1,1,1,1,1,1,1
677,4,2024,0,65,0,1,2,0,1,0,0,0,0,5,6,6,6,6,5,5,1,6,1,1,2,1,1,1,0
678,4,2024,0,47,1,1,3,0,1,0,0,0,0,4,6,5,6,5,4,5,1,4,1,1,4,1,1,1,1
679,4,2024,1,55,1,1,5,0,1,0,0,0,0,4,5,4,4,3,3,4,4,4,4,4,4,4,4,4,1
680,4,2024,0,43,1,1,3,0,0,1,0,0,0,4,3,4,3,6,3,3,1,3,3,3,3,2,3,2,1
681,4,2024,1,40,0,0,1,0,1,0,0,0,0,5,4,4,4,4,4,4,5,1,4,1,4,4,4,4,1
682,4,2024,0,44,1,0,0,1,1,0,0,0,0,1,1,4,5,1,1,1,5,2,1,1,3,1,1,1,1
683,4,2024,1,79,1,1,2,0,0,0,0,1,0,4,6,4,2,4,2,6,2,3,1,1,6,5,1,3,1
684,4,2024,1,49,0,0,3,0,1,0,0,0,0,4,5,5,4,5,4,4,4,4,3,4,4,4,4,4,1
685,4,2024,1,60,0,0,1,0,0,0,0,1,0,5,6,4,5,1,1,2,1,4,1,1,1,1,1,1,1
686,4,2024,1,53,0,0,3,0,1,0,0,0,0,4,5,4,6,5,5,2,2,4,2,2,2,2,2,1,1
687,4,2024,0,60,1,1,3,0,1,0,0,0,0,5,2,4,5,5,5,3,5,2,2,2,4,4,2,2,0
688,4,2024,1,76,1,1,2,0,0,0,0,1,0,6,5,4,5,6,3,2,3,5,3,2,3,3,2,2,0
689,4,2024,1,42,0,0,1,0,0,0,0,1,0,1,1,1,1,1,1,1,1,1,1,1,1,1,1,1,1
690,4,2024,1,52,1,0,5,0,1,0,0,0,0,5,5,5,5,5,5,5,4,5,4,4,4,4,4,4,0
691,4,2024,1,63,1,1,0,1,1,0,0,0,0,5,5,5,6,2,2,5,3,4,2,2,2,2,2,2,1
692,4,2024,1,60,1,1,4,0,1,0,0,0,0,1,1,1,1,5,5,5,7,1,7,5,6,6,4,4,1
693,4,2024,1,60,1,1,3,0,1,0,0,0,0,2,6,2,4,2,2,5,5,3,3,2,6,2,1,6,1
694,4,2024,1,77,1,1,2,0,1,0,0,0,0,2,1,2,5,5,1,6,3,4,4,2,3,1,1,1,0
695,4,2024,1,47,1,1,5,0,1,0,0,0,0,5,5,6,6,6,1,5,1,5,1,1,5,1,1,1,1
696,4,2024,0,61,0,1,3,0,0,0,0,1,0,3,7,3,7,6,1,7,1,6,1,1,1,1,1,1,1
697,4,2024,1,66,0,1,2,0,1,0,0,0,0,6,7,6,7,6,6,6,1,7,1,1,1,1,1,1,1
698,4,2024,0,36,1,1,4,0,1,0,0,0,0,3,6,4,5,4,2,2,1,4,2,1,3,1,3,5,1
699,4,2024,0,51,0,0,3,0,1,0,0,0,0,5,6,6,5,6,6,5,4,5,4,2,3,4,2,2,0
700,4,2024,1,59,0,0,2,0,1,0,0,0,0,4,1,1,4,1,1,2,4,1,1,1,5,4,1,1,1
701,4,2024,1,61,0,0,4,0,1,0,0,0,0,3,1,7,5,1,1,1,7,1,5,1,3,7,1,1,1
702,4,2024,0,76,1,1,2,0,0,1,0,0,0,6,6,6,6,6,5,3,1,4,1,1,1,1,1,1,0
703,4,2024,1,44,0,0,4,0,1,0,0,0,0,4,4,4,4,4,4,4,4,4,4,4,4,4,4,4,1
704,4,2024,1,39,1,0,4,0,1,0,0,0,0,1,1,2,1,1,1,1,1,1,1,1,1,1,1,1,0
705,4,2024,1,50,1,0,4,0,1,0,0,0,0,5,6,5,4,4,3,7,3,7,1,1,4,1,1,1,1
706,4,2024,1,58,1,1,2,0,1,0,0,0,0,6,6,5,5,5,4,3,2,4,2,2,6,2,2,2,0
707,4,2024,1,39,0,0,5,0,1,0,0,0,0,4,3,2,3,3,3,3,4,2,4,4,4,4,4,7,1
708,4,2024,0,46,1,1,5,0,1,0,0,0,0,4,4,4,6,5,4,4,4,5,4,4,5,3,4,4,0
709,4,2024,1,81,1,1,4,0,0,0,0,1,0,2,5,6,6,5,1,5,1,7,2,1,2,2,1,1,1
710,4,2024,1,74,1,1,2,0,0,0,0,1,0,5,5,3,6,6,1,3,2,5,3,2,4,2,2,1,1
711,4,2024,0,42,1,1,5,0,1,0,0,0,0,1,1,2,1,1,1,1,1,1,1,1,1,1,1,1,0
712,4,2024,1,53,1,0,5,0,1,0,0,0,0,2,6,6,6,6,1,2,2,6,2,1,4,5,2,2,0
713,4,2024,1,42,0,0,5,0,1,0,0,0,0,5,6,6,7,5,5,6,1,6,1,1,1,1,1,1,0
714,4,2024,1,60,1,1,5,0,1,0,0,0,0,6,5,6,1,6,1,7,2,5,4,1,3,1,1,1,1
715,4,2024,0,74,0,1,3,0,0,0,0,1,0,6,2,4,5,1,1,5,5,4,5,4,7,3,3,5,1
716,4,2024,1,65,1,1,4,0,1,0,0,0,0,4,5,5,5,5,4,3,3,4,3,3,3,3,3,3,1
717,4,2024,1,66,0,0,2,0,1,0,0,0,0,2,2,5,4,5,2,5,3,4,4,2,5,1,1,4,1
718,4,2024,1,68,1,1,0,1,0,0,0,1,0,4,5,5,5,5,4,5,4,5,4,4,4,4,4,4,1
719,4,2024,0,65,1,1,0,1,0,1,0,0,0,4,3,5,6,6,1,5,1,4,2,1,1,1,1,1,0
720,4,2024,1,75,0,0,1,0,0,0,0,1,0,4,4,4,4,4,4,5,4,4,4,4,4,4,4,5,1
721,4,2024,1,43,0,0,0,1,1,0,0,0,0,1,1,1,7,2,1,7,1,1,1,1,4,1,1,1,1
722,4,2024,0,49,0,0,0,1,1,0,0,0,0,2,2,5,5,2,1,5,4,4,4,1,4,4,1,2,0
723,4,2024,1,64,0,0,4,0,1,0,0,0,0,4,4,4,4,4,4,4,4,4,4,4,4,4,4,4,0
724,4,2024,0,48,1,1,4,0,1,0,0,0,0,6,6,6,6,6,6,6,3,5,3,3,4,4,3,2,0
725,4,2024,0,49,1,1,5,0,0,1,0,0,0,2,2,5,6,5,6,1,2,1,1,1,3,1,1,1,1
726,4,2024,1,73,1,1,3,0,1,0,0,0,0,5,5,5,5,5,1,5,2,5,2,1,4,2,2,3,0
727,4,2024,1,56,1,1,3,0,1,0,0,0,0,5,6,5,5,6,1,5,2,6,2,2,2,2,2,2,1
728,4,2024,0,75,1,1,2,0,0,1,0,0,0,6,6,6,6,6,5,6,4,6,3,3,4,3,4,3,0
729,4,2024,0,36,0,0,4,0,1,0,0,0,0,3,3,5,5,5,3,2,3,4,1,1,4,2,1,1,0
730,4,2024,0,57,1,0,4,0,0,1,0,0,0,6,5,5,7,6,5,4,1,4,1,1,1,1,1,1,1
731,4,2024,0,42,0,0,3,0,1,0,0,0,0,4,5,5,5,5,5,5,5,3,1,2,4,1,2,2,1
732,4,2024,1,44,0,0,2,0,1,0,0,0,0,3,4,4,4,1,4,4,4,4,4,4,4,4,4,4,1
733,4,2024,0,47,0,0,0,1,0,0,0,1,0,1,1,1,1,1,1,7,4,1,1,1,4,1,1,1,1
734,4,2024,0,53,1,0,2,0,1,0,0,0,0,4,4,4,4,4,4,4,4,4,4,4,4,4,4,4,1
735,4,2024,0,56,1,0,3,0,1,0,0,0,0,2,5,4,6,1,1,7,5,4,3,1,4,3,1,1,1
736,4,2024,0,55,0,0,1,0,1,0,0,0,0,1,1,1,1,1,1,1,1,1,1,1,7,1,1,1,1
737,4,2024,1,63,1,0,1,0,0,0,0,0,1,1,1,4,5,1,1,6,1,5,5,1,6,4,1,1,1
738,4,2024,0,49,1,1,3,0,1,0,0,0,0,4,4,4,4,4,3,5,4,4,4,4,4,4,4,4,1
739,4,2024,1,52,0,0,4,0,1,0,0,0,0,1,1,3,5,5,1,1,1,3,1,1,2,1,1,1,1
740,4,2024,0,52,0,0,3,0,0,0,0,1,0,5,3,3,7,5,1,3,2,5,2,1,3,2,1,1,1
741,4,2024,0,57,1,0,3,0,0,1,0,0,0,4,2,5,5,1,1,6,4,4,3,1,4,4,1,1,1
742,4,2024,1,66,1,1,2,0,1,0,0,0,0,1,1,1,1,1,1,1,1,1,1,1,1,1,1,1,1
743,4,2024,1,59,1,1,5,0,1,0,0,0,0,1,1,1,1,1,1,1,1,1,1,1,1,1,1,1,1
744,4,2024,0,58,1,0,0,1,0,0,0,1,0,4,4,4,4,4,4,4,4,4,4,4,4,4,4,1,1
745,4,2024,0,65,1,1,3,0,1,0,0,0,0,2,2,5,5,5,4,7,4,3,5,4,4,4,5,3,1
746,4,2024,0,49,0,0,2,0,1,0,0,0,0,2,3,2,2,5,2,5,3,3,3,3,3,3,3,3,1
747,4,2024,1,53,1,1,5,0,1,0,0,0,0,5,5,3,5,5,1,2,2,5,2,2,4,2,2,2,0
748,4,2024,0,56,1,0,5,0,1,0,0,0,0,3,3,4,3,5,5,3,4,3,4,4,4,4,4,4,1
749,4,2024,0,54,1,1,0,1,1,0,0,0,0,1,1,4,4,5,1,1,3,3,1,1,1,1,1,1,1
750,4,2024,0,60,0,0,1,0,1,0,0,0,0,4,4,4,4,4,4,4,4,4,4,4,6,6,4,4,1
751,4,2024,1,69,1,1,5,0,1,0,0,0,0,7,7,7,3,7,6,7,1,6,1,1,1,5,1,1,0
752,4,2024,1,59,0,0,3,0,1,0,0,0,0,4,3,5,5,5,3,5,3,4,3,3,3,3,3,3,0
753,4,2024,0,52,1,1,5,0,0,0,0,0,1,5,5,5,7,6,3,4,2,6,2,1,1,4,1,1,0
754,4,2024,1,52,0,0,5,0,1,0,0,0,0,4,5,4,3,4,2,4,3,3,3,3,3,3,3,3,1
755,4,2024,0,63,0,0,1,0,0,0,0,0,1,5,5,5,5,5,4,5,3,4,3,3,3,3,3,3,1
756,4,2024,1,60,1,0,5,0,1,0,0,0,0,4,3,4,5,5,3,4,2,6,2,1,2,2,2,2,0
757,4,2024,1,49,1,0,5,0,1,0,0,0,0,5,6,5,5,6,1,4,1,3,1,1,1,1,1,1,1
758,4,2024,1,56,1,0,3,0,0,0,0,1,0,5,5,5,6,4,3,6,3,5,3,3,4,4,3,3,1
759,4,2024,1,58,0,0,5,0,1,0,0,0,0,5,6,5,5,5,1,5,1,5,1,1,2,1,1,1,1
760,4,2024,0,43,1,1,5,0,1,0,0,0,0,3,3,3,5,5,1,5,3,5,3,2,4,3,2,2,1
761,4,2024,0,52,1,1,2,0,1,0,0,0,0,5,1,5,4,5,1,6,4,4,4,4,4,4,4,4,1
762,4,2024,1,62,1,0,2,0,1,0,0,0,0,6,6,6,5,6,1,6,1,5,2,1,3,1,1,1,1
763,4,2024,1,53,1,1,5,0,1,0,0,0,0,4,4,4,4,4,4,4,4,4,4,4,4,4,4,4,1
764,4,2024,0,56,1,1,3,0,0,1,0,0,0,2,5,6,5,2,5,5,5,4,2,1,4,4,1,1,1
765,4,2024,0,41,1,1,2,0,0,1,0,0,0,4,5,6,4,4,4,4,4,4,3,4,4,4,3,3,0
766,4,2024,1,51,1,1,2,0,1,0,0,0,0,4,5,4,6,4,1,7,4,4,3,4,2,4,4,3,1
767,4,2024,1,68,1,1,2,0,0,0,0,1,0,1,6,5,6,5,1,2,1,4,2,1,1,1,1,1,1
768,4,2024,1,52,1,1,0,1,1,0,0,0,0,4,1,1,1,2,4,2,3,3,3,2,3,4,3,3,0
769,4,2024,0,73,1,1,2,0,1,0,0,0,0,6,7,6,6,6,4,4,1,5,2,2,4,1,2,2,1
770,4,2024,1,61,0,0,3,0,0,0,0,1,0,7,1,1,5,1,1,1,1,4,1,1,4,1,1,1,1
771,4,2024,0,72,1,1,2,0,0,1,0,0,0,4,4,4,4,4,4,4,4,4,4,4,4,4,4,4,1
772,4,2024,1,82,0,1,2,0,0,0,0,1,0,6,5,6,5,1,1,4,1,5,1,1,1,1,1,1,1
773,4,2024,1,55,1,0,5,0,1,0,0,0,0,6,7,6,7,6,5,1,2,6,1,1,2,2,1,1,0
774,4,2024,1,54,1,1,5,0,1,0,0,0,0,3,6,6,6,3,1,1,1,6,1,1,1,1,1,1,1
775,4,2024,0,59,1,1,0,1,0,1,0,0,0,1,1,1,1,5,5,7,1,7,1,1,7,1,1,1,0
776,4,2024,0,59,1,1,3,0,0,1,0,0,0,2,1,2,2,2,1,2,1,2,2,2,2,2,2,2,0
777,4,2024,1,48,1,1,5,0,1,0,0,0,0,4,5,5,4,5,3,5,4,4,4,4,3,3,3,4,0
778,4,2024,1,57,1,1,5,0,1,0,0,0,0,4,7,7,6,5,5,5,4,6,4,4,4,4,5,5,1
779,4,2024,0,47,1,1,5,0,0,1,0,0,0,1,1,5,1,1,1,1,1,1,1,1,1,1,1,1,0
780,4,2024,1,36,0,0,5,0,1,0,0,0,0,7,7,7,7,7,7,7,1,7,1,1,1,1,1,1,0
781,4,2024,0,52,1,1,4,0,0,1,0,0,0,1,5,6,1,1,1,1,1,1,1,1,1,1,1,1,0
782,4,2024,1,72,1,1,2,0,1,0,0,0,0,3,7,5,7,5,3,7,4,7,6,1,5,1,7,1,1
783,4,2024,1,38,1,1,0,1,1,0,0,0,0,2,4,4,5,5,2,3,3,4,2,1,2,1,1,2,0
784,4,2024,0,43,0,0,1,0,0,0,0,1,0,1,2,1,1,1,1,1,1,1,1,1,5,1,1,1,1
785,4,2024,0,47,0,0,3,0,1,0,0,0,0,4,6,5,5,5,1,4,5,3,5,4,4,4,4,4,1
786,4,2024,1,53,1,1,5,0,1,0,0,0,0,1,1,1,1,1,1,1,1,1,1,1,1,1,1,1,1
787,4,2024,1,59,0,0,3,0,1,0,0,0,0,6,1,1,6,5,1,1,1,4,1,1,6,1,1,1,1
788,4,2024,1,61,0,0,2,0,0,0,0,1,0,4,3,2,5,2,2,5,2,5,2,2,4,4,2,2,1
789,4,2024,1,72,1,1,2,0,0,0,0,1,0,5,6,5,5,5,1,5,1,5,1,1,2,1,1,1,0
790,4,2024,1,71,1,1,2,0,0,0,0,1,0,3,3,4,5,4,4,6,3,4,4,3,4,2,4,3,0
791,4,2024,1,48,0,0,5,0,1,0,0,0,0,1,7,7,1,7,1,2,5,4,1,1,1,1,1,1,1
792,4,2024,0,43,1,0,3,0,1,0,0,0,0,5,1,4,6,4,4,3,3,5,3,1,3,3,1,1,1
793,4,2024,0,52,1,0,5,0,0,1,0,0,0,1,1,1,1,1,1,1,1,1,1,1,1,1,1,1,1
794,4,2024,1,52,0,0,3,0,1,0,0,0,0,4,7,7,6,4,4,5,4,6,4,4,4,4,4,4,1
795,4,2024,1,50,0,0,4,0,1,0,0,0,0,1,1,4,2,1,1,1,4,1,1,1,4,4,1,1,1
796,4,2024,1,69,1,1,4,0,0,0,0,1,0,2,5,3,5,1,1,5,4,5,2,2,5,3,1,2,1
797,4,2024,1,50,0,0,3,0,1,0,0,0,0,1,1,2,1,1,1,1,1,3,1,1,1,1,1,1,1
798,4,2024,1,56,0,0,2,0,1,0,0,0,0,4,2,4,6,5,4,4,4,4,3,2,3,3,2,1,0
799,4,2024,0,42,1,0,1,0,1,0,0,0,0,4,4,4,4,5,4,4,4,4,4,4,4,4,4,4,1
800,4,2024,1,55,0,0,1,0,1,0,0,0,0,1,1,2,1,1,1,1,1,1,1,1,1,1,1,1,1
801,4,2024,1,64,1,0,4,0,0,0,0,1,0,5,4,7,6,5,1,2,2,4,2,1,4,2,1,2,1
802,4,2024,0,80,1,1,4,0,0,1,0,0,0,6,6,6,5,6,1,6,1,5,1,1,1,1,1,1,1
803,4,2024,0,71,1,1,0,1,1,0,0,0,0,5,5,5,5,5,4,5,3,5,4,4,4,4,4,4,0
804,4,2024,0,55,0,0,2,0,1,0,0,0,0,3,2,3,2,3,3,3,1,2,1,1,2,2,1,2,1
805,4,2024,1,69,0,0,2,0,1,0,0,0,0,5,2,6,5,5,1,6,3,5,2,1,6,1,1,4,1
806,4,2024,0,51,1,0,5,0,1,0,0,0,0,5,7,5,5,7,1,1,1,4,1,1,2,1,1,1,0
807,4,2024,1,65,1,0,1,0,0,0,0,0,1,4,4,4,4,4,4,4,4,4,4,4,1,4,4,4,1
808,4,2024,0,59,0,0,2,0,0,0,0,1,0,5,5,5,7,5,1,6,1,4,2,1,1,1,1,1,1
809,4,2024,0,74,1,1,3,0,0,1,0,0,0,3,5,5,6,5,3,5,2,5,2,2,2,2,2,2,0
810,4,2024,0,43,1,1,0,1,1,0,0,0,0,3,7,7,5,5,5,4,1,6,1,1,3,1,1,1,1
811,4,2024,1,71,1,1,5,0,1,0,0,0,0,2,2,4,6,7,1,7,1,5,2,1,3,2,1,1,1
812,4,2024,1,47,0,0,3,0,1,0,0,0,0,6,7,6,7,1,1,6,2,4,2,1,6,4,1,1,1
813,4,2024,0,41,1,1,4,0,0,1,0,0,0,1,1,6,5,7,1,5,2,5,1,1,4,1,1,1,0
814,4,2024,1,62,1,0,2,0,1,0,0,0,0,4,1,4,4,4,4,4,4,4,4,4,4,4,4,4,1
815,4,2024,0,47,1,1,3,0,0,1,0,0,0,7,4,6,6,4,1,2,1,7,1,1,5,1,1,1,1
816,4,2024,1,48,1,0,0,1,1,0,0,0,0,4,7,4,4,4,1,4,1,4,1,1,1,1,1,1,0
817,4,2024,1,59,0,0,2,0,1,0,0,0,0,2,5,5,6,6,4,6,4,4,2,4,3,3,2,2,1
818,4,2024,1,58,1,1,5,0,1,0,0,0,0,1,1,4,6,1,1,1,4,4,2,4,2,4,4,1,1
819,4,2024,1,67,1,1,2,0,1,0,0,0,0,3,4,3,6,6,1,5,1,6,1,1,4,1,1,1,1
820,4,2024,1,59,0,0,0,1,1,0,0,0,0,4,7,5,4,4,4,6,6,2,5,2,5,2,4,4,0
821,4,2024,1,51,0,0,2,0,1,0,0,0,0,1,1,1,1,1,1,1,1,1,1,1,1,1,1,1,1
822,4,2024,1,58,1,1,5,0,1,0,0,0,0,7,7,7,5,7,4,1,1,7,4,1,1,1,1,1,0
823,4,2024,1,74,0,0,2,0,0,0,0,1,0,2,2,2,2,2,2,4,4,5,2,1,4,2,1,1,1
824,4,2024,1,78,1,1,5,0,1,0,0,0,0,7,7,7,7,7,7,7,1,7,1,1,2,1,1,1,0
825,4,2024,1,71,1,1,0,1,0,0,0,1,0,4,5,5,4,4,3,5,4,4,4,4,4,4,4,4,0
826,4,2024,1,76,0,1,2,0,1,0,0,0,0,6,7,6,6,4,4,7,2,6,2,1,5,2,5,5,0
827,4,2024,1,57,1,0,2,0,1,0,0,0,0,1,1,1,3,1,1,1,5,1,3,2,7,4,1,1,1
828,4,2024,1,55,1,1,5,0,1,0,0,0,0,1,1,2,6,5,1,1,1,6,5,1,3,1,2,3,1
829,4,2024,1,62,1,0,0,1,1,0,0,0,0,4,4,4,5,6,4,5,4,5,4,4,4,4,4,4,0
830,4,2024,1,56,1,0,5,0,1,0,0,0,0,4,2,5,5,4,3,3,4,5,3,1,2,4,1,1,0
831,4,2024,1,59,0,0,0,1,1,0,0,0,0,2,5,4,2,2,2,4,6,1,4,2,6,6,2,6,1
832,4,2024,0,68,1,1,0,1,0,1,0,0,0,5,7,3,7,4,3,5,1,5,1,1,4,1,1,1,0
833,4,2024,1,45,1,0,5,0,1,0,0,0,0,1,1,1,1,1,1,1,2,1,1,1,2,1,1,1,1
834,4,2024,1,49,1,1,4,0,1,0,0,0,0,5,5,5,2,4,3,4,3,4,5,6,3,3,5,4,1
835,4,2024,1,78,1,0,3,0,0,0,0,1,0,5,5,5,5,5,1,5,1,5,4,1,2,1,1,1,1
836,4,2024,0,88,0,1,0,1,0,0,0,1,0,2,5,6,6,5,4,2,5,3,3,3,4,3,3,4,1
837,4,2024,0,55,1,1,4,0,1,0,0,0,0,5,5,4,5,3,5,5,5,5,3,3,1,1,3,4,0
838,4,2024,0,65,1,1,5,0,1,0,0,0,0,4,4,4,7,4,1,7,4,7,5,4,1,4,4,4,1
839,4,2024,1,48,1,1,2,0,1,0,0,0,0,1,1,1,1,1,1,1,1,1,1,1,1,1,1,1,1
840,4,2024,1,62,1,1,5,0,1,0,0,0,0,4,4,5,5,4,4,4,3,4,4,3,4,4,4,3,1
841,4,2024,1,76,1,1,2,0,0,0,0,1,0,6,5,6,6,6,4,5,1,5,1,1,4,1,1,1,0
842,4,2024,0,49,1,0,4,0,0,1,0,0,0,2,2,2,6,2,1,2,2,3,2,1,3,2,1,2,0
843,4,2024,1,48,1,0,5,0,1,0,0,0,0,5,5,5,5,5,4,4,4,4,4,4,4,4,4,4,1
844,4,2024,1,67,0,0,2,0,0,0,0,1,0,4,1,5,7,5,1,7,4,2,1,1,6,2,1,1,1
845,4,2024,0,54,0,0,0,1,1,0,0,0,0,6,6,7,6,7,1,1,1,5,1,1,4,1,1,1,0
846,4,2024,0,82,1,1,3,0,0,1,0,0,0,4,5,4,6,5,1,6,2,6,2,1,4,2,1,1,0
847,4,2024,0,48,0,0,1,0,1,0,0,0,0,4,1,4,4,1,1,6,1,4,1,1,4,1,1,1,1
848,4,2024,1,53,1,0,3,0,1,0,0,0,0,1,1,1,1,1,1,1,1,1,1,1,1,1,1,1,1
849,4,2024,0,74,1,1,3,0,0,1,0,0,0,5,5,6,6,5,1,7,3,5,2,1,1,1,1,1,0
850,4,2024,0,75,0,1,1,0,1,0,0,0,0,6,5,6,6,6,7,7,1,6,1,1,1,1,1,1,0
851,4,2024,0,49,1,0,3,0,1,0,0,0,0,4,7,5,4,1,1,1,1,4,1,1,1,1,1,1,1
852,4,2024,0,57,0,0,2,0,1,0,0,0,0,4,4,5,6,6,3,5,1,5,2,1,2,1,1,1,0
853,4,2024,0,50,1,1,0,1,1,0,0,0,0,5,6,5,5,5,5,4,4,4,3,3,5,5,3,3,0
854,4,2024,1,71,0,1,2,0,1,0,0,0,0,2,1,4,6,1,2,4,2,3,2,2,6,3,1,2,1
855,4,2024,1,59,0,1,1,0,0,0,0,1,0,4,4,4,4,4,4,4,4,4,4,4,4,4,4,4,1
856,4,2024,0,58,1,1,3,0,1,0,0,0,0,3,2,3,4,3,3,4,2,4,2,2,4,2,2,2,0
857,4,2024,1,62,1,0,3,0,0,0,0,1,0,2,2,3,3,3,2,4,6,2,4,4,6,6,4,4,1
858,4,2024,0,55,0,0,4,0,1,0,0,0,0,5,5,2,5,7,6,5,4,3,1,1,1,1,1,1,0
859,4,2024,1,81,1,1,2,0,0,0,0,0,1,7,7,7,7,7,4,7,1,7,1,1,5,1,1,1,1
860,4,2024,1,73,1,1,2,0,1,0,0,0,0,4,3,3,5,4,4,6,4,5,4,4,4,4,4,4,0
861,4,2024,0,39,1,1,4,0,0,1,0,0,0,1,1,6,6,1,1,1,1,1,1,1,1,1,1,1,0
862,4,2024,1,75,1,1,3,0,0,0,0,1,0,6,1,1,5,6,1,1,1,4,1,1,1,1,1,1,0
863,4,2024,1,64,0,0,4,0,1,0,0,0,0,7,6,7,7,6,1,4,1,6,1,1,1,1,1,1,1
864,4,2024,0,47,0,0,0,1,1,0,0,0,0,1,1,1,5,1,1,1,1,1,1,1,1,1,1,1,1
865,4,2024,0,44,1,1,5,0,1,0,0,0,0,5,5,5,7,7,7,7,1,6,1,1,1,1,1,1,0
866,4,2024,0,72,0,1,1,0,0,0,0,1,0,1,4,2,2,2,2,7,4,2,3,2,2,7,1,5,1
867,4,2024,1,59,0,0,2,0,1,0,0,0,0,1,1,1,1,1,1,1,2,1,2,2,2,2,2,2,0
868,4,2024,0,59,0,0,2,0,1,0,0,0,0,5,5,5,6,5,5,5,3,2,4,4,3,4,3,5,1
869,4,2024,1,71,1,1,2,0,1,0,0,0,0,6,6,4,6,6,6,5,1,5,1,1,2,1,1,1,0
870,4,2024,1,54,0,0,0,1,1,0,0,0,0,5,5,5,5,5,5,6,2,4,2,2,5,2,2,2,1
871,4,2024,1,59,0,0,5,0,1,0,0,0,0,2,1,3,3,1,1,5,4,4,4,4,4,4,4,4,1
872,4,2024,1,64,1,1,5,0,1,0,0,0,0,7,6,5,7,7,5,5,1,5,1,1,1,1,1,1,0
873,4,2024,1,65,1,0,4,0,1,0,0,0,0,4,4,4,4,4,4,4,3,4,4,4,3,4,4,4,1
874,4,2024,1,66,0,0,5,0,1,0,0,0,0,6,6,6,6,6,5,1,1,6,1,1,1,1,1,1,1
875,4,2024,1,39,0,0,3,0,1,0,0,0,0,4,4,5,4,4,4,4,4,3,4,4,4,4,4,4,1
876,4,2024,1,68,1,1,5,0,1,0,0,0,0,5,5,3,6,5,2,1,1,6,1,1,1,1,1,1,0
877,4,2024,1,50,0,0,1,0,0,0,0,1,0,1,1,1,1,1,1,7,5,1,5,4,7,5,5,7,1
878,4,2024,1,70,1,1,3,0,0,0,0,1,0,7,7,6,6,6,1,6,1,6,4,1,4,1,1,1,0
879,4,2024,0,53,0,0,2,0,1,0,0,0,0,6,1,2,6,1,1,1,1,4,1,1,2,1,1,1,0
880,4,2024,1,77,1,1,2,0,0,0,0,1,0,6,6,6,7,5,5,7,1,6,1,1,1,1,1,1,1
881,4,2024,1,70,1,1,5,0,1,0,0,0,0,5,5,5,5,5,4,6,2,5,2,2,2,2,2,2,1
882,4,2024,1,74,1,1,3,0,0,0,0,1,0,4,5,4,5,5,4,4,4,5,4,4,4,4,4,4,0
883,4,2024,1,42,1,1,3,0,1,0,0,0,0,2,2,2,5,2,1,2,2,2,1,2,2,2,2,2,1
884,4,2024,0,78,0,1,1,0,0,1,0,0,0,5,5,5,7,1,1,7,2,7,5,3,5,2,5,1,1
885,4,2024,0,74,1,1,2,0,0,1,0,0,0,6,6,7,6,5,1,5,1,6,2,1,1,1,1,1,0
886,4,2024,0,72,1,1,2,0,0,1,0,0,0,1,5,5,7,6,1,7,1,5,4,1,2,1,1,1,1
887,4,2024,0,51,0,0,2,0,1,0,0,0,0,5,6,6,5,6,1,6,5,4,4,3,4,6,4,4,1
888,4,2024,1,65,1,1,0,1,1,0,0,0,0,1,1,1,1,1,1,2,1,1,1,1,1,1,1,1,0
889,4,2024,0,67,0,0,2,0,0,0,0,1,0,7,6,7,5,6,3,4,1,4,1,1,1,1,1,1,0
890,4,2024,1,60,0,0,3,0,1,0,0,0,0,1,1,1,4,1,1,1,4,4,1,1,6,4,1,1,1
891,4,2024,1,84,1,1,0,1,0,1,0,0,0,6,6,6,5,5,4,4,1,5,1,1,1,1,1,1,0
892,4,2024,1,63,1,1,4,0,1,0,0,0,0,1,2,2,5,2,1,1,6,1,4,4,7,6,4,7,1
893,4,2024,0,60,1,0,3,0,0,1,0,0,0,4,3,5,5,4,1,5,5,3,5,2,3,4,4,3,1
894,4,2024,1,80,0,0,2,0,0,0,0,1,0,3,1,5,6,3,5,7,1,6,1,1,4,1,1,1,1
895,4,2024,1,63,1,0,2,0,1,0,0,0,0,4,5,4,5,4,4,5,3,4,3,3,3,3,3,3,1
896,4,2024,0,55,1,1,2,0,1,0,0,0,0,4,4,5,5,4,1,7,4,4,4,3,4,4,4,4,1
897,4,2024,1,40,0,0,5,0,1,0,0,0,0,6,5,3,3,5,1,1,2,4,1,1,2,2,1,1,0
898,4,2024,1,61,1,1,0,1,1,0,0,0,0,4,4,4,3,4,4,4,4,4,4,4,4,4,4,4,1
899,4,2024,0,49,0,0,4,0,1,0,0,0,0,4,4,3,3,4,4,2,2,2,3,3,2,3,2,3,1
900,4,2024,1,35,1,0,4,0,1,0,0,0,0,3,1,3,1,4,3,5,4,4,5,4,5,4,4,5,1
901,4,2024,1,76,0,1,1,0,0,0,0,0,1,4,4,4,4,4,4,4,4,4,4,4,4,4,4,4,1
902,4,2024,1,76,1,1,2,0,1,0,0,0,0,2,3,4,7,5,4,4,4,3,4,2,7,1,2,3,0
903,4,2024,1,64,1,0,0,1,0,0,0,0,1,4,4,5,6,5,1,5,1,4,1,1,4,1,1,1,1
904,4,2024,1,65,1,1,0,1,0,0,0,1,0,6,2,5,5,5,1,4,2,4,3,2,2,2,1,2,1
905,4,2024,1,49,1,1,4,0,1,0,0,0,0,4,4,4,5,5,6,7,1,6,2,1,5,1,1,1,1
906,4,2024,1,62,1,1,3,0,1,0,0,0,0,3,2,5,7,7,5,2,1,4,1,1,4,1,1,1,0
907,4,2024,1,66,0,0,5,0,1,0,0,0,0,5,5,5,4,4,4,4,4,4,4,4,4,4,4,4,1
908,4,2024,0,48,1,0,3,0,1,0,0,0,0,5,6,5,6,7,1,2,1,4,1,1,2,1,1,1,1
909,4,2024,0,80,1,0,2,0,0,0,0,1,0,3,7,7,7,5,4,6,1,5,4,4,2,1,1,1,0
910,4,2024,0,64,1,1,0,1,0,1,0,0,0,4,4,7,6,7,4,6,3,4,3,1,4,2,3,2,1
911,4,2024,0,54,0,0,2,0,0,0,0,1,0,5,2,7,7,7,1,7,1,1,4,4,4,1,1,1,1
912,4,2024,0,51,1,1,5,0,1,0,0,0,0,6,3,7,7,7,7,7,1,7,1,1,1,1,1,1,0
913,4,2024,1,78,1,1,5,0,0,0,0,1,0,1,4,5,7,1,1,1,1,1,1,1,1,1,1,1,1
914,4,2024,0,61,1,1,5,0,1,0,0,0,0,3,6,6,6,6,4,3,1,4,1,1,2,1,1,1,0
915,4,2024,0,60,1,0,3,0,1,0,0,0,0,6,6,5,6,7,1,5,2,5,2,1,4,1,1,1,0
916,4,2024,1,63,1,1,5,0,1,0,0,0,0,1,1,1,1,1,1,1,1,1,1,1,6,1,1,1,1
917,4,2024,0,77,1,1,0,1,0,1,0,0,0,6,6,6,7,6,5,5,7,7,7,7,7,7,7,7,0
918,4,2024,0,68,1,1,2,0,0,1,0,0,0,4,3,5,5,6,5,5,2,5,4,2,3,2,1,2,0
919,4,2024,1,67,1,1,5,0,1,0,0,0,0,5,5,5,6,5,5,5,2,6,2,2,2,2,2,2,0
920,4,2024,1,47,1,0,5,0,1,0,0,0,0,3,5,5,5,5,5,5,7,5,6,6,5,5,6,5,1
921,4,2024,1,69,1,1,4,0,0,0,0,1,0,5,5,6,7,6,1,1,1,4,1,1,2,1,1,1,1
922,4,2024,0,52,1,0,0,1,0,1,0,0,0,4,4,6,7,1,1,7,4,7,5,4,4,4,5,6,1
923,4,2024,1,45,0,0,5,0,1,0,0,0,0,5,4,5,5,5,5,5,1,5,1,1,2,1,1,1,1
924,4,2024,1,73,1,1,2,0,0,0,0,1,0,7,7,6,6,7,1,6,1,5,1,1,1,1,1,1,0
925,4,2024,0,43,1,0,5,0,1,0,0,0,0,1,1,6,4,6,1,5,1,4,1,1,2,1,1,1,1
926,4,2024,0,62,1,0,3,0,1,0,0,0,0,2,3,4,5,5,3,1,4,6,1,1,2,2,1,1,1
927,4,2024,1,81,1,1,3,0,0,0,0,1,0,4,7,7,7,6,1,1,1,6,1,1,1,1,1,1,0
928,4,2024,0,59,1,0,3,0,0,1,0,0,0,6,2,2,7,1,1,1,1,1,1,1,1,1,1,1,1
929,4,2024,1,58,0,0,0,1,1,0,0,0,0,3,6,5,2,3,3,3,4,3,4,4,4,4,4,4,1
930,4,2024,1,66,1,1,2,0,1,0,0,0,0,1,7,5,7,5,1,1,1,1,1,1,1,1,1,1,1
931,4,2024,0,75,0,1,1,0,0,0,0,1,0,3,5,6,6,5,5,7,3,4,4,2,3,3,3,3,0
932,4,2024,1,44,1,0,0,1,1,0,0,0,0,4,1,1,4,4,1,1,1,3,1,1,3,1,1,1,1
933,4,2024,0,62,1,1,3,0,1,0,0,0,0,4,4,6,5,5,5,5,2,5,2,2,3,2,2,2,0
934,4,2024,0,50,1,1,2,0,1,0,0,0,0,1,6,5,3,4,5,5,4,3,1,1,1,5,1,1,1
935,4,2024,1,63,1,1,3,0,1,0,0,0,0,4,6,6,7,6,1,3,1,6,1,1,1,1,1,1,1
936,4,2024,1,77,1,1,2,0,0,0,0,1,0,5,7,4,6,4,4,4,4,4,4,4,4,4,4,4,0
937,4,2024,1,57,1,1,5,0,1,0,0,0,0,4,6,4,6,4,3,1,6,2,1,1,2,2,1,1,1
938,4,2024,1,64,1,1,0,1,1,0,0,0,0,6,5,4,4,4,4,4,4,4,4,4,4,4,4,4,0
939,4,2024,0,48,1,1,2,0,0,1,0,0,0,1,1,4,5,1,1,1,1,4,1,1,1,1,1,1,1
940,4,2024,1,60,0,0,2,0,0,0,0,0,1,6,6,5,2,5,2,5,2,4,2,2,3,2,3,3,1
941,4,2024,1,63,1,1,5,0,1,0,0,0,0,6,4,5,4,5,3,2,4,5,3,2,4,4,2,2,1
942,4,2024,1,45,0,0,0,1,1,0,0,0,0,1,6,6,4,1,5,5,4,4,2,2,3,4,2,2,1
943,4,2024,1,76,1,1,2,0,1,0,0,0,0,3,6,6,7,5,3,7,3,7,5,3,7,2,2,2,1
944,4,2024,1,70,1,1,3,0,1,0,0,0,0,1,1,1,5,6,1,5,5,5,4,2,6,4,1,1,1
945,4,2024,1,60,1,0,4,0,0,0,0,1,0,3,3,3,2,3,3,3,3,2,3,3,6,3,3,3,1
946,4,2024,0,54,1,0,5,0,1,0,0,0,0,1,1,1,6,1,1,7,1,3,1,1,4,1,1,1,1
947,4,2024,1,46,0,0,0,1,1,0,0,0,0,4,3,4,4,4,4,4,4,5,4,4,3,4,4,3,1
948,4,2024,1,65,1,1,4,0,1,0,0,0,0,4,5,4,6,5,5,5,2,6,2,2,3,2,2,2,0
949,4,2024,1,70,0,0,1,0,0,0,0,1,0,5,4,3,4,4,3,3,3,4,3,3,4,3,3,3,1
950,4,2024,1,64,1,1,4,0,1,0,0,0,0,3,1,5,6,2,2,6,1,5,2,1,4,2,1,2,1
951,4,2024,1,77,1,1,2,0,0,0,0,1,0,4,1,6,5,1,1,1,1,4,1,1,5,1,1,1,1
952,4,2024,1,71,1,1,2,0,1,0,0,0,0,5,6,2,3,4,1,1,2,4,1,1,5,2,1,1,1
953,4,2024,1,66,1,0,5,0,1,0,0,0,0,5,5,6,6,5,5,5,2,6,2,2,1,1,2,2,1
954,4,2024,1,42,1,0,5,0,1,0,0,0,0,1,1,1,1,1,1,1,1,1,1,1,1,1,1,1,1
955,4,2024,1,73,1,0,1,0,0,0,0,1,0,4,4,4,4,4,4,7,4,4,4,4,7,4,4,4,0
956,4,2024,1,78,1,1,2,0,0,0,0,1,0,4,6,6,3,4,1,6,1,5,1,1,1,1,1,1,0
957,4,2024,1,57,0,0,3,0,1,0,0,0,0,4,5,4,6,2,2,4,4,3,3,3,4,4,3,3,1
958,4,2024,1,71,1,1,0,1,1,0,0,0,0,2,7,6,7,3,1,1,4,3,1,1,6,4,1,1,1
959,4,2024,0,82,0,1,2,0,0,1,0,0,0,1,1,1,1,1,1,1,1,1,1,4,7,1,1,1,1
960,4,2024,1,56,1,1,5,0,1,0,0,0,0,4,4,4,4,4,3,4,4,4,4,4,3,4,4,3,0
961,4,2024,1,67,1,0,2,0,0,0,0,0,1,5,6,6,7,4,4,6,1,6,2,1,2,1,3,2,1
962,4,2024,0,70,1,1,2,0,0,1,0,0,0,2,1,7,6,6,2,6,1,4,4,1,4,1,1,1,0
963,4,2024,1,76,0,1,2,0,0,0,0,1,0,4,2,5,6,2,2,5,3,5,3,2,5,4,3,1,0
964,4,2024,1,59,1,1,4,0,1,0,0,0,0,4,4,4,4,4,4,3,4,4,4,4,3,4,4,4,0
965,4,2024,1,64,1,1,2,0,1,0,0,0,0,5,5,5,5,5,5,5,2,5,2,2,2,2,2,2,1
966,4,2024,1,49,1,1,3,0,1,0,0,0,0,4,4,4,4,4,4,4,4,4,4,4,4,4,4,4,1
967,4,2024,1,64,1,1,5,0,1,0,0,0,0,1,3,4,5,3,1,5,4,4,1,1,2,1,1,2,1
968,4,2024,1,52,1,1,5,0,1,0,0,0,0,2,2,5,6,5,1,6,2,6,2,2,5,2,2,2,0
969,4,2024,1,50,1,1,3,0,1,0,0,0,0,5,7,6,5,5,5,5,5,5,1,1,2,1,1,1,1
970,4,2024,1,76,1,1,3,0,0,0,0,1,0,5,6,5,3,7,7,7,1,4,1,1,5,1,1,1,0
971,4,2024,0,65,1,1,3,0,0,1,0,0,0,4,5,5,6,5,5,5,1,5,1,1,1,1,1,1,0
972,4,2024,0,62,1,1,5,0,1,0,0,0,0,4,5,5,4,5,4,4,4,4,4,4,4,4,4,4,0
973,4,2024,0,38,0,0,5,0,1,0,0,0,0,1,1,4,5,1,2,1,3,4,3,3,4,2,3,1,1
974,4,2024,0,60,1,1,5,0,1,0,0,0,0,1,1,1,6,1,1,6,1,6,4,1,4,1,4,1,0
975,4,2024,1,75,1,1,3,0,1,0,0,0,0,6,6,7,7,7,4,7,1,7,1,1,1,1,1,1,0
976,4,2024,1,76,1,1,3,0,0,0,0,1,0,7,5,6,5,7,5,7,2,5,5,1,5,1,1,1,0
977,4,2024,1,66,1,1,0,1,1,0,0,0,0,2,2,5,3,2,1,2,4,6,4,4,6,4,4,4,1
978,4,2024,1,68,1,1,2,0,1,0,0,0,0,5,5,5,4,5,3,4,4,4,4,5,4,4,4,4,1
979,4,2024,1,69,1,1,5,0,1,0,0,0,0,3,4,4,4,3,3,5,4,5,4,4,3,3,4,4,1
980,4,2024,0,48,1,1,5,0,1,0,0,0,0,1,2,6,5,6,3,5,4,3,3,3,5,4,3,3,1
981,4,2024,0,58,1,1,0,1,0,1,0,0,0,4,3,5,6,5,1,7,5,3,5,3,7,1,1,1,0
982,4,2024,1,57,1,1,5,0,1,0,0,0,0,6,6,6,6,6,5,7,4,6,4,4,4,4,4,4,0
983,4,2024,1,58,1,1,4,0,1,0,0,0,0,6,6,6,2,6,6,6,2,2,2,2,5,2,2,2,0
984,4,2024,1,50,1,1,5,0,1,0,0,0,0,4,4,4,6,4,4,5,4,4,4,4,4,4,4,4,1
985,4,2024,0,61,1,0,5,0,0,1,0,0,0,6,6,5,7,5,2,6,4,6,5,2,1,1,2,1,1
986,4,2024,1,54,0,0,3,0,1,0,0,0,0,4,4,4,4,4,4,4,4,4,4,4,4,4,4,4,1
987,4,2024,1,60,1,1,5,0,1,0,0,0,0,5,5,5,5,4,4,4,4,4,4,4,5,4,4,4,1
988,4,2024,1,70,1,0,1,0,1,0,0,0,0,5,5,7,5,4,6,4,5,5,4,4,4,3,5,4,1
989,4,2024,0,60,1,1,3,0,1,0,0,0,0,1,1,5,7,1,1,1,2,2,1,1,1,1,1,1,1
990,4,2024,1,60,1,1,4,0,1,0,0,0,0,5,5,4,5,5,5,5,3,4,4,2,5,3,2,2,1
991,4,2024,1,61,0,0,5,0,1,0,0,0,0,5,1,1,2,1,1,5,1,6,3,1,1,1,1,1,1
992,4,2024,1,56,1,1,5,0,1,0,0,0,0,4,5,5,5,4,5,5,4,5,3,3,4,4,3,4,0
993,4,2024,0,38,0,0,5,0,1,0,0,0,0,1,1,1,1,1,1,1,1,3,1,1,1,1,1,1,0
994,4,2024,1,74,1,1,2,0,1,0,0,0,0,6,6,6,5,6,6,6,2,6,2,1,5,3,5,5,1
995,4,2024,1,57,0,1,5,0,1,0,0,0,0,1,1,1,1,1,1,1,3,1,1,1,5,1,1,1,1
996,4,2024,1,43,0,0,2,0,1,0,0,0,0,4,4,3,4,4,4,4,4,4,4,4,3,4,4,4,1
997,4,2024,1,64,1,0,5,0,1,0,0,0,0,4,3,4,6,3,3,5,3,5,4,3,4,3,3,3,1
998,4,2024,1,62,1,1,1,0,0,0,0,1,0,5,5,5,4,5,2,5,4,4,4,4,4,4,4,4,0
999,4,2024,0,63,1,0,3,0,0,1,0,0,0,4,4,3,4,4,4,4,3,4,5,4,3,3,3,4,1
1000,4,2024,1,61,1,1,0,1,1,0,0,0,0,4,4,4,4,4,4,3,4,4,4,4,4,4,4,4,0
1001,4,2024,1,67,1,1,5,0,0,0,0,1,0,4,4,4,3,4,4,4,4,3,4,4,4,4,4,4,0
1002,4,2024,1,41,0,0,1,0,0,0,0,1,0,4,2,4,5,2,1,4,3,4,4,1,4,2,1,2,1
1003,4,2024,1,56,1,1,1,0,1,0,0,0,0,1,7,1,7,6,1,1,4,1,1,1,2,1,1,1,1
1004,4,2024,1,71,1,1,4,0,1,0,0,0,0,4,6,4,4,4,3,5,2,5,2,2,3,2,2,3,1
1005,4,2024,1,65,1,1,2,0,1,0,0,0,0,6,7,4,5,5,1,1,1,4,1,1,4,1,1,1,1
1006,4,2024,1,57,0,0,2,0,1,0,0,0,0,5,2,2,3,4,3,4,4,3,5,3,4,4,3,4,1
1007,4,2024,1,59,0,1,1,0,0,0,0,1,0,1,1,1,1,1,1,1,1,1,1,1,1,1,1,1,1
1008,4,2024,1,65,0,1,1,0,1,0,0,0,0,2,2,2,1,5,5,4,5,5,1,1,4,5,1,1,1
1009,4,2024,1,61,0,0,5,0,1,0,0,0,0,5,1,1,4,1,1,1,1,5,1,1,1,1,1,1,0
1010,4,2024,1,61,1,1,5,0,1,0,0,0,0,2,4,4,6,2,2,6,2,5,2,2,2,2,2,2,1
1011,4,2024,1,58,1,1,4,0,1,0,0,0,0,3,4,6,4,4,4,4,4,4,4,4,4,4,4,4,1
1012,4,2024,1,62,0,1,2,0,1,0,0,0,0,5,4,4,7,3,1,4,4,4,3,3,5,4,1,4,1
1013,4,2024,1,49,0,0,2,0,0,0,0,1,0,4,1,4,4,1,1,4,4,1,1,1,7,4,1,4,1
1014,4,2024,1,70,1,1,3,0,1,0,0,0,0,4,4,6,4,4,4,7,4,4,4,4,4,4,4,4,1
1015,4,2024,1,84,1,1,5,0,0,0,0,1,0,6,2,5,7,3,1,4,1,6,4,1,2,2,1,1,1
1016,4,2024,1,77,1,1,3,0,0,0,0,1,0,6,7,6,4,7,6,4,2,4,4,2,5,4,2,2,0
1017,4,2024,0,46,1,1,4,0,1,0,0,0,0,7,2,7,6,7,7,1,1,7,1,1,1,1,1,1,0
1018,4,2024,0,35,0,0,3,0,1,0,0,0,0,4,6,5,3,5,3,5,6,1,5,5,4,6,5,4,0
1019,4,2024,1,70,1,1,2,0,0,0,0,1,0,5,6,6,7,5,4,6,1,5,1,1,1,1,1,1,0
1020,4,2024,0,68,1,1,0,1,0,1,0,0,0,7,7,7,3,6,1,7,2,6,3,2,2,1,1,2,0
1021,4,2024,1,77,1,1,4,0,0,0,0,1,0,5,6,6,5,6,6,5,1,5,1,1,2,2,1,1,0
1022,4,2024,0,60,1,0,5,0,0,1,0,0,0,5,4,6,7,5,5,6,3,7,3,3,3,3,3,3,0
1023,4,2024,1,60,1,1,4,0,1,0,0,0,0,4,3,4,3,4,4,3,4,4,4,4,5,4,4,4,0
1024,4,2024,0,41,0,1,3,0,1,0,0,0,0,3,1,1,5,5,1,1,1,3,1,1,1,1,1,1,1
1025,4,2024,0,49,0,0,2,0,1,0,0,0,0,1,1,1,1,1,1,1,2,1,4,1,7,2,1,1,1
1026,4,2024,1,56,1,1,5,0,1,0,0,0,0,6,6,6,6,6,6,2,3,5,2,1,3,3,1,2,1
1027,4,2024,1,75,1,1,2,0,0,0,0,1,0,4,4,4,4,4,4,4,4,4,4,4,5,4,4,4,1
1028,4,2024,1,58,1,0,5,0,1,0,0,0,0,1,1,1,1,1,1,1,1,1,1,1,1,1,1,1,1
1029,4,2024,1,47,0,0,5,0,1,0,0,0,0,4,5,4,4,4,4,4,4,5,3,3,3,4,3,3,1
1030,4,2024,0,54,1,1,5,0,1,0,0,0,0,5,1,3,6,3,4,1,2,4,2,1,2,3,1,1,1
1031,4,2024,1,68,1,1,3,0,0,0,0,0,1,4,7,5,7,7,7,6,5,6,4,1,5,1,2,6,0
1032,4,2024,0,37,0,0,3,0,1,0,0,0,0,1,1,1,1,1,1,1,1,1,1,1,1,1,1,1,1
1033,4,2024,0,44,1,0,0,1,1,0,0,0,0,5,5,5,3,5,5,5,2,4,4,4,4,4,4,4,1
1034,4,2024,1,76,1,0,3,0,1,0,0,0,0,4,1,4,6,5,1,7,2,7,6,3,5,1,3,4,0
1035,4,2024,1,72,1,1,1,0,1,0,0,0,0,4,1,5,4,1,1,5,1,4,1,1,1,1,1,1,1
1036,4,2024,0,73,1,1,3,0,0,1,0,0,0,6,6,6,7,6,1,1,1,5,1,1,1,1,1,1,0
1037,4,2024,1,77,1,1,0,1,0,0,0,1,0,6,7,4,6,6,4,5,4,4,4,2,4,4,1,3,0
1038,4,2024,1,68,0,1,1,0,0,0,0,1,0,1,1,1,4,1,1,1,1,1,1,1,1,1,1,1,1
1039,4,2024,0,62,1,0,4,0,0,0,0,0,1,5,5,5,3,6,2,5,2,5,3,1,2,2,1,1,1
1040,4,2024,0,56,1,1,1,0,0,1,0,0,0,6,6,6,5,6,1,6,1,5,5,1,1,1,1,5,1
1041,4,2024,1,83,1,1,0,1,0,0,0,1,0,6,7,7,7,4,4,7,4,7,4,4,7,4,4,4,1
1042,4,2024,0,69,0,1,1,0,0,0,0,1,0,3,1,6,5,6,1,4,2,4,1,1,1,1,1,1,0
1043,4,2024,0,56,1,0,3,0,1,0,0,0,0,3,3,4,6,5,3,3,1,7,1,1,1,1,1,1,0
1044,4,2024,1,69,1,1,3,0,1,0,0,0,0,4,4,4,4,4,4,4,4,4,4,4,4,4,4,4,1
1045,4,2024,1,73,1,1,3,0,0,0,0,1,0,6,7,6,7,6,2,7,1,6,1,1,1,1,1,1,0
1046,4,2024,0,62,0,1,0,1,1,0,0,0,0,1,1,1,3,1,1,4,6,1,6,1,7,4,1,1,1
1047,4,2024,0,57,1,0,5,0,1,0,0,0,0,4,5,7,2,5,5,5,1,4,1,1,3,4,1,1,0
1048,4,2024,1,70,1,1,3,0,1,0,0,0,0,5,7,5,2,5,5,4,1,6,1,1,2,1,1,1,0
1049,4,2024,0,43,0,0,0,1,1,0,0,0,0,6,2,6,3,5,1,5,3,3,3,2,3,5,2,2,1
1050,4,2024,1,58,1,0,4,0,1,0,0,0,0,1,7,6,5,7,1,6,1,4,1,1,7,1,1,1,1
1051,4,2024,1,65,0,1,2,0,1,0,0,0,0,5,5,5,6,5,4,3,3,6,4,2,5,2,3,4,1
1052,4,2024,0,37,0,0,4,0,1,0,0,0,0,4,3,4,3,3,5,5,4,4,4,4,4,3,4,3,1
1053,4,2024,0,69,1,1,5,0,0,1,0,0,0,6,7,6,6,6,4,6,3,5,2,1,4,3,1,1,0
1054,4,2024,0,52,0,0,2,0,1,0,0,0,0,5,2,4,6,5,5,5,1,4,1,1,1,1,1,1,1
1055,4,2024,0,62,1,1,4,0,1,0,0,0,0,3,3,6,6,4,4,5,3,5,4,3,3,4,3,3,1
1056,4,2024,1,72,0,1,1,0,0,0,0,1,0,1,2,1,6,1,1,1,1,4,1,1,1,1,1,1,1
1057,4,2024,1,74,0,0,3,0,0,0,0,1,0,3,1,4,2,1,1,1,1,4,1,1,1,1,1,1,1
1058,4,2024,0,75,0,0,0,1,1,0,0,0,0,7,4,7,5,6,2,2,1,4,1,1,4,1,1,1,0
1059,4,2024,1,74,1,1,2,0,0,0,0,0,1,2,3,3,6,2,2,4,2,5,2,2,2,2,2,2,0
1060,4,2024,1,57,0,0,3,0,1,0,0,0,0,3,3,4,5,5,1,6,2,4,2,2,4,2,2,2,0
1061,4,2024,0,58,0,1,3,0,1,0,0,0,0,7,6,6,6,6,5,5,5,6,5,1,4,4,1,5,0
1062,4,2024,1,76,1,1,3,0,0,0,0,1,0,5,6,5,6,2,1,6,1,6,1,1,2,3,1,1,0
1063,4,2024,0,50,1,0,5,0,0,1,0,0,0,4,3,4,4,4,4,4,4,4,4,4,4,4,4,4,1
1064,4,2024,0,38,0,0,1,0,1,0,0,0,0,4,4,4,4,4,4,4,4,4,4,4,4,4,4,4,1
1065,4,2024,1,44,0,0,2,0,0,0,0,1,0,2,4,2,7,2,1,1,4,4,1,1,5,1,1,1,1
1066,4,2024,0,37,1,0,0,1,1,0,0,0,0,4,5,5,5,4,4,4,4,4,5,4,5,5,5,5,1
1067,4,2024,1,56,1,0,4,0,1,0,0,0,0,3,4,4,5,1,1,7,3,5,4,1,4,4,1,3,0
1068,4,2024,1,54,0,0,2,0,0,0,0,1,0,4,6,2,3,4,1,7,6,1,7,2,6,5,4,1,1
1069,4,2024,0,65,1,1,3,0,0,1,0,0,0,5,6,6,6,5,5,6,2,6,4,1,4,1,1,1,0
1070,4,2024,1,58,1,1,5,0,1,0,0,0,0,2,5,3,2,6,6,7,2,3,1,1,2,1,2,3,1
1071,4,2024,1,70,1,1,3,0,0,0,0,1,0,6,6,6,5,6,6,6,5,5,5,5,5,5,5,5,0
1072,4,2024,0,58,0,0,3,0,1,0,0,0,0,1,1,1,7,1,1,1,1,1,1,1,5,1,1,1,0
1073,4,2024,0,55,1,1,3,0,1,0,0,0,0,1,7,7,7,1,1,7,7,4,7,7,7,7,1,1,1
1074,4,2024,0,42,0,0,3,0,1,0,0,0,0,1,1,1,5,1,1,1,1,1,1,1,1,1,1,1,1
1075,4,2024,0,43,1,1,0,1,0,1,0,0,0,1,1,2,2,1,1,1,2,1,1,1,1,1,2,1,0
1076,4,2024,1,37,0,0,2,0,1,0,0,0,0,2,3,5,4,3,1,4,5,2,1,1,4,4,1,4,1
1077,4,2024,1,59,0,0,1,0,0,0,0,1,0,4,3,3,3,3,1,5,4,1,4,2,5,3,4,4,1
1078,4,2024,1,38,1,1,5,0,1,0,0,0,0,2,1,2,2,2,2,2,2,2,2,2,3,2,2,2,0
1079,4,2024,0,56,0,0,1,0,1,0,0,0,0,4,4,4,4,4,4,4,4,4,4,4,4,4,4,4,1
1080,4,2024,1,38,0,0,5,0,1,0,0,0,0,4,5,6,5,6,1,5,3,4,4,4,4,4,4,4,0
1081,4,2024,1,52,1,0,2,0,1,0,0,0,0,4,4,4,4,4,4,4,4,4,4,4,4,4,4,4,1
1082,4,2024,0,38,1,1,3,0,1,0,0,0,0,4,1,5,6,5,1,7,1,6,1,1,1,1,1,1,0
1083,4,2024,0,57,1,1,4,0,1,0,0,0,0,5,1,6,3,7,5,5,1,4,2,1,4,1,1,1,0
1084,4,2024,0,31,0,0,3,0,1,0,0,0,0,7,3,5,3,5,2,5,4,4,3,1,4,3,1,1,1
1085,4,2024,0,75,0,1,5,0,0,1,0,0,0,5,5,5,5,6,1,5,2,5,1,1,4,2,1,1,0
1086,4,2024,1,56,0,0,1,0,1,0,0,0,0,2,1,2,4,3,1,6,4,1,4,2,4,5,4,4,1
1087,4,2024,0,64,0,0,2,0,1,0,0,0,0,1,1,1,1,1,2,1,1,1,1,1,1,1,1,1,1
1088,4,2024,0,66,1,1,3,0,0,1,0,0,0,4,2,5,6,7,7,5,4,5,2,1,2,1,1,1,0
1089,4,2024,0,53,0,0,5,0,1,0,0,0,0,7,7,5,5,1,1,5,2,5,2,1,3,3,2,1,1
1090,4,2024,1,57,1,1,3,0,1,0,0,0,0,2,1,2,2,2,1,5,5,2,2,1,5,5,1,2,0
1091,4,2024,1,63,0,1,4,0,1,0,0,0,0,3,3,4,5,3,3,1,5,4,1,1,3,5,3,3,1
1092,4,2024,0,39,0,0,2,0,1,0,0,0,0,1,5,5,4,5,5,4,5,1,4,4,4,3,4,4,1
1093,4,2024,1,51,0,0,3,0,1,0,0,0,0,1,1,7,1,1,1,1,1,1,1,1,1,1,1,1,1
1094,4,2024,1,44,1,1,3,0,1,0,0,0,0,6,7,5,5,6,5,5,4,4,5,5,4,4,4,4,0
1095,4,2024,0,48,0,0,4,0,1,0,0,0,0,1,1,7,7,1,1,1,1,1,1,1,1,1,1,1,1
1096,4,2024,1,75,1,1,2,0,0,0,0,1,0,2,2,6,7,2,1,6,1,2,2,1,1,1,1,1,1
1097,4,2024,1,34,0,0,4,0,1,0,0,0,0,3,3,4,5,3,2,4,4,3,4,4,4,4,4,4,1
1098,4,2024,0,42,1,1,2,0,0,1,0,0,0,4,5,4,3,4,5,4,3,4,3,4,4,4,4,4,0
1099,4,2024,1,60,1,1,3,0,1,0,0,0,0,1,1,1,4,1,1,1,2,6,5,2,6,2,1,2,1
1100,4,2024,0,49,0,0,0,1,1,0,0,0,0,1,4,3,6,3,1,6,5,2,2,1,4,2,1,1,1
1101,4,2024,1,64,1,1,5,0,0,0,0,0,1,3,1,4,3,4,2,5,2,4,2,1,4,2,1,1,1
1102,4,2024,0,66,1,0,2,0,0,1,0,0,0,5,1,3,5,5,2,5,4,4,4,1,3,2,1,3,0
1103,4,2024,0,49,0,0,0,1,0,0,0,1,0,1,1,5,5,1,1,5,2,1,1,1,4,1,1,1,1
1104,4,2024,1,44,0,0,4,0,1,0,0,0,0,3,5,4,5,3,1,3,3,4,3,3,2,1,3,2,1
1105,4,2024,1,61,1,1,2,0,1,0,0,0,0,4,4,4,4,4,4,4,4,4,4,4,4,4,4,4,0
1106,4,2024,0,67,0,0,0,1,0,0,0,0,1,5,6,5,6,5,6,6,2,5,2,2,4,2,2,2,1
1107,4,2024,1,62,1,1,3,0,1,0,0,0,0,4,4,4,4,4,4,4,4,4,4,4,4,4,4,4,1
1108,4,2024,0,60,1,1,5,0,1,0,0,0,0,4,5,4,5,5,4,5,4,4,4,4,2,4,4,4,1
1109,4,2024,0,43,1,0,5,0,1,0,0,0,0,7,7,7,4,7,1,7,3,1,1,1,3,1,1,1,1
1110,4,2024,1,61,0,0,2,0,1,0,0,0,0,3,5,4,7,5,4,6,1,4,1,1,4,1,1,1,0
1111,4,2024,1,48,0,0,3,0,1,0,0,0,0,6,7,6,2,7,1,7,3,7,6,3,3,2,1,2,1
1112,4,2024,1,65,1,0,3,0,1,0,0,0,0,4,6,5,7,3,2,5,3,6,2,1,5,4,2,3,0
1113,4,2024,0,60,1,1,5,0,1,0,0,0,0,1,1,1,4,4,4,7,1,4,5,1,3,2,1,1,0
1114,4,2024,0,43,0,0,5,0,1,0,0,0,0,5,5,5,7,1,1,2,1,5,1,1,5,1,1,1,1
1115,4,2024,1,52,1,1,5,0,1,0,0,0,0,2,1,2,2,2,2,2,2,1,2,2,2,2,2,2,1
1116,4,2024,1,63,1,1,3,0,1,0,0,0,0,4,7,6,6,5,1,5,4,5,4,4,4,4,4,4,1
1117,4,2024,0,36,1,1,0,1,1,0,0,0,0,4,4,6,6,7,4,1,3,6,2,2,1,4,2,2,1
1118,4,2024,1,78,1,1,2,0,0,0,0,1,0,1,1,1,1,1,1,1,1,4,1,1,1,1,1,1,1
1119,4,2024,0,72,0,1,2,0,0,0,0,1,0,5,7,7,7,5,5,2,1,6,5,1,1,1,1,1,1
1120,4,2024,1,57,0,1,2,0,0,0,0,0,1,7,7,7,7,5,1,1,6,5,1,1,2,7,1,1,1
1121,4,2024,1,59,1,1,5,0,1,0,0,0,0,1,1,1,6,7,1,1,1,4,1,1,3,2,1,1,1
1122,4,2024,1,64,1,1,3,0,1,0,0,0,0,6,7,7,7,7,7,7,1,7,1,1,1,1,1,1,0
1123,4,2024,1,39,0,0,5,0,1,0,0,0,0,5,5,6,5,7,1,2,2,4,1,1,4,1,1,1,0
1124,4,2024,1,47,1,1,4,0,1,0,0,0,0,4,1,4,5,7,1,4,1,4,1,1,1,1,1,1,1
1125,4,2024,1,54,1,0,5,0,1,0,0,0,0,6,5,4,5,4,1,4,4,4,4,4,4,4,4,4,1
1126,4,2024,0,50,1,0,4,0,1,0,0,0,0,2,1,2,1,2,2,1,3,4,2,2,4,3,1,2,1
1127,4,2024,0,83,1,1,0,1,0,1,0,0,0,4,7,7,7,6,1,6,1,4,1,1,1,1,1,1,1
1128,4,2024,1,61,1,1,3,0,0,0,0,0,1,2,5,4,5,5,1,4,4,4,3,1,4,4,1,1,1
1129,4,2024,0,54,0,0,1,0,1,0,0,0,0,1,1,5,1,1,1,1,1,1,1,1,1,1,1,1,1
1130,4,2024,0,42,0,0,0,1,1,0,0,0,0,4,4,3,4,5,4,5,3,3,4,4,5,4,4,3,0
1131,4,2024,1,79,1,1,3,0,0,0,0,1,0,2,2,2,2,2,2,2,2,2,2,2,2,2,2,2,1
1132,4,2024,1,56,1,0,2,0,1,0,0,0,0,1,1,1,6,7,1,7,5,6,1,1,4,4,1,1,1
1133,4,2024,1,42,1,0,5,0,1,0,0,0,0,5,5,6,4,5,5,1,4,4,5,5,3,4,5,1,0
1134,4,2024,0,54,0,1,0,1,1,0,0,0,0,5,5,5,4,5,5,4,4,4,4,4,4,4,4,4,1
1135,4,2024,1,72,1,1,5,0,1,0,0,0,0,5,6,6,5,5,5,3,3,5,3,3,3,3,3,3,1
1136,4,2024,0,89,0,1,1,0,0,0,0,1,0,7,7,7,6,5,3,5,3,6,2,2,6,5,2,2,0
1137,4,2024,1,74,1,1,0,1,0,0,0,1,0,6,6,6,7,6,5,4,1,5,2,1,6,1,1,1,0
1138,4,2024,1,76,1,1,4,0,0,0,0,1,0,5,6,6,6,6,1,7,1,6,1,1,4,1,1,1,1
1139,4,2024,1,61,1,1,0,1,1,0,0,0,0,4,4,4,4,4,4,4,4,4,4,2,4,2,4,4,1
1140,4,2024,1,68,0,0,5,0,0,0,0,1,0,7,6,4,3,5,3,1,1,5,1,1,1,1,1,1,1
1141,4,2024,1,84,1,0,2,0,0,0,0,1,0,7,2,6,6,3,1,6,2,5,2,1,4,1,1,1,1
1142,4,2024,1,63,1,1,5,0,0,0,1,0,0,7,7,7,7,7,6,5,1,6,1,1,1,1,1,1,0
1143,4,2024,1,50,1,0,5,0,1,0,0,0,0,5,1,5,6,7,6,2,1,7,1,1,1,1,1,1,1
1144,4,2024,0,56,1,0,0,1,0,1,0,0,0,2,2,7,5,7,6,5,1,4,1,1,1,1,1,1,0
1145,4,2024,1,82,1,1,3,0,0,0,0,1,0,5,1,5,6,5,1,5,1,6,1,1,2,1,1,1,1
1146,4,2024,1,52,1,1,5,0,1,0,0,0,0,5,4,4,6,4,1,6,4,3,2,2,4,4,2,2,1
1147,4,2024,1,54,1,1,4,0,1,0,0,0,0,5,2,5,5,5,3,4,2,5,2,2,3,2,2,2,1
1148,4,2024,1,60,0,0,2,0,1,0,0,0,0,1,1,1,5,1,1,1,1,4,4,1,7,1,1,1,1
1149,4,2024,0,61,1,0,3,0,0,1,0,0,0,3,4,4,4,4,1,5,5,3,5,2,5,4,2,4,1
1150,4,2024,1,73,1,1,2,0,0,0,0,1,0,4,4,4,6,2,2,6,2,4,2,1,4,4,3,2,1
1151,4,2024,1,52,1,1,4,0,1,0,0,0,0,1,1,1,1,1,1,1,1,1,1,1,1,1,1,1,1
1152,4,2024,0,48,0,0,3,0,1,0,0,0,0,6,4,5,3,6,1,1,2,4,5,4,4,2,4,4,0
1153,4,2024,0,72,1,1,0,1,0,1,0,0,0,3,5,5,6,7,1,4,2,5,2,1,2,1,1,1,0
1154,4,2024,0,56,1,0,4,0,1,0,0,0,0,5,5,5,5,5,3,5,4,5,4,4,4,4,4,4,0
1155,4,2024,1,44,1,0,0,1,1,0,0,0,0,4,4,4,4,4,4,4,4,4,4,4,4,4,4,1,1
1156,4,2024,1,41,0,0,2,0,1,0,0,0,0,1,1,1,1,1,1,7,1,1,1,1,1,1,1,1,1
1157,4,2024,0,75,1,1,3,0,0,1,0,0,0,6,7,7,7,3,6,7,4,5,4,1,1,1,2,1,0
1158,4,2024,1,49,1,0,4,0,1,0,0,0,0,5,2,4,3,5,1,5,4,2,2,2,4,2,1,4,1
1159,4,2024,1,48,0,0,3,0,1,0,0,0,0,6,4,4,6,4,4,4,4,4,4,4,4,4,4,4,1
1160,4,2024,0,35,0,0,3,0,1,0,0,0,0,5,5,5,5,5,5,6,4,4,4,3,4,4,4,4,0
1161,4,2024,0,59,0,0,3,0,1,0,0,0,0,4,1,4,5,6,6,5,1,4,1,1,1,2,1,1,1
1162,4,2024,1,36,0,0,2,0,1,0,0,0,0,1,1,1,6,1,1,1,1,1,1,1,1,1,1,1,1
1163,4,2024,1,51,0,0,4,0,1,0,0,0,0,7,5,5,7,5,5,7,1,6,5,1,5,1,1,1,1
1164,4,2024,1,56,0,1,4,0,1,0,0,0,0,7,6,4,3,6,1,5,3,4,4,3,6,2,3,4,0
1165,4,2024,1,60,1,1,5,0,1,0,0,0,0,1,6,6,5,6,5,5,4,4,3,1,4,4,1,1,0
1166,4,2024,1,54,0,0,3,0,1,0,0,0,0,5,1,1,5,1,1,5,3,4,1,1,3,3,1,1,1
1167,4,2024,1,51,1,1,5,0,0,0,0,0,1,5,1,5,3,5,5,4,1,4,4,2,1,1,1,1,1
1168,4,2024,1,62,1,1,3,0,1,0,0,0,0,5,5,5,6,2,1,6,4,5,3,2,2,4,2,4,1
1169,4,2024,1,88,0,1,2,0,0,0,0,1,0,5,5,4,7,6,1,4,2,6,1,1,4,4,1,1,0
1170,4,2024,1,63,0,0,2,0,1,0,0,0,0,4,1,5,6,1,1,1,1,1,1,1,1,1,1,1,1
1171,4,2024,0,44,1,1,5,0,1,0,0,0,0,6,7,5,6,7,1,6,4,3,4,1,4,4,1,1,1
1172,4,2024,1,72,1,1,3,0,0,0,0,1,0,5,6,6,7,5,5,7,2,6,4,2,4,2,1,2,0
1173,4,2024,1,54,0,0,1,0,1,0,0,0,0,1,1,1,2,1,3,7,6,3,2,3,5,4,1,5,1
1174,4,2024,1,72,1,1,2,0,0,0,0,1,0,4,4,4,4,4,4,4,4,4,4,4,4,4,4,4,0
1175,4,2024,1,59,1,0,3,0,1,0,0,0,0,4,4,4,4,4,4,4,4,3,4,4,3,4,4,3,1
1176,4,2024,1,57,1,1,3,0,1,0,0,0,0,1,1,1,6,1,1,1,1,5,2,1,4,4,1,1,0
1177,4,2024,1,51,0,0,5,0,1,0,0,0,0,4,4,4,5,4,1,7,4,4,4,4,4,4,4,4,1
1178,4,2024,1,54,0,0,0,1,1,0,0,0,0,5,1,4,3,7,1,4,3,4,2,1,6,2,1,4,1
1179,4,2024,1,62,0,1,3,0,1,0,0,0,0,3,4,3,6,6,1,2,1,4,2,1,5,1,1,1,0
1180,4,2024,0,36,1,0,1,0,0,1,0,0,0,7,7,7,7,7,7,7,7,7,7,7,6,7,7,7,0
1181,4,2024,1,58,0,1,3,0,1,0,0,0,0,3,2,6,7,7,1,7,1,6,1,1,5,1,1,1,0
1182,4,2024,1,76,1,1,3,0,1,0,0,0,0,4,6,5,6,6,6,5,2,6,2,2,2,1,1,1,1
1183,4,2024,1,52,0,0,4,0,1,0,0,0,0,7,1,1,5,5,4,5,1,5,1,1,4,4,1,1,0
1184,4,2024,0,71,0,1,2,0,1,0,0,0,0,6,6,3,7,1,1,7,1,4,1,1,4,1,1,1,1
1185,4,2024,1,69,0,0,4,0,1,0,0,0,0,6,1,5,1,3,1,1,1,1,1,1,1,1,1,1,0
1186,4,2024,1,65,1,1,2,0,1,0,0,0,0,1,1,6,6,1,6,7,2,6,4,2,2,2,3,5,1
1187,4,2024,1,73,1,1,2,0,1,0,0,0,0,4,4,4,4,4,4,4,4,4,4,4,4,4,4,4,1
1188,4,2024,1,73,1,1,2,0,0,0,0,1,0,1,5,1,6,5,1,6,1,5,1,1,1,1,1,1,1
1189,4,2024,0,52,0,0,0,1,1,0,0,0,0,4,2,6,6,3,1,7,6,4,6,6,4,4,7,4,1
1190,4,2024,0,30,0,0,0,1,1,0,0,0,0,3,1,5,5,3,3,6,2,2,2,2,2,2,2,2,1
1191,4,2024,1,58,1,1,5,0,1,0,0,0,0,4,4,4,4,4,4,4,4,4,4,4,4,4,4,4,0
1192,4,2024,0,46,1,1,4,0,0,1,0,0,0,1,1,5,3,1,1,5,6,1,1,1,5,4,1,1,1
1193,4,2024,0,60,1,0,0,1,0,1,0,0,0,7,7,7,1,1,1,7,1,7,1,1,4,1,1,1,1
1194,4,2024,0,59,0,1,1,0,0,0,0,0,1,5,4,5,3,4,1,7,6,7,4,1,7,4,1,1,1
1195,4,2024,1,49,1,1,0,1,1,0,0,0,0,4,5,4,4,5,1,5,1,5,1,1,2,1,1,1,1
1196,4,2024,1,69,1,0,0,1,0,0,0,1,0,2,2,5,5,4,1,4,5,3,2,2,6,4,2,4,1
1197,4,2024,1,52,0,0,2,0,1,0,0,0,0,4,5,4,6,3,1,5,3,3,2,1,4,1,1,1,1
1198,4,2024,1,71,1,1,2,0,1,0,0,0,0,4,1,5,5,5,1,6,1,5,1,1,1,1,1,1,1
1199,4,2024,0,54,1,0,2,0,0,1,0,0,0,2,7,5,4,7,1,3,3,4,3,1,1,1,1,1,1
1200,4,2024,0,55,1,0,3,0,0,1,0,0,0,3,3,6,4,2,2,7,7,1,7,7,7,7,7,7,1
1201,4,2024,1,40,0,0,3,0,1,0,0,0,0,4,6,5,6,5,5,5,3,4,4,2,4,2,2,2,0
1202,4,2024,0,78,0,1,0,1,0,0,0,1,0,1,3,6,5,4,4,5,3,3,3,1,2,1,1,1,1
1203,4,2024,1,71,0,0,1,0,0,0,0,1,0,2,3,7,4,2,2,4,5,5,4,2,4,4,2,1,1
1204,4,2024,0,81,0,1,1,0,0,1,0,0,0,4,6,6,6,5,3,6,1,5,1,1,1,1,1,1,1
1205,4,2024,0,57,1,1,0,1,1,0,0,0,0,5,1,6,4,5,1,5,4,6,4,3,6,6,3,3,1
1206,4,2024,1,59,1,1,5,0,1,0,0,0,0,1,5,4,5,1,2,6,5,2,4,2,5,4,1,1,1
1207,4,2024,1,57,1,0,4,0,1,0,0,0,0,6,2,2,4,5,5,7,6,3,2,1,6,1,1,2,0
1208,4,2024,1,73,1,1,3,0,0,0,0,1,0,5,5,4,6,5,3,4,4,4,4,4,4,3,4,4,1
1209,4,2024,1,54,0,0,1,0,0,0,0,1,0,1,1,1,1,7,1,1,1,1,1,1,7,1,1,7,1
1210,4,2024,0,66,1,0,1,0,0,1,0,0,0,1,1,5,5,1,1,5,2,4,2,4,1,4,2,1,1
1211,4,2024,0,37,0,0,2,0,1,0,0,0,0,6,5,4,5,1,1,5,5,4,5,5,1,1,1,1,1
1212,4,2024,0,47,0,0,2,0,1,0,0,0,0,2,7,5,6,2,1,5,1,5,1,1,5,1,1,1,1
1213,4,2024,1,55,0,0,2,0,1,0,0,0,0,4,4,4,5,4,4,3,4,3,4,4,4,4,4,4,1
1214,4,2024,1,50,0,0,1,0,1,0,0,0,0,2,4,2,6,1,1,7,3,1,4,2,7,4,2,1,1
1215,4,2024,0,56,0,1,2,0,1,0,0,0,0,5,6,5,5,6,1,5,1,5,1,1,6,1,1,1,0
1216,4,2024,1,65,1,0,3,0,1,0,0,0,0,5,5,4,5,5,5,5,2,5,3,1,5,2,1,2,1
1217,4,2024,1,67,1,1,5,0,1,0,0,0,0,3,5,5,4,3,3,5,3,4,3,3,3,3,3,3,0
1218,4,2024,1,50,1,1,4,0,1,0,0,0,0,2,2,3,5,2,2,1,2,4,1,1,5,4,1,1,0
1219,4,2024,0,46,0,0,2,0,1,0,0,0,0,4,4,5,3,3,4,6,1,5,3,1,4,1,4,2,1
1220,4,2024,1,70,1,1,3,0,1,0,0,0,0,1,1,1,2,1,2,2,2,2,2,2,2,2,2,1,1
1221,4,2024,1,54,0,0,5,0,1,0,0,0,0,3,2,5,5,1,1,1,3,3,1,1,4,4,1,1,1
1222,4,2024,1,48,0,0,0,1,1,0,0,0,0,4,7,4,5,5,1,7,4,1,4,4,4,4,4,4,1
1223,4,2024,1,52,0,0,2,0,1,0,0,0,0,3,1,4,6,3,2,7,3,2,4,3,4,4,3,3,0
1224,4,2024,1,83,1,1,2,0,0,0,0,1,0,1,1,1,1,1,1,1,1,1,1,1,1,1,1,1,0
1225,4,2024,1,58,1,0,5,0,1,0,0,0,0,6,6,5,6,6,1,6,4,3,3,3,2,2,3,3,1
1226,4,2024,0,75,0,1,4,0,0,1,0,0,0,4,5,5,5,5,5,6,5,5,6,2,5,1,4,4,1
1227,4,2024,0,59,1,0,5,0,1,0,0,0,0,3,1,5,6,1,1,7,1,1,1,1,4,1,1,1,1
1228,4,2024,0,49,0,0,0,1,1,0,0,0,0,1,1,4,3,6,5,5,4,4,1,1,4,1,1,1,0
1229,4,2024,1,59,1,1,4,0,0,0,0,1,0,6,5,4,6,6,6,4,2,4,3,2,5,2,2,2,0
1230,4,2024,0,63,1,1,5,0,0,1,0,0,0,5,5,5,5,5,5,5,5,5,5,2,5,5,2,2,0
1231,4,2024,1,57,1,0,5,0,1,0,0,0,0,1,1,1,6,1,1,6,1,6,2,1,1,1,1,1,1
1232,4,2024,1,58,1,0,4,0,1,0,0,0,0,4,5,5,7,4,4,4,4,4,4,1,4,4,1,4,1
1233,4,2024,1,66,1,1,3,0,1,0,0,0,0,6,6,6,7,6,3,6,1,7,1,1,1,1,1,1,1
1234,4,2024,0,71,1,1,2,0,1,0,0,0,0,5,5,5,5,6,3,6,4,5,5,1,6,2,5,3,0
1235,4,2024,1,59,1,1,3,0,1,0,0,0,0,5,5,5,5,5,5,6,2,5,2,2,2,1,1,1,0
1236,4,2024,1,50,0,0,4,0,1,0,0,0,0,4,4,4,4,4,1,4,4,4,4,4,4,4,4,4,1
1237,4,2024,0,59,1,0,1,0,0,1,0,0,0,4,3,2,4,1,1,5,6,4,5,3,7,1,1,4,1
1238,4,2024,1,62,0,0,1,0,1,0,0,0,0,2,2,6,7,2,1,6,5,4,2,1,7,2,1,4,1
1239,4,2024,0,47,0,0,0,1,0,0,0,1,0,4,1,3,7,6,1,4,1,5,4,1,4,1,1,1,1
1240,4,2024,1,52,1,1,4,0,1,0,0,0,0,6,2,2,6,6,1,7,2,4,2,2,3,2,2,2,1
1241,4,2024,0,62,1,0,3,0,1,0,0,0,0,3,2,5,6,5,5,6,2,4,4,1,4,4,1,1,0
1242,4,2024,0,61,0,0,1,0,0,0,0,1,0,5,2,3,7,5,1,1,1,6,1,1,5,1,1,1,1
1243,4,2024,0,64,0,0,3,0,0,0,0,0,1,6,5,6,5,3,5,5,4,5,5,3,5,2,3,3,1
1244,4,2024,1,51,0,0,3,0,1,0,0,0,0,5,7,7,7,7,1,6,1,5,1,1,1,1,1,1,1
1245,4,2024,1,64,1,1,2,0,1,0,0,0,0,5,3,5,5,5,4,3,1,4,1,1,3,1,1,1,1
1246,4,2024,0,48,0,0,3,0,1,0,0,0,0,5,5,5,6,5,1,6,1,6,1,1,2,1,1,1,0
1247,4,2024,0,51,1,1,5,0,1,0,0,0,0,4,7,4,6,4,4,2,1,5,1,1,1,1,1,1,0
1248,4,2024,0,78,0,1,1,0,0,1,0,0,0,6,5,6,7,5,2,5,2,6,3,2,5,1,2,1,1
1249,4,2024,1,76,1,1,3,0,0,0,0,1,0,6,4,6,5,3,3,4,4,5,3,3,4,4,3,3,0
1250,4,2024,1,75,1,0,2,0,1,0,0,0,0,5,5,5,7,5,6,3,1,6,1,1,2,1,1,1,1
1251,4,2024,0,59,0,0,2,0,1,0,0,0,0,5,5,5,4,6,1,5,1,6,2,1,4,1,1,1,1
1252,4,2024,0,58,0,1,0,1,1,0,0,0,0,7,5,6,5,6,1,5,2,5,2,2,2,2,2,1,0
1253,4,2024,1,44,0,0,0,1,1,0,0,0,0,6,6,5,6,6,1,3,2,5,1,1,4,1,1,2,1
1254,4,2024,0,60,1,1,5,0,0,1,0,0,0,4,3,5,2,7,1,6,5,3,2,1,2,5,1,1,1
1255,4,2024,1,58,0,0,2,0,1,0,0,0,0,3,5,4,6,5,5,5,4,4,3,2,6,3,2,5,1
1256,4,2024,1,65,0,0,2,0,1,0,0,0,0,3,4,3,3,3,3,3,4,3,4,4,3,4,3,3,1
1257,4,2024,1,66,0,0,1,0,0,0,0,1,0,5,1,5,6,5,5,5,1,4,1,1,1,1,1,1,1
1258,4,2024,0,49,0,0,2,0,1,0,0,0,0,5,1,1,6,4,1,6,5,3,3,1,2,4,2,2,1
1259,4,2024,0,33,1,1,4,0,0,1,0,0,0,2,2,2,2,2,2,2,2,2,2,2,2,2,2,3,0
1260,4,2024,0,54,1,0,2,0,1,0,0,0,0,3,3,3,4,3,2,5,4,3,5,5,6,4,5,5,1
1261,4,2024,1,57,0,0,0,1,1,0,0,0,0,4,4,4,4,4,4,4,4,4,4,4,4,4,4,4,1
1262,4,2024,1,80,1,1,3,0,1,0,0,0,0,6,7,7,6,3,1,7,1,6,5,1,1,1,1,3,1
1263,4,2024,1,63,0,0,3,0,0,0,0,0,1,2,1,2,4,1,1,2,2,4,5,1,1,2,1,1,1
1264,4,2024,1,53,1,0,5,0,1,0,0,0,0,5,6,5,5,3,3,1,1,6,1,1,3,1,1,1,1
1265,4,2024,0,63,1,0,0,1,1,0,0,0,0,4,4,4,4,4,4,4,4,4,4,4,4,4,4,4,1
1266,4,2024,0,56,1,1,4,0,0,1,0,0,0,1,7,4,4,1,1,4,6,2,2,1,4,4,1,4,1
1267,4,2024,1,71,1,1,5,0,1,0,0,0,0,5,6,4,4,5,6,4,5,4,2,1,2,4,1,1,0
1268,4,2024,1,69,1,1,4,0,1,0,0,0,0,1,5,1,7,1,1,1,1,4,1,1,2,1,1,1,1
1269,4,2024,0,59,0,0,1,0,1,0,0,0,0,4,4,4,4,4,4,4,4,4,4,4,4,4,4,4,1
1270,4,2024,0,54,0,0,2,0,1,0,0,0,0,4,4,3,4,4,4,4,4,4,4,4,5,4,4,4,1
1271,4,2024,0,37,1,0,2,0,0,1,0,0,0,4,1,1,5,1,1,4,4,1,1,1,3,1,1,1,1
1272,4,2024,1,49,1,1,5,0,1,0,0,0,0,6,1,1,4,5,5,2,1,4,1,1,2,2,1,1,1
1273,4,2024,0,59,1,1,3,0,1,0,0,0,0,5,4,6,6,5,1,6,4,6,5,4,4,4,5,4,0
1274,4,2024,1,77,1,1,5,0,0,0,0,1,0,4,7,6,6,5,3,3,2,4,2,1,5,2,1,1,0
1275,4,2024,1,58,1,0,5,0,1,0,0,0,0,5,5,5,4,5,5,5,4,4,4,4,4,4,4,4,1
1276,4,2024,1,51,0,0,3,0,1,0,0,0,0,5,5,5,4,5,5,6,4,5,4,4,4,4,4,5,0
1277,4,2024,0,55,0,0,2,0,1,0,0,0,0,4,2,4,5,3,2,5,3,5,3,1,3,2,1,1,1
1278,4,2024,0,64,1,1,5,0,1,0,0,0,0,5,5,5,5,4,4,4,4,4,4,4,4,4,4,1,1
1279,4,2024,0,76,1,1,5,0,0,1,0,0,0,6,5,6,6,6,7,6,1,6,1,1,2,1,1,1,0
1280,4,2024,1,43,0,0,2,0,1,0,0,0,0,5,5,6,6,6,6,5,1,6,1,1,1,1,1,1,0
1281,4,2024,1,73,1,1,3,0,0,0,0,1,0,6,4,6,6,6,4,6,2,5,2,1,5,1,1,6,0
1282,4,2024,1,59,1,0,0,1,1,0,0,0,0,7,7,7,7,7,5,7,6,3,1,1,5,5,1,5,0
1283,4,2024,1,59,1,0,1,0,1,0,0,0,0,3,2,5,6,5,5,6,2,6,2,1,4,2,1,1,0
1284,4,2024,1,53,1,1,5,0,1,0,0,0,0,5,5,5,6,5,5,5,4,5,4,4,4,4,4,4,1
1285,4,2024,0,36,1,1,5,0,1,0,0,0,0,5,5,6,4,2,2,1,2,2,1,1,6,3,1,1,1
1286,4,2024,1,78,1,1,0,1,0,0,0,1,0,5,5,5,7,4,5,7,4,5,5,3,2,4,2,4,0
1287,4,2024,0,64,0,0,5,0,1,0,0,0,0,1,4,7,7,5,2,7,5,1,5,1,1,1,1,1,1
1288,4,2024,1,38,0,0,3,0,1,0,0,0,0,6,5,6,6,6,6,6,4,4,3,2,6,2,3,2,0
1289,4,2024,1,66,1,1,3,0,1,0,0,0,0,5,4,5,7,6,4,7,1,7,2,1,1,1,1,1,1
1290,4,2024,0,39,1,1,0,1,0,1,0,0,0,2,4,3,2,2,3,2,2,2,3,2,2,3,2,2,0
1291,4,2024,0,30,1,0,0,1,1,0,0,0,0,5,6,6,4,5,5,4,4,4,5,3,5,5,5,4,1
1292,4,2024,1,48,1,1,5,0,1,0,0,0,0,7,7,7,7,1,1,7,1,7,1,1,1,1,1,1,1
1293,4,2024,1,44,1,1,5,0,1,0,0,0,0,6,7,6,7,7,6,1,2,7,1,1,2,1,1,1,0
1294,4,2024,0,37,1,1,2,0,1,0,0,0,0,5,5,4,5,7,5,4,7,5,1,1,4,1,1,1,0
1295,4,2024,0,28,0,0,5,0,1,0,0,0,0,3,5,5,3,4,4,4,1,3,1,1,2,1,1,1,1
1296,4,2024,1,60,1,1,1,0,1,0,0,0,0,6,6,6,5,5,1,5,2,5,4,2,5,4,3,3,1
1297,4,2024,0,70,1,1,3,0,0,1,0,0,0,5,5,5,5,5,4,5,1,5,1,1,1,1,1,1,0
1298,4,2024,1,67,1,1,3,0,0,0,0,1,0,6,7,6,7,6,1,7,1,7,1,1,1,2,1,1,1
1299,4,2024,0,50,1,1,3,0,0,1,0,0,0,6,3,5,5,6,4,4,2,5,2,2,4,2,2,2,0
1300,4,2024,0,36,1,1,0,1,1,0,0,0,0,4,4,4,5,7,5,4,5,1,1,1,4,1,2,1,0
1301,4,2024,0,39,1,1,4,0,1,0,0,0,0,3,5,3,2,3,3,3,2,1,2,2,2,2,2,2,0
1302,4,2024,1,33,1,0,5,0,1,0,0,0,0,3,3,4,2,4,3,4,1,3,3,3,5,3,4,4,1
1303,4,2024,0,59,1,1,0,1,1,0,0,0,0,6,6,6,6,6,5,4,4,4,4,2,2,3,3,3,0
1304,4,2024,1,42,0,0,4,0,1,0,0,0,0,4,4,4,4,4,4,4,4,4,4,4,4,4,4,4,1
1305,4,2024,1,37,1,1,3,0,1,0,0,0,0,5,7,5,6,5,5,6,4,5,3,4,3,4,4,4,1
1306,4,2024,0,62,0,0,3,0,1,0,0,0,0,4,5,5,3,5,3,5,4,4,4,4,4,4,4,4,0
1307,4,2024,0,32,1,1,5,0,0,1,0,0,0,2,7,6,6,4,3,4,3,5,3,3,4,3,3,3,1
1308,4,2024,1,53,1,1,5,0,1,0,0,0,0,5,5,5,6,6,5,5,3,5,2,3,3,3,3,3,0
1309,4,2024,0,61,1,0,3,0,1,0,0,0,0,7,7,7,7,7,7,7,1,6,1,1,5,1,1,1,1
1310,4,2024,0,51,0,0,5,0,1,0,0,0,0,5,6,5,6,6,6,6,1,6,1,1,1,1,1,1,0
1311,4,2024,1,64,1,1,0,1,1,0,0,0,0,4,4,4,4,4,3,4,4,4,4,4,4,4,4,4,1
1312,4,2024,1,41,1,1,0,1,1,0,0,0,0,3,4,4,4,4,4,4,4,4,4,4,4,4,4,4,1
1313,4,2024,1,49,0,0,2,0,1,0,0,0,0,4,4,3,3,4,4,4,6,3,4,4,6,5,5,5,1
1314,4,2024,1,42,0,0,3,0,1,0,0,0,0,5,2,5,5,7,1,6,2,4,3,2,4,3,3,2,1
1315,4,2024,1,46,1,0,0,1,1,0,0,0,0,4,4,4,4,4,4,4,4,4,4,4,4,4,4,4,0
1316,4,2024,0,48,1,1,5,0,1,0,0,0,0,5,5,6,6,5,5,6,2,5,4,4,4,1,4,4,1
1317,4,2024,1,57,1,1,4,0,1,0,0,0,0,1,1,1,3,6,5,7,5,1,5,2,7,4,2,5,1
1318,4,2024,0,43,0,0,0,1,1,0,0,0,0,1,1,3,6,3,1,4,4,4,1,1,4,1,1,1,1
1319,4,2024,0,61,0,1,2,0,1,0,0,0,0,4,4,4,5,4,1,7,4,4,4,5,4,4,7,4,1
1320,4,2024,1,70,0,0,3,0,1,0,0,0,0,1,5,5,6,3,1,7,1,5,1,1,5,3,1,1,1
1321,4,2024,1,36,0,0,5,0,1,0,0,0,0,6,6,6,6,6,6,6,2,6,1,1,1,1,1,1,0
1322,4,2024,1,72,0,0,1,0,0,0,0,1,0,1,2,2,4,1,1,4,4,4,4,4,4,3,4,4,1
1323,4,2024,1,69,1,1,5,0,1,0,0,0,0,6,5,6,7,6,1,7,1,6,1,1,4,2,1,1,1
1324,4,2024,1,59,1,1,3,0,1,0,0,0,0,2,1,4,6,5,1,1,1,4,1,1,4,2,1,1,1
1325,4,2024,1,61,1,1,3,0,1,0,0,0,0,1,1,1,1,1,1,1,1,1,1,1,1,1,1,1,1
1326,4,2024,1,64,1,1,4,0,1,0,0,0,0,1,1,5,6,4,4,3,2,4,2,2,4,2,1,2,1
1327,4,2024,0,52,1,1,5,0,1,0,0,0,0,7,7,7,7,6,6,5,1,7,1,1,1,1,1,1,0
1328,4,2024,1,35,0,1,4,0,1,0,0,0,0,4,4,4,3,4,4,4,4,4,4,3,4,4,3,4,1
1329,4,2024,1,56,1,1,4,0,1,0,0,0,0,6,4,5,7,5,1,5,4,5,4,4,1,4,4,4,1
1330,4,2024,1,79,1,0,3,0,0,0,0,1,0,5,6,7,5,6,5,7,3,6,4,3,4,2,4,4,0
1331,4,2024,0,38,0,0,0,1,1,0,0,0,0,5,4,5,5,6,5,6,4,5,4,4,4,2,4,4,0
1332,4,2024,0,45,0,0,0,1,1,0,0,0,0,5,5,5,5,5,5,5,5,5,1,1,1,1,1,1,1
1333,4,2024,0,67,1,1,2,0,0,1,0,0,0,3,2,2,3,4,2,5,3,4,5,3,5,4,2,2,1
1334,4,2024,1,61,0,0,1,0,0,0,0,0,1,6,5,5,3,2,1,2,3,4,2,3,3,3,3,2,1
1335,4,2024,0,48,0,0,1,0,0,0,0,1,0,6,1,4,5,5,1,5,1,4,1,1,1,1,1,1,0
1336,4,2024,0,38,1,1,4,0,1,0,0,0,0,5,4,6,4,7,5,5,7,4,5,1,7,7,1,4,0
1337,4,2024,1,46,0,0,2,0,1,0,0,0,0,4,4,4,5,2,2,4,4,4,4,4,4,4,4,2,1
1338,4,2024,0,34,0,0,1,0,0,0,0,1,0,7,5,6,1,6,6,7,4,4,7,5,4,4,4,4,1
1339,4,2024,1,52,0,0,5,0,1,0,0,0,0,4,4,4,4,6,4,7,2,4,1,1,5,2,2,2,0
1340,4,2024,0,54,1,1,5,0,0,1,0,0,0,1,4,5,6,5,1,4,1,4,1,1,2,1,1,1,1
1341,4,2024,0,56,0,1,5,0,1,0,0,0,0,5,2,4,5,5,1,1,2,4,1,1,2,1,1,1,1
1342,4,2024,1,68,1,1,3,0,1,0,0,0,0,7,7,7,4,7,7,7,4,4,4,4,4,4,4,4,1
1343,4,2024,0,26,1,0,5,0,1,0,0,0,0,5,6,5,2,6,4,1,1,5,1,2,2,1,1,1,1
1344,4,2024,0,43,1,0,4,0,1,0,0,0,0,1,5,2,2,1,1,7,4,1,1,1,4,4,1,1,1
1345,4,2024,1,61,1,1,3,0,1,0,0,0,0,4,4,4,4,4,4,4,4,4,4,4,4,4,4,4,1
1346,4,2024,0,50,1,0,0,1,1,0,0,0,0,5,5,6,3,6,1,2,3,4,3,3,5,3,3,3,1
1347,4,2024,1,58,1,1,4,0,1,0,0,0,0,5,7,7,7,5,5,2,2,7,1,1,2,2,1,1,1
1348,4,2024,0,49,1,0,3,0,0,1,0,0,0,2,3,4,2,5,1,5,1,5,1,1,3,1,1,1,1
1349,4,2024,1,35,1,1,5,0,1,0,0,0,0,6,7,6,7,6,1,1,1,5,1,1,1,1,1,1,0
1350,4,2024,1,41,0,0,2,0,1,0,0,0,0,7,1,4,7,7,1,1,1,7,1,1,1,1,1,1,1
1351,4,2024,0,62,0,1,3,0,1,0,0,0,0,5,4,4,4,5,4,5,4,4,5,4,4,4,4,4,0
1352,4,2024,0,44,0,0,0,1,1,0,0,0,0,4,5,5,5,6,1,5,4,4,2,1,5,1,1,1,1
1353,4,2024,0,75,0,0,0,1,0,0,0,1,0,4,2,5,7,4,2,5,2,6,1,1,4,2,1,1,1
1354,4,2024,1,77,1,1,3,0,0,0,0,0,1,2,3,4,6,5,4,5,4,4,3,2,3,3,2,3,0
1355,4,2024,1,69,0,0,2,0,1,0,0,0,0,4,2,3,2,2,2,2,1,4,1,1,6,2,1,1,1
1356,4,2024,0,73,1,1,0,1,0,1,0,0,0,4,4,4,4,4,4,4,4,4,4,4,4,4,4,4,1
1357,4,2024,1,54,0,0,0,1,0,0,0,1,0,3,1,4,6,4,1,4,4,1,4,4,4,4,4,4,1
1358,4,2024,1,65,0,0,0,1,1,0,0,0,0,3,1,5,5,1,1,2,1,4,2,1,3,1,1,1,1
1359,4,2024,1,58,1,0,5,0,1,0,0,0,0,3,3,4,6,2,2,7,2,5,4,1,2,2,2,4,1
1360,4,2024,0,67,1,1,0,1,1,0,0,0,0,4,5,5,4,5,4,5,2,4,4,2,4,2,2,2,0
1361,4,2024,0,56,0,1,2,0,1,0,0,0,0,5,6,6,6,4,4,1,4,5,1,1,6,3,1,5,1
1362,4,2024,1,76,1,1,5,0,1,0,0,0,0,1,1,1,1,1,1,1,1,1,1,1,1,1,1,1,1
1363,4,2024,1,44,1,1,4,0,1,0,0,0,0,6,6,7,5,5,6,6,2,6,3,2,4,3,3,2,1
1364,4,2024,1,59,1,1,4,0,1,0,0,0,0,5,5,5,4,5,4,4,4,4,4,4,4,4,3,4,0
1365,4,2024,1,70,1,1,0,1,0,0,0,1,0,7,7,4,7,5,1,5,1,4,1,1,4,1,1,1,0
1366,4,2024,1,79,1,1,3,0,0,0,0,1,0,5,4,5,7,5,4,6,4,5,1,1,4,2,4,1,0
1367,4,2024,1,45,0,0,2,0,1,0,0,0,0,1,1,5,1,1,1,1,1,1,1,1,1,1,1,1,1
1368,4,2024,0,67,1,1,0,1,0,1,0,0,0,5,5,6,6,5,1,6,1,6,4,1,4,1,1,1,0
1369,4,2024,1,67,1,1,3,0,1,0,0,0,0,1,1,1,3,7,1,1,1,7,1,1,1,1,1,1,0
1370,4,2024,1,57,0,0,5,0,1,0,0,0,0,3,3,4,4,3,4,2,2,4,4,2,3,3,3,4,1
1371,4,2024,0,56,0,1,2,0,1,0,0,0,0,1,2,3,3,1,1,7,6,4,5,1,6,1,1,1,1
1372,4,2024,1,64,0,0,3,0,1,0,0,0,0,1,1,1,6,5,1,5,1,4,1,1,1,1,1,1,1
1373,4,2024,0,58,1,1,4,0,0,1,0,0,0,5,5,6,5,6,5,6,4,5,4,4,4,4,4,4,0
1374,4,2024,1,60,0,1,3,0,1,0,0,0,0,5,4,6,5,3,2,4,3,4,4,3,4,2,3,3,1
1375,4,2024,0,45,1,1,4,0,1,0,0,0,0,4,4,5,5,5,3,4,4,4,4,2,4,3,1,2,1
1376,4,2024,0,58,1,1,0,1,1,0,0,0,0,5,2,4,2,4,2,5,3,4,3,3,4,3,2,2,1
1377,4,2024,1,76,1,1,3,0,0,0,0,1,0,5,5,6,6,3,1,6,1,5,6,4,1,1,6,1,1
1378,4,2024,1,56,0,0,0,1,1,0,0,0,0,4,1,4,4,4,4,3,4,4,4,4,4,4,4,4,0
1379,4,2024,0,42,0,0,0,1,1,0,0,0,0,2,1,6,6,5,1,6,1,4,1,1,2,1,1,1,0
1380,4,2024,0,38,0,0,4,0,1,0,0,0,0,5,3,5,5,3,3,5,3,5,3,3,3,3,3,3,1
1381,4,2024,1,49,0,0,2,0,1,0,0,0,0,5,5,4,4,4,4,4,4,4,4,4,4,4,4,4,1
1382,4,2024,0,51,0,0,2,0,1,0,0,0,0,1,2,1,3,1,1,1,2,1,1,1,3,4,1,1,1
1383,4,2024,1,44,1,1,3,0,1,0,0,0,0,4,4,4,4,3,3,3,4,4,3,3,4,4,4,3,1
1384,4,2024,1,54,0,0,0,1,0,0,0,0,1,1,1,7,1,7,1,1,1,1,1,1,1,1,1,1,1
1385,4,2024,0,45,0,0,2,0,1,0,0,0,0,1,1,2,4,4,2,3,2,1,2,1,3,2,1,2,1
1386,4,2024,1,47,1,1,5,0,1,0,0,0,0,2,2,2,2,2,3,2,2,3,3,3,3,2,3,2,0
1387,4,2024,1,78,1,1,2,0,0,0,0,1,0,4,5,5,4,4,4,4,4,4,4,4,4,4,4,4,0
1388,4,2024,0,63,1,1,3,0,0,1,0,0,0,3,5,5,6,6,2,5,1,5,1,1,4,1,1,1,1
1389,4,2024,0,39,1,1,0,1,0,1,0,0,0,2,6,5,7,6,1,7,2,6,2,1,3,1,1,1,0
1390,4,2024,1,49,0,0,4,0,1,0,0,0,0,2,3,2,1,4,5,6,7,2,5,6,6,7,6,6,0
1391,4,2024,1,59,1,1,3,0,1,0,0,0,0,1,5,5,3,5,4,4,4,4,4,4,4,4,4,4,0
1392,4,2024,1,61,1,1,5,0,1,0,0,0,0,3,6,5,6,5,5,1,1,6,1,1,1,1,1,1,1
1393,4,2024,0,59,0,0,2,0,1,0,0,0,0,1,1,1,4,4,1,1,4,4,4,4,4,4,4,4,0
1394,4,2024,0,48,0,0,1,0,0,0,0,0,1,1,1,5,5,7,1,7,1,4,1,1,4,1,1,1,1
1395,4,2024,0,34,0,0,0,1,1,0,0,0,0,5,6,5,5,4,1,1,1,1,1,1,1,1,1,1,1
1396,4,2024,1,59,0,0,1,0,1,0,0,0,0,3,1,4,4,1,1,1,1,6,1,1,6,3,1,1,1
1397,4,2024,0,48,0,0,1,0,1,0,0,0,0,4,5,5,5,5,5,3,2,5,5,2,5,1,2,1,1
1398,4,2024,0,33,1,1,4,0,1,0,0,0,0,5,1,2,5,5,3,5,4,5,1,1,1,1,1,1,1
1399,4,2024,1,76,1,1,2,0,0,0,0,1,0,6,6,6,5,3,3,3,3,4,3,3,5,3,3,3,1
1400,4,2024,1,49,1,1,4,0,1,0,0,0,0,4,4,4,4,4,4,3,3,4,3,3,4,3,3,3,0
1401,4,2024,1,59,1,1,4,0,1,0,0,0,0,5,7,4,5,7,1,5,1,5,1,1,2,2,1,1,1
1402,4,2024,0,32,0,0,0,1,1,0,0,0,0,4,1,6,5,4,1,5,1,1,1,1,1,1,1,1,1
1403,4,2024,1,47,0,0,2,0,1,0,0,0,0,2,2,2,5,1,1,1,4,2,2,1,4,1,1,2,1
1404,4,2024,0,70,1,1,0,1,0,0,0,1,0,4,2,7,6,6,1,1,2,5,2,1,4,4,1,1,0
1405,4,2024,0,31,1,0,0,1,1,0,0,0,0,4,4,6,5,6,6,5,4,5,1,1,2,2,1,4,0
1406,4,2024,0,64,0,1,3,0,1,0,0,0,0,5,1,5,5,5,1,5,1,5,1,1,5,2,1,1,1
1407,4,2024,0,36,0,0,0,1,1,0,0,0,0,5,5,5,6,5,6,6,6,6,6,6,6,6,6,6,0
1408,4,2024,1,57,1,0,3,0,1,0,0,0,0,1,1,1,1,5,1,6,2,4,2,1,2,1,1,1,1
1409,4,2024,0,48,0,0,3,0,1,0,0,0,0,4,4,4,7,4,4,4,4,4,4,4,4,4,4,4,0
1410,4,2024,0,34,0,0,2,0,1,0,0,0,0,4,4,3,5,5,1,7,7,2,6,5,7,3,7,7,0
1411,4,2024,1,55,1,1,4,0,1,0,0,0,0,4,5,4,5,5,1,1,3,4,1,1,5,1,1,1,1
1412,4,2024,1,66,1,0,3,0,0,1,0,0,0,5,5,6,5,6,1,4,3,6,2,2,1,2,2,1,1
1413,4,2024,1,76,1,1,3,0,0,0,0,1,0,5,6,6,5,5,5,5,2,5,5,2,2,2,1,5,0
1414,4,2024,0,52,1,1,0,1,1,0,0,0,0,3,4,4,6,4,1,5,6,4,2,2,7,7,2,2,1
1415,4,2024,1,76,1,1,4,0,0,0,0,1,0,6,5,6,7,6,5,6,6,6,5,2,5,6,2,2,0
1416,4,2024,1,57,1,1,5,0,1,0,0,0,0,6,5,5,5,5,1,6,4,5,3,3,4,4,3,3,1
1417,4,2024,0,42,1,1,3,0,0,1,0,0,0,5,5,4,5,5,5,4,5,5,5,5,5,4,5,5,1
1418,4,2024,1,41,0,0,3,0,0,0,0,0,1,4,4,3,4,3,2,6,4,4,4,4,4,4,4,4,1
1419,4,2024,0,54,1,1,3,0,0,1,0,0,0,1,1,4,6,1,1,3,5,2,1,1,4,5,1,1,1
1420,4,2024,1,48,1,1,4,0,1,0,0,0,0,1,1,1,5,1,1,1,3,3,1,1,1,1,1,1,1
1421,4,2024,1,51,1,0,5,0,1,0,0,0,0,7,5,7,3,6,5,1,2,7,1,1,3,4,1,1,1
1422,4,2024,1,58,0,0,4,0,0,0,0,1,0,6,1,4,4,4,3,1,1,1,1,1,1,1,1,1,1
1423,4,2024,1,62,1,1,0,1,1,0,0,0,0,3,2,5,4,2,3,5,4,4,4,4,4,4,4,4,1
1424,4,2024,1,81,1,1,4,0,0,0,0,0,1,6,4,4,4,5,4,4,4,4,4,4,5,4,4,4,1
1425,4,2024,1,71,1,1,0,1,0,0,0,1,0,4,4,4,4,4,4,4,4,4,4,4,4,4,4,4,1
1426,4,2024,1,69,1,1,3,0,1,0,0,0,0,5,4,5,6,5,3,5,4,5,2,2,3,3,2,2,1
1427,4,2024,0,40,1,1,4,0,1,0,0,0,0,1,1,1,1,1,1,1,1,1,1,1,1,1,1,1,0
1428,4,2024,1,57,1,1,2,0,1,0,0,0,0,1,1,1,1,1,1,1,1,1,5,1,6,4,1,6,0
1429,4,2024,0,61,1,1,2,0,1,0,0,0,0,1,1,2,4,4,1,7,5,5,4,4,5,4,3,4,1
1430,4,2024,1,56,1,0,5,0,1,0,0,0,0,5,6,5,6,5,5,5,3,5,2,2,2,2,2,2,1
1431,4,2024,0,44,0,0,0,1,0,0,0,1,0,1,1,1,1,1,1,1,1,1,1,1,1,1,1,1,1
1432,4,2024,1,65,0,1,5,0,1,0,0,0,0,4,4,4,4,4,4,4,4,4,4,4,4,4,4,4,1
1433,4,2024,1,78,1,1,2,0,0,0,0,1,0,4,3,6,3,3,5,6,5,4,4,4,4,1,1,1,1
1434,4,2024,1,44,0,0,1,0,0,0,0,1,0,4,4,2,7,4,1,4,4,1,1,1,4,4,1,1,1
1435,4,2024,0,58,1,0,3,0,0,0,0,0,1,4,4,3,6,7,1,7,1,4,1,1,1,1,1,1,1
1436,4,2024,0,52,0,1,0,1,0,0,0,0,1,1,7,6,5,4,1,1,2,1,1,1,7,1,1,1,1
1437,4,2024,1,59,1,0,5,0,1,0,0,0,0,1,1,1,1,1,1,1,4,1,1,1,1,1,1,1,1
1438,4,2024,0,42,1,1,0,1,0,1,0,0,0,5,5,5,4,6,2,7,6,4,6,6,4,4,6,6,1
1439,4,2024,1,50,0,0,4,0,1,0,0,0,0,7,5,6,7,7,1,6,1,5,1,1,5,1,1,1,1
1440,4,2024,1,59,1,1,2,0,1,0,0,0,0,4,4,4,4,4,4,4,4,4,4,4,4,4,4,4,1
1441,4,2024,1,50,1,1,3,0,1,0,0,0,0,1,1,5,5,1,1,5,5,5,5,5,5,5,5,5,1
1442,4,2024,1,55,1,1,5,0,1,0,0,0,0,4,5,5,5,4,5,4,4,5,4,4,4,4,4,4,1
1443,4,2024,0,84,1,1,2,0,0,1,0,0,0,6,5,5,6,6,6,6,1,6,1,1,5,1,1,1,0
1444,4,2024,1,49,0,0,0,1,1,0,0,0,0,1,2,3,4,1,1,7,4,4,4,4,4,4,4,4,1
1445,4,2024,1,28,0,0,2,0,1,0,0,0,0,2,6,2,5,3,5,5,4,4,4,4,4,4,4,4,1
1446,4,2024,1,75,1,1,2,0,0,0,0,0,1,3,2,5,5,3,3,5,3,5,2,3,5,3,3,2,0
1447,4,2024,1,60,1,1,4,0,1,0,0,0,0,6,2,2,2,6,1,4,1,4,2,2,6,1,2,2,1
1448,4,2024,1,78,1,1,3,0,1,0,0,0,0,1,1,1,4,1,1,1,3,2,3,3,3,3,3,3,0
1449,4,2024,1,52,1,0,5,0,1,0,0,0,0,5,2,5,5,5,1,4,1,6,1,1,1,1,1,1,0
1450,4,2024,1,57,0,0,2,0,1,0,0,0,0,4,4,4,4,4,4,4,4,4,5,5,4,4,5,5,1
1451,4,2024,0,44,1,1,5,0,1,0,0,0,0,5,1,5,5,7,7,1,1,4,1,1,1,1,1,1,0
1452,4,2024,0,45,1,1,0,1,0,1,0,0,0,5,7,6,5,5,4,5,3,4,4,4,4,2,4,3,1
1453,4,2024,1,48,0,0,2,0,1,0,0,0,0,6,1,1,7,1,1,6,2,4,2,1,2,1,1,1,1
1454,4,2024,1,57,0,0,2,0,1,0,0,0,0,4,4,4,6,5,1,1,1,4,1,1,4,4,1,1,1
1455,4,2024,0,52,0,0,0,1,0,0,0,1,0,1,1,1,1,1,1,1,1,1,1,1,1,1,1,1,1
1456,4,2024,1,63,1,1,4,0,1,0,0,0,0,7,7,7,5,7,7,4,5,5,5,5,5,5,5,4,0
1457,4,2024,1,59,1,1,2,0,1,0,0,0,0,4,1,1,6,1,1,1,1,7,1,1,4,1,1,1,1
1458,4,2024,0,75,1,1,5,0,0,1,0,0,0,6,7,7,7,7,7,5,1,7,2,1,1,2,1,1,0
1459,4,2024,1,75,1,0,3,0,0,0,0,1,0,5,5,5,4,5,2,5,5,5,3,3,4,2,2,2,0
1460,4,2024,1,43,0,0,5,0,1,0,0,0,0,5,6,5,5,5,1,6,2,5,2,2,2,2,2,2,0
1461,4,2024,1,57,1,1,4,0,1,0,0,0,0,1,1,1,4,1,1,6,1,4,1,1,4,1,1,1,0
1462,4,2024,1,40,0,0,2,0,1,0,0,0,0,2,4,6,5,7,7,7,6,2,1,1,4,6,1,6,1
1463,4,2024,1,57,0,0,1,0,0,0,0,1,0,4,4,4,7,4,4,4,4,4,4,4,5,4,4,4,1
1464,4,2024,1,36,0,0,0,1,1,0,0,0,0,5,1,1,4,5,1,5,4,4,1,1,4,1,1,1,0
1465,4,2024,1,69,1,1,2,0,0,0,0,1,0,1,1,3,7,1,2,5,2,1,2,2,4,2,2,2,1
1466,4,2024,0,54,1,1,3,0,1,0,0,0,0,6,6,6,5,6,6,5,5,5,5,5,6,5,5,5,1
1467,4,2024,0,36,0,0,0,1,1,0,0,0,0,1,1,2,5,5,4,1,5,4,4,1,4,5,1,1,0
1468,4,2024,0,54,1,1,5,0,0,1,0,0,0,5,5,5,5,5,4,5,5,4,5,5,5,4,5,4,0
1469,4,2024,1,52,0,1,3,0,1,0,0,0,0,4,1,4,6,4,3,4,1,5,1,1,3,3,1,1,1
1470,4,2024,0,40,0,0,2,0,1,0,0,0,0,1,2,1,1,1,1,1,1,1,1,1,1,1,1,2,1
1471,4,2024,0,74,1,1,0,1,0,1,0,0,0,5,5,5,5,5,5,5,3,4,3,3,3,3,3,3,1
1472,4,2024,1,32,1,0,3,0,1,0,0,0,0,2,2,2,2,2,1,1,2,2,3,2,2,2,2,2,1
1473,4,2024,0,55,0,0,2,0,0,0,0,1,0,6,1,3,5,5,5,5,1,4,4,1,5,1,1,1,1
1474,4,2024,0,60,1,0,2,0,1,0,0,0,0,5,2,3,6,5,2,6,2,5,5,1,5,2,1,5,0
1475,4,2024,1,57,1,1,5,0,1,0,0,0,0,1,1,1,3,2,1,2,3,3,3,2,3,2,2,2,0
1476,4,2024,0,44,1,1,3,0,1,0,0,0,0,4,2,4,5,4,3,5,5,5,2,2,4,1,2,1,0
1477,4,2024,0,45,0,0,0,1,1,0,0,0,0,2,4,6,4,6,4,7,4,4,7,5,5,4,5,5,1
1478,4,2024,0,56,0,0,2,0,1,0,0,0,0,5,3,6,7,5,1,7,5,7,3,1,4,5,1,1,1
1479,4,2024,1,77,0,0,2,0,0,0,0,1,0,6,7,6,7,4,2,4,1,6,1,1,2,1,1,1,1
1480,4,2024,1,62,1,1,4,0,1,0,0,0,0,7,7,6,7,7,5,5,1,5,1,1,4,1,1,1,0
1481,4,2024,0,47,0,0,5,0,1,0,0,0,0,5,1,5,5,5,5,5,4,4,4,4,4,4,4,4,0
1482,4,2024,1,67,1,1,3,0,1,0,0,0,0,5,5,5,5,5,5,5,3,5,3,3,4,4,3,3,0
1483,4,2024,1,68,0,0,2,0,1,0,0,0,0,5,5,5,5,5,5,5,1,5,1,1,7,1,1,1,0
1484,4,2024,0,63,1,1,3,0,0,1,0,0,0,5,2,2,3,4,4,6,1,5,2,1,1,1,2,1,0
1485,4,2024,0,64,0,1,2,0,1,0,0,0,0,5,5,6,6,2,5,6,3,5,5,1,3,4,3,3,1
1486,4,2024,1,68,1,1,4,0,1,0,0,0,0,4,5,5,4,4,4,4,4,4,4,4,4,4,4,4,1
1487,4,2024,1,51,0,0,4,0,1,0,0,0,0,6,3,5,5,5,2,5,2,4,2,2,2,3,2,2,1
1488,4,2024,0,29,1,0,3,0,1,0,0,0,0,5,5,6,5,5,4,1,4,3,3,3,3,4,3,4,1
1489,4,2024,1,73,1,1,2,0,1,0,0,0,0,3,3,3,3,3,3,3,4,3,4,4,5,5,4,4,1
1490,4,2024,1,66,1,1,5,0,1,0,0,0,0,7,7,7,5,7,7,6,5,5,5,5,5,5,5,5,0
1491,4,2024,1,75,1,0,3,0,0,0,0,1,0,7,6,6,5,6,6,7,1,6,1,1,1,1,1,1,0
1492,4,2024,0,43,1,0,3,0,1,0,0,0,0,5,5,3,4,5,4,5,3,4,4,2,4,2,2,2,1
1493,4,2024,0,49,1,1,0,1,0,1,0,0,0,4,4,4,4,4,4,4,4,4,4,4,4,4,4,4,1
1494,4,2024,1,50,0,0,5,0,1,0,0,0,0,5,5,3,4,5,4,4,4,4,4,4,5,4,4,4,1
1495,4,2024,0,59,0,0,1,0,1,0,0,0,0,4,6,4,4,4,4,4,4,4,4,4,5,4,4,4,1
1496,4,2024,1,48,1,1,3,0,0,0,0,0,1,5,5,5,4,5,4,5,4,5,4,4,4,4,4,5,1
1497,4,2024,1,56,0,0,1,0,0,0,0,1,0,5,4,4,4,4,4,4,3,4,4,4,5,4,5,4,1
1498,4,2024,1,47,0,0,2,0,1,0,0,0,0,4,4,4,4,3,5,4,4,4,3,6,4,4,5,4,1
1499,4,2024,1,70,0,1,2,0,1,0,0,0,0,1,1,5,6,1,1,7,1,4,1,1,6,1,1,1,1
1500,4,2024,1,85,1,1,2,0,0,0,0,1,0,4,5,4,1,4,1,1,4,1,4,4,5,4,4,4,1
1501,4,2024,1,35,0,0,3,0,1,0,0,0,0,6,3,3,2,1,1,3,2,3,2,1,4,2,1,1,1
1502,4,2024,0,75,1,1,2,0,0,1,0,0,0,6,3,6,7,7,4,7,4,7,4,1,4,4,4,1,1
1503,4,2024,1,79,1,1,2,0,0,0,0,1,0,4,1,5,6,3,4,5,1,6,1,1,6,2,1,1,1
1504,4,2024,1,47,0,0,3,0,1,0,0,0,0,4,4,4,2,1,1,1,4,4,4,4,4,4,4,4,1
1505,4,2024,1,41,1,1,3,0,1,0,0,0,0,5,3,5,6,3,6,3,5,3,6,3,6,3,3,6,1
1506,4,2024,1,62,1,1,5,0,1,0,0,0,0,1,1,1,1,1,1,1,1,7,1,1,1,1,1,1,0
1507,4,2024,0,37,1,1,3,0,1,0,0,0,0,5,4,5,4,4,4,7,4,4,2,1,3,1,1,1,1
1508,4,2024,0,37,0,0,0,1,0,0,0,1,0,1,1,1,1,1,1,1,1,1,1,1,1,1,1,1,1
1509,4,2024,0,55,1,0,2,0,1,0,0,0,0,4,5,5,5,4,1,6,1,4,1,1,3,1,1,1,1
1510,4,2024,0,37,1,0,3,0,1,0,0,0,0,7,7,7,7,7,7,7,4,7,3,3,2,5,3,3,0
1511,4,2024,0,61,0,0,3,0,1,0,0,0,0,2,1,2,7,1,1,2,5,1,3,1,7,5,1,4,1
1512,4,2024,0,35,0,0,0,1,1,0,0,0,0,4,4,4,4,4,4,4,4,4,4,4,4,4,4,4,1
1513,4,2024,1,42,0,0,4,0,1,0,0,0,0,4,4,3,3,4,4,4,5,4,3,4,3,4,5,4,1
1514,4,2024,0,67,1,0,5,0,0,1,0,0,0,1,1,1,7,1,6,7,1,4,5,1,2,1,1,1,1
1515,4,2024,0,40,0,0,2,0,1,0,0,0,0,5,5,4,3,6,5,5,4,4,3,2,3,3,3,4,1
1516,4,2024,0,57,1,1,0,1,0,1,0,0,0,3,3,3,3,3,3,3,4,3,5,3,4,5,3,3,0
1517,4,2024,0,56,1,1,0,1,1,0,0,0,0,2,1,3,3,2,1,7,3,3,3,4,6,2,2,1,1
1518,4,2024,1,57,0,0,0,1,1,0,0,0,0,6,5,6,6,2,2,4,2,6,2,2,4,2,2,2,1
1519,4,2024,1,64,1,1,3,0,1,0,0,0,0,1,2,1,1,2,1,1,1,1,1,1,1,1,1,1,1
1520,4,2024,1,57,1,1,5,0,1,0,0,0,0,1,1,1,1,1,1,1,1,1,1,1,1,1,1,1,1
1521,4,2024,0,49,0,0,3,0,1,0,0,0,0,7,6,6,5,6,5,7,3,5,1,1,1,1,1,1,1
1522,4,2024,0,35,1,1,0,1,0,1,0,0,0,2,5,5,5,2,5,5,5,5,1,1,2,3,1,1,1
1523,4,2024,1,63,0,0,2,0,0,0,0,1,0,5,1,6,5,4,4,4,4,5,4,4,4,4,4,4,1
1524,4,2024,1,77,1,1,0,1,0,0,0,1,0,5,5,5,5,5,1,5,2,4,2,1,4,1,1,1,1
1525,4,2024,1,58,1,1,5,0,1,0,0,0,0,4,4,4,5,4,4,3,3,3,4,4,5,4,4,3,0
1526,4,2024,0,68,1,1,3,0,0,1,0,0,0,1,6,5,3,7,1,7,1,5,1,1,1,1,1,1,1
1527,4,2024,1,53,0,0,2,0,1,0,0,0,0,4,7,7,5,4,1,4,1,5,1,1,4,4,1,1,1
1528,4,2024,1,67,1,1,3,0,0,0,0,1,0,1,3,5,5,1,1,1,1,1,1,1,1,1,1,1,1
1529,4,2024,0,59,1,0,5,0,0,0,0,1,0,5,6,5,6,5,5,6,1,6,1,1,1,1,1,1,1
1530,4,2024,1,64,0,0,0,1,0,0,0,1,0,4,4,6,4,4,4,4,4,4,4,4,4,4,4,4,1
1531,4,2024,0,36,0,0,0,1,1,0,0,0,0,3,3,4,4,4,4,4,4,4,4,4,4,4,4,4,0
1532,4,2024,0,71,1,1,0,1,0,1,0,0,0,2,4,5,5,2,2,6,5,4,4,3,7,5,3,5,1
1533,4,2024,0,50,0,0,0,1,1,0,0,0,0,1,1,1,2,1,1,1,1,1,1,1,1,1,1,1,1
1534,4,2024,0,64,1,1,4,0,0,1,0,0,0,4,7,5,7,5,7,7,1,7,1,1,1,1,1,1,1
1535,4,2024,0,73,1,1,2,0,0,1,0,0,0,5,6,5,5,4,4,6,5,5,5,4,5,5,4,4,0
1536,4,2024,0,65,0,1,1,0,0,1,0,0,0,6,7,6,7,6,3,3,2,4,1,1,3,2,1,1,0
1537,4,2024,0,30,0,0,2,0,1,0,0,0,0,5,1,1,5,5,5,3,4,5,2,2,2,2,2,2,1
1538,4,2024,0,51,0,0,2,0,0,0,0,1,0,4,5,5,5,5,5,3,7,4,1,1,2,7,1,2,1
1539,4,2024,0,72,1,1,5,0,0,1,0,0,0,7,1,5,5,6,1,7,1,7,1,1,1,1,1,1,0
1540,4,2024,1,55,0,0,0,1,0,0,0,1,0,4,4,4,4,4,4,4,4,4,4,4,5,5,4,4,1
1541,4,2024,1,49,1,1,3,0,1,0,0,0,0,5,1,2,3,7,1,2,3,2,1,1,4,3,3,1,1
1542,4,2024,0,39,1,1,5,0,1,0,0,0,0,6,5,6,7,5,1,6,1,7,1,1,1,1,1,1,0
1543,4,2024,1,56,1,1,5,0,1,0,0,0,0,2,2,2,2,2,2,2,3,2,2,2,2,2,2,2,1
1544,4,2024,1,63,1,1,3,0,1,0,0,0,0,1,1,1,1,1,1,5,1,1,1,1,1,1,1,1,1
1545,4,2024,0,37,1,1,3,0,1,0,0,0,0,3,4,5,6,5,1,4,4,4,4,4,4,4,4,4,0
1546,4,2024,0,34,1,0,3,0,1,0,0,0,0,6,6,5,6,6,5,5,5,6,3,3,5,3,3,3,1
1547,4,2024,1,42,1,1,2,0,1,0,0,0,0,4,6,5,4,4,3,4,3,4,2,2,3,3,2,2,0
1548,4,2024,0,74,0,1,0,1,0,1,0,0,0,1,1,1,6,1,1,1,1,4,1,1,1,1,1,1,0
1549,4,2024,1,56,1,1,5,0,1,0,0,0,0,5,5,5,3,4,3,5,2,3,3,1,2,2,2,2,1
1550,4,2024,1,70,1,1,2,0,0,0,0,1,0,1,2,2,1,2,2,2,1,1,1,1,1,1,1,1,1
1551,4,2024,0,43,1,0,5,0,0,1,0,0,0,5,7,5,5,1,1,7,1,4,1,1,1,1,1,1,1
1552,4,2024,0,48,1,1,0,1,1,0,0,0,0,4,4,4,1,4,4,1,2,1,1,1,1,1,1,1,1
1553,4,2024,0,31,0,0,0,1,0,0,0,0,1,2,3,2,4,3,3,3,2,5,4,6,3,5,4,4,1
1554,4,2024,0,33,1,1,5,0,1,0,0,0,0,4,4,4,5,5,5,1,1,6,1,1,4,1,1,1,0
1555,4,2024,1,41,0,0,3,0,1,0,0,0,0,4,4,4,6,4,4,4,3,4,4,2,4,4,4,4,1
1556,4,2024,1,65,0,0,1,0,1,0,0,0,0,1,4,4,1,1,1,1,1,1,1,1,4,4,1,1,1
1557,4,2024,0,66,0,1,1,0,0,0,0,1,0,4,1,5,7,1,1,4,4,4,1,1,4,1,1,1,0
1558,4,2024,1,53,1,0,2,0,1,0,0,0,0,6,1,1,2,1,5,1,1,1,1,1,1,1,1,1,1
1559,4,2024,0,36,1,1,0,1,1,0,0,0,0,5,5,5,5,5,5,5,3,5,3,3,4,3,3,3,0
1560,4,2024,1,65,1,1,4,0,1,0,0,0,0,4,5,4,5,5,4,5,4,4,4,4,4,4,4,4,1
1561,4,2024,1,54,0,0,2,0,1,0,0,0,0,1,1,1,1,1,1,1,1,1,1,1,1,1,1,1,1
1562,4,2024,0,41,0,0,0,1,1,0,0,0,0,5,4,4,4,4,4,4,4,4,4,4,3,4,4,4,1
1563,4,2024,0,48,0,0,0,1,0,0,0,1,0,5,5,6,1,7,1,6,5,5,4,1,4,1,1,1,0
1564,4,2024,1,62,1,1,0,1,0,0,0,1,0,5,5,4,5,5,4,5,3,5,4,3,2,1,1,1,1
1565,4,2024,0,48,0,1,0,1,1,0,0,0,0,1,1,2,3,5,1,5,3,4,4,2,6,3,2,2,0
1566,4,2024,1,80,1,1,2,0,0,0,0,1,0,2,1,3,5,6,6,1,5,5,4,2,4,1,1,1,1
1567,4,2024,0,39,1,1,5,0,0,1,0,0,0,1,1,6,7,1,1,7,5,5,4,2,1,4,4,4,1
1568,4,2024,0,47,1,1,5,0,0,1,0,0,0,4,5,3,3,4,3,4,3,3,3,5,3,4,3,3,0
1569,4,2024,1,71,1,0,0,1,0,0,0,1,0,5,7,7,7,7,7,7,1,7,1,1,1,1,1,1,1
1570,4,2024,0,62,1,0,5,0,0,1,0,0,0,5,4,6,4,6,5,5,1,4,1,1,1,1,1,1,0
1571,4,2024,1,54,1,1,5,0,1,0,0,0,0,6,6,5,5,6,2,5,2,5,1,1,2,1,1,1,0
1572,4,2024,0,27,0,0,5,0,1,0,0,0,0,5,5,5,5,5,3,5,1,5,5,3,1,1,5,5,0
1573,4,2024,1,56,0,0,0,1,1,0,0,0,0,1,1,1,4,4,4,4,4,4,1,1,1,1,1,1,1
1574,4,2024,0,27,0,0,0,1,1,0,0,0,0,5,6,7,5,5,6,5,3,2,2,1,1,1,1,1,1
1575,4,2024,1,69,1,1,5,0,0,0,0,1,0,6,6,6,6,6,1,5,2,6,2,2,2,2,2,2,0
1576,4,2024,0,65,1,1,3,0,0,1,0,0,0,6,7,6,7,7,3,1,5,6,4,1,4,5,1,1,0
1577,4,2024,1,72,1,0,2,0,0,0,0,1,0,4,4,4,3,4,4,3,3,3,3,3,3,3,3,3,1
1578,4,2024,0,47,1,0,3,0,0,1,0,0,0,5,7,5,3,3,3,7,4,4,4,4,4,4,4,4,1
1579,4,2024,0,63,1,0,5,0,0,1,0,0,0,4,1,5,3,4,4,4,1,6,1,1,2,2,1,1,1
1580,4,2024,1,40,0,0,2,0,1,0,0,0,0,7,5,5,4,6,5,7,4,4,5,4,5,4,5,6,0
1581,4,2024,1,61,0,0,1,0,1,0,0,0,0,6,6,6,6,2,1,4,2,6,2,1,1,1,1,1,1
1582,4,2024,0,67,1,1,5,0,0,1,0,0,0,5,4,5,6,6,4,6,2,6,5,4,3,3,2,2,0
1583,4,2024,1,66,1,1,3,0,1,0,0,0,0,1,1,2,1,2,1,1,1,1,1,1,1,2,1,1,1
1584,4,2024,1,37,1,1,5,0,1,0,0,0,0,5,2,5,5,5,5,3,2,5,3,3,2,3,3,3,0
1585,4,2024,1,54,0,0,0,1,1,0,0,0,0,4,5,5,7,2,1,7,1,6,5,1,1,1,2,1,1
1586,4,2024,0,42,1,1,0,1,1,0,0,0,0,2,1,5,3,5,4,5,1,4,1,1,1,1,1,1,0
1587,4,2024,0,45,1,1,5,0,1,0,0,0,0,4,4,4,4,4,4,4,4,4,4,4,5,4,4,4,0
1588,4,2024,0,52,1,1,5,0,0,1,0,0,0,5,6,4,5,4,2,3,1,4,1,1,1,1,1,1,0
1589,4,2024,1,49,0,0,2,0,0,0,0,1,0,4,4,4,4,4,1,6,4,3,5,4,5,4,5,5,1
1590,4,2024,0,49,1,1,5,0,1,0,0,0,0,4,3,6,5,6,5,5,5,5,2,1,2,2,1,1,1
1591,4,2024,0,74,0,0,2,0,0,0,0,1,0,4,5,5,7,5,1,7,4,4,6,3,5,4,1,1,1
1592,4,2024,0,65,1,1,2,0,0,1,0,0,0,3,3,3,5,3,4,4,4,5,4,4,4,3,4,3,1
1593,4,2024,0,53,0,1,2,0,1,0,0,0,0,1,1,5,5,5,1,7,1,2,1,1,1,1,1,1,1
1594,4,2024,0,36,0,0,2,0,1,0,0,0,0,6,1,3,4,6,2,3,4,4,4,4,4,4,4,4,0
1595,4,2024,0,64,1,0,0,1,0,1,0,0,0,4,4,6,7,4,1,3,1,5,1,1,2,1,1,1,1
1596,4,2024,1,74,0,0,4,0,0,0,0,1,0,4,2,4,5,5,5,5,4,4,5,4,5,4,4,4,1
1597,4,2024,1,48,1,1,5,0,1,0,0,0,0,5,4,4,7,7,1,7,1,7,1,1,1,1,1,1,1
1598,4,2024,1,49,1,1,3,0,1,0,0,0,0,4,4,4,4,4,4,4,4,4,4,2,4,4,4,4,1
1599,4,2024,1,65,1,1,0,1,1,0,0,0,0,1,1,1,5,3,1,5,4,4,5,4,5,4,4,6,1
1600,4,2024,1,53,0,0,3,0,1,0,0,0,0,3,2,3,2,3,2,3,4,3,4,4,5,4,4,4,1
1601,4,2024,0,52,0,1,2,0,1,0,0,0,0,3,1,4,5,1,1,7,5,3,4,2,4,5,1,1,1
1602,4,2024,1,70,0,0,2,0,0,0,0,1,0,5,5,5,7,5,5,5,2,5,6,3,3,1,1,1,0
1603,4,2024,0,36,1,1,5,0,1,0,0,0,0,4,3,6,5,5,5,5,3,3,3,3,5,4,3,2,1
1604,4,2024,0,54,1,1,1,0,0,1,0,0,0,1,1,1,1,1,1,1,1,1,1,1,1,1,1,1,1
1605,4,2024,0,60,0,0,3,0,1,0,0,0,0,1,4,5,6,6,1,4,4,4,1,1,4,3,1,1,1
1606,4,2024,1,56,1,0,3,0,1,0,0,0,0,5,5,4,6,5,2,2,2,5,2,2,2,2,2,2,1
1607,4,2024,1,69,1,1,2,0,0,0,0,1,0,4,5,6,6,6,3,5,1,6,1,1,1,1,1,1,0
1608,4,2024,0,64,1,1,3,0,1,0,0,0,0,4,2,5,5,5,2,4,5,4,4,4,4,4,5,4,0
1609,4,2024,0,48,1,1,0,1,1,0,0,0,0,5,5,4,2,6,1,5,4,5,3,1,4,5,1,2,1
1610,4,2024,0,37,0,0,0,1,1,0,0,0,0,6,6,6,5,6,2,5,4,3,4,4,4,4,2,2,0
1611,4,2024,0,37,0,0,1,0,0,0,0,1,0,7,1,1,7,7,1,7,1,1,7,1,7,1,1,4,1
1612,4,2024,0,24,0,0,0,1,1,0,0,0,0,4,4,4,4,4,4,4,4,4,4,4,4,4,4,4,1
1613,4,2024,1,50,1,1,0,1,1,0,0,0,0,4,4,6,4,4,4,4,4,4,4,4,4,4,4,4,0
1614,4,2024,0,51,0,1,2,0,1,0,0,0,0,5,5,5,3,5,1,6,5,6,3,2,3,1,1,1,0
1615,4,2024,0,44,1,1,4,0,0,1,0,0,0,1,1,4,6,1,1,5,6,3,1,1,4,3,1,1,1
1616,4,2024,1,52,1,1,3,0,1,0,0,0,0,5,5,1,7,1,1,1,7,1,5,1,5,6,1,1,1
1617,4,2024,1,62,1,1,0,1,1,0,0,0,0,6,4,4,6,7,1,6,1,4,1,1,4,1,1,1,1
1618,4,2024,0,48,1,0,4,0,1,0,0,0,0,4,4,4,4,4,4,4,4,4,4,4,2,4,4,1,1
1619,4,2024,1,45,0,0,0,1,1,0,0,0,0,2,2,3,5,2,2,4,4,2,4,4,6,4,3,4,1
1620,4,2024,1,63,0,1,2,0,1,0,0,0,0,6,7,6,4,7,7,7,1,5,4,4,6,1,4,4,0
1621,4,2024,0,76,0,0,1,0,0,0,0,1,0,6,6,6,6,6,6,4,2,6,2,2,4,2,2,2,1
1622,4,2024,0,61,0,0,3,0,1,0,0,0,0,3,3,4,4,4,4,4,5,3,5,5,5,5,5,5,0
1623,4,2024,1,70,1,1,5,0,0,0,0,0,1,4,3,3,6,7,1,1,5,4,1,1,1,1,1,1,0
1624,4,2024,1,72,1,1,5,0,1,0,0,0,0,5,4,5,4,5,4,4,4,4,5,4,5,4,4,4,0
1625,4,2024,0,39,0,0,0,1,1,0,0,0,0,7,1,5,4,6,5,7,2,4,1,1,7,1,1,1,1
1626,4,2024,1,55,0,1,2,0,1,0,0,0,0,4,5,4,3,5,1,6,4,4,1,1,5,1,1,1,1
1627,4,2024,1,52,0,0,1,0,1,0,0,0,0,5,6,5,1,1,2,4,7,1,1,1,7,4,1,3,1
1628,4,2024,0,51,0,0,5,0,1,0,0,0,0,4,6,6,6,6,4,6,4,6,1,1,4,1,1,4,1
1629,4,2024,0,50,1,1,5,0,1,0,0,0,0,5,1,3,7,7,5,1,1,1,1,1,5,1,1,1,0
1630,4,2024,1,58,1,0,5,0,1,0,0,0,0,6,6,6,5,5,1,5,4,5,1,1,1,4,1,7,1
1631,4,2024,0,46,1,0,4,0,1,0,0,0,0,2,5,5,5,5,1,4,2,5,4,2,1,1,1,1,1
1632,4,2024,1,63,1,1,5,0,1,0,0,0,0,5,3,6,6,3,2,7,5,4,5,4,5,3,4,5,0
1633,4,2024,0,43,0,0,2,0,1,0,0,0,0,7,7,5,6,2,2,3,2,4,3,2,2,1,1,3,1
1634,4,2024,1,56,1,0,3,0,1,0,0,0,0,2,1,4,1,3,2,2,2,2,1,2,3,1,2,1,0
1635,4,2024,1,44,1,1,4,0,1,0,0,0,0,3,6,6,5,4,4,2,5,5,2,1,1,1,1,1,0
1636,4,2024,1,38,1,1,4,0,1,0,0,0,0,1,1,1,1,1,1,1,1,1,1,1,1,3,1,1,1
1637,4,2024,0,45,1,1,2,0,0,1,0,0,0,5,1,5,4,5,5,5,4,4,4,5,5,4,4,4,0
1638,4,2024,1,49,1,0,4,0,1,0,0,0,0,5,6,2,5,6,1,1,1,5,2,1,2,1,1,1,1
1639,4,2024,0,61,0,0,0,1,0,0,0,1,0,7,4,7,4,7,2,5,4,4,6,1,5,5,1,6,1
1640,4,2024,0,42,1,0,3,0,0,1,0,0,0,4,4,5,5,4,1,6,5,4,7,2,5,3,4,4,1
1641,4,2024,1,58,0,0,2,0,1,0,0,0,0,3,3,4,5,4,1,7,4,3,6,4,7,4,4,7,1
1642,4,2024,0,51,1,0,2,0,1,0,0,0,0,4,2,5,5,5,4,3,4,5,3,1,4,4,2,2,0
1643,4,2024,0,59,1,1,0,1,0,1,0,0,0,4,4,6,6,6,3,6,4,5,3,1,4,3,1,1,0
1644,4,2024,1,58,1,1,5,0,1,0,0,0,0,5,5,5,3,5,5,6,4,5,4,4,4,4,3,3,1
1645,4,2024,1,43,1,1,3,0,1,0,0,0,0,4,4,4,4,4,4,4,4,4,4,4,4,4,4,5,1
1646,4,2024,1,70,1,1,0,1,1,0,0,0,0,3,4,3,2,3,5,6,4,5,5,4,6,3,4,2,1
1647,4,2024,0,38,1,1,4,0,1,0,0,0,0,3,3,3,3,3,4,3,3,3,3,3,3,3,3,3,1
1648,4,2024,0,37,0,0,2,0,1,0,0,0,0,1,1,4,7,1,1,7,5,1,5,1,4,1,1,1,1
1649,4,2024,0,54,0,1,2,0,1,0,0,0,0,5,5,5,4,5,5,5,4,5,4,4,5,5,4,4,0
1650,4,2024,1,57,0,1,5,0,1,0,0,0,0,4,3,3,5,5,1,5,5,4,3,3,4,4,1,1,1
1651,4,2024,1,72,1,1,2,0,0,0,0,1,0,1,1,1,7,6,5,7,1,5,6,1,6,1,3,5,1
1652,4,2024,0,70,1,1,3,0,0,1,0,0,0,6,6,6,7,6,3,5,1,5,1,1,2,1,1,1,1
1653,4,2024,1,63,1,1,5,0,1,0,0,0,0,6,6,6,6,6,1,1,1,6,1,1,1,1,1,1,1
1654,4,2024,1,84,1,1,3,0,0,0,0,1,0,5,5,4,6,4,1,6,1,6,1,1,1,1,1,1,0
1655,4,2024,0,58,0,1,2,0,1,0,0,0,0,6,5,4,5,4,1,5,4,4,4,4,3,4,4,4,1
1656,4,2024,1,72,1,1,5,0,0,0,0,1,0,1,3,3,5,5,1,5,1,4,4,1,4,3,1,1,0
1657,4,2024,1,77,1,1,4,0,0,0,0,1,0,5,2,3,5,4,5,2,2,4,1,1,4,2,1,1,1
1658,4,2024,1,78,0,0,2,0,0,0,0,1,0,5,5,5,2,1,1,1,1,1,1,1,1,1,1,1,1
1659,4,2024,0,78,0,1,2,0,0,0,0,1,0,4,6,7,7,7,7,7,2,7,5,2,1,4,1,1,1
1660,4,2024,1,73,1,1,0,1,1,0,0,0,0,2,2,2,6,4,3,4,3,6,3,3,5,2,3,5,0
1661,4,2024,0,59,1,1,0,1,0,1,0,0,0,5,5,5,5,5,1,7,5,4,4,1,1,1,3,1,0
1662,4,2024,0,62,1,0,4,0,0,0,0,0,1,6,1,5,5,2,1,5,2,4,3,1,2,2,1,1,1
1663,4,2024,1,79,1,1,0,1,0,0,0,1,0,5,3,4,6,6,1,7,4,6,1,1,6,1,1,1,1
1664,4,2024,1,68,1,1,0,1,1,0,0,0,0,5,2,3,6,5,3,7,1,5,1,1,3,2,1,1,0
1665,4,2024,1,64,1,1,5,0,0,0,0,1,0,7,7,7,7,7,1,7,1,7,1,1,1,1,1,1,1
1666,4,2024,1,50,1,1,5,0,1,0,0,0,0,5,5,5,5,3,4,6,3,5,4,2,2,2,3,2,1
1667,4,2024,0,74,1,1,2,0,1,0,0,0,0,6,6,6,5,6,1,1,1,5,1,1,5,1,1,1,1
1668,4,2024,0,54,1,1,5,0,0,1,0,0,0,5,5,5,5,5,1,6,4,3,4,1,4,4,1,5,1
1669,4,2024,0,50,0,1,0,1,1,0,0,0,0,1,5,4,5,5,5,5,4,4,1,1,4,1,1,1,0
1670,4,2024,0,52,1,0,0,1,0,1,0,0,0,6,5,6,6,2,2,6,3,4,4,2,4,2,5,2,1
1671,4,2024,1,66,1,1,0,1,1,0,0,0,0,1,2,7,7,6,1,7,1,7,4,1,1,1,1,1,1
1672,4,2024,0,49,0,0,0,1,1,0,0,0,0,4,5,6,4,5,5,6,5,4,1,1,1,1,1,1,0
1673,4,2024,0,45,0,0,2,0,1,0,0,0,0,4,2,3,5,4,7,1,3,6,3,2,7,3,5,4,1
1674,4,2024,1,77,1,1,1,0,0,0,0,1,0,4,4,4,4,4,4,4,4,4,4,4,4,4,4,4,1
1675,4,2024,0,41,0,0,0,1,1,0,0,0,0,5,5,3,7,4,4,5,1,4,1,1,2,1,1,1,1
1676,4,2024,1,73,1,1,5,0,1,0,0,0,0,6,6,6,5,6,2,6,1,5,1,1,5,1,1,1,0
1677,4,2024,1,64,1,1,5,0,1,0,0,0,0,3,1,1,6,5,4,7,1,5,1,1,2,2,1,1,1
1678,4,2024,1,49,1,1,3,0,1,0,0,0,0,6,5,4,2,6,4,5,2,5,4,4,4,2,4,2,0
1679,4,2024,1,70,1,1,2,0,1,0,0,0,0,4,3,3,3,4,5,3,3,3,3,4,3,4,4,4,0
1680,4,2024,1,62,1,1,3,0,1,0,0,0,0,5,6,4,6,6,1,2,2,5,2,1,4,1,1,1,1
1681,4,2024,1,61,0,0,2,0,1,0,0,0,0,6,6,7,6,6,5,6,5,6,3,2,4,4,1,1,1
1682,4,2024,1,61,1,0,3,0,1,0,0,0,0,7,4,6,7,1,1,2,1,5,1,1,4,1,1,1,1
1683,4,2024,1,47,1,1,0,1,1,0,0,0,0,4,4,4,4,4,4,4,4,4,3,4,4,4,4,4,1
1684,4,2024,0,36,1,1,3,0,1,0,0,0,0,4,4,4,4,4,4,3,4,4,4,4,4,4,4,4,1
1685,4,2024,0,33,0,0,3,0,1,0,0,0,0,4,5,5,5,4,5,5,5,5,5,5,5,3,4,4,0
1686,4,2024,1,53,1,1,5,0,1,0,0,0,0,6,5,5,6,6,5,1,4,6,1,1,4,4,1,2,1
1687,4,2024,0,50,0,0,2,0,1,0,0,0,0,4,4,4,3,5,5,6,4,4,4,3,4,3,3,3,1
1688,4,2024,1,60,1,0,2,0,1,0,0,0,0,7,6,6,7,7,2,1,1,7,1,1,2,1,1,1,1
1689,4,2024,0,48,1,1,0,1,1,0,0,0,0,1,2,1,7,5,3,3,4,6,1,1,2,1,1,2,1
1690,4,2024,0,57,0,0,0,1,1,0,0,0,0,1,1,3,1,2,1,5,5,4,4,4,1,5,4,6,1
1691,4,2024,1,44,1,0,3,0,1,0,0,0,0,3,3,3,5,3,2,5,4,1,4,4,5,4,4,4,1
1692,4,2024,1,36,1,1,3,0,1,0,0,0,0,4,7,7,7,7,1,7,7,7,5,1,7,7,1,5,1
1693,4,2024,1,67,1,1,5,0,1,0,0,0,0,5,7,4,7,7,6,4,1,6,1,1,5,2,1,1,1
1694,4,2024,1,64,1,1,0,1,1,0,0,0,0,7,7,7,1,7,7,7,1,7,1,1,7,1,1,1,0
1695,4,2024,1,56,1,1,3,0,1,0,0,0,0,5,5,4,5,5,4,6,5,6,5,3,2,2,3,3,1
1696,4,2024,0,39,0,0,3,0,1,0,0,0,0,7,6,4,5,2,5,5,2,4,4,4,4,4,4,4,0
1697,4,2024,0,29,0,0,2,0,1,0,0,0,0,5,4,4,2,6,6,5,1,6,2,1,3,2,1,1,0
1698,4,2024,0,72,0,1,0,1,0,1,0,0,0,3,5,5,5,3,3,3,1,4,1,1,1,1,1,1,1
1699,4,2024,1,73,1,1,4,0,1,0,0,0,0,5,1,1,2,5,1,5,1,4,1,1,3,1,1,1,1
1700,4,2024,0,51,0,0,1,0,0,0,0,1,0,1,1,2,3,1,1,4,5,2,4,3,7,4,3,3,1
1701,4,2024,1,51,0,0,1,0,1,0,0,0,0,2,2,5,5,1,1,5,6,2,4,4,4,1,1,1,1
1702,4,2024,1,65,0,0,2,0,1,0,0,0,0,4,4,4,4,5,4,4,4,4,4,4,4,4,4,4,1
1703,4,2024,1,82,1,1,2,0,0,0,0,1,0,7,7,7,7,6,6,7,1,7,1,1,2,1,1,1,0
1704,4,2024,1,50,1,1,4,0,1,0,0,0,0,2,5,3,4,5,4,3,3,2,4,5,5,4,3,4,0
1705,4,2024,1,75,1,1,2,0,0,0,0,1,0,5,6,6,6,5,2,5,2,6,5,2,4,2,2,1,0
1706,4,2024,1,53,1,1,2,0,1,0,0,0,0,2,3,3,3,2,2,3,3,4,3,3,6,4,3,4,1
1707,4,2024,1,64,1,1,5,0,1,0,0,0,0,6,7,4,7,7,4,6,1,7,4,1,4,1,1,1,0
1708,4,2024,1,59,1,1,2,0,1,0,0,0,0,2,2,3,5,1,1,4,1,4,1,1,4,1,1,1,1
1709,4,2024,0,35,0,0,2,0,1,0,0,0,0,3,3,5,1,4,1,1,1,3,1,1,1,1,2,1,1
1710,4,2024,1,58,0,1,2,0,1,0,0,0,0,6,7,5,7,2,1,6,5,2,2,1,4,4,1,1,1
1711,4,2024,1,73,1,1,2,0,0,0,0,1,0,6,6,5,7,5,5,7,2,6,2,1,3,2,2,2,1
1712,4,2024,1,74,1,0,1,0,1,0,0,0,0,2,4,3,5,2,1,5,1,3,1,1,6,1,1,1,1
1713,4,2024,1,44,1,1,3,0,1,0,0,0,0,6,6,6,3,6,3,6,5,4,5,2,4,2,2,2,0
1714,4,2024,1,72,1,1,5,0,1,0,0,0,0,6,6,5,6,5,2,6,2,7,2,1,5,2,1,1,0
1715,4,2024,1,52,1,1,0,1,1,0,0,0,0,3,3,5,4,4,3,3,3,4,3,3,3,3,2,3,1
1716,4,2024,0,39,0,0,3,0,1,0,0,0,0,4,7,5,4,7,6,2,1,5,1,1,1,1,1,1,1
1717,4,2024,0,33,1,1,4,0,0,1,0,0,0,1,1,1,1,6,5,1,1,5,1,1,1,1,1,1,1
1718,4,2024,1,63,1,1,4,0,1,0,0,0,0,4,5,5,5,2,6,6,2,5,5,2,5,3,5,5,1
1719,4,2024,1,61,0,0,2,0,1,0,0,0,0,6,4,4,6,5,1,4,2,4,1,1,5,1,1,1,0
1720,4,2024,1,49,1,1,5,0,1,0,0,0,0,5,6,4,4,5,2,3,4,4,4,4,6,4,5,5,1
1721,4,2024,0,70,1,1,3,0,0,1,0,0,0,6,2,6,4,6,2,4,4,4,4,4,4,4,4,4,0
1722,4,2024,1,44,1,1,4,0,1,0,0,0,0,2,5,5,1,3,1,5,7,1,4,1,5,6,1,1,1
1723,4,2024,0,53,1,1,0,1,1,0,0,0,0,3,3,3,3,3,3,5,4,4,4,4,7,4,4,4,0
1724,4,2024,0,49,1,0,4,0,0,1,0,0,0,4,4,5,6,6,1,1,1,4,2,1,1,1,1,1,1
1725,4,2024,1,57,0,1,3,0,1,0,0,0,0,4,4,4,5,4,4,4,4,4,4,4,4,4,4,4,1
1726,4,2024,0,71,1,1,3,0,0,1,0,0,0,5,5,6,5,5,4,5,3,5,6,4,3,3,3,3,0
1727,4,2024,0,65,1,1,0,1,0,1,0,0,0,5,6,5,5,5,5,6,2,4,5,2,2,1,5,1,0
1728,4,2024,1,50,1,1,5,0,1,0,0,0,0,2,5,5,4,5,1,1,2,4,2,2,5,2,2,5,1
1729,4,2024,1,79,1,1,5,0,0,0,0,1,0,6,6,6,6,5,5,6,4,6,5,5,3,2,4,4,0
1730,4,2024,1,41,0,0,2,0,1,0,0,0,0,5,3,2,1,5,5,1,2,4,1,1,1,1,1,1,1
1731,4,2024,1,77,0,1,2,0,0,0,0,1,0,4,5,5,1,1,1,1,1,1,1,1,1,1,1,1,1
1732,4,2024,0,44,1,0,3,0,1,0,0,0,0,5,6,6,3,6,6,2,2,6,1,1,2,2,1,1,0
1733,4,2024,0,49,1,1,5,0,1,0,0,0,0,4,2,1,6,3,1,3,4,2,3,1,5,2,1,1,1
1734,4,2024,1,44,1,1,5,0,1,0,0,0,0,4,4,4,4,4,4,4,4,4,4,4,4,4,4,4,1
1735,4,2024,1,68,1,1,3,0,1,0,0,0,0,3,5,6,3,2,1,5,3,4,3,1,4,4,1,1,1
1736,4,2024,0,70,1,1,3,0,1,0,0,0,0,6,7,6,7,6,4,7,2,5,1,1,6,4,3,3,0
1737,4,2024,1,63,1,1,5,0,1,0,0,0,0,3,5,3,1,4,4,1,1,6,1,1,4,1,1,1,0
1738,4,2024,0,47,0,0,2,0,1,0,0,0,0,3,5,5,1,3,3,5,1,1,1,1,1,1,1,1,1
1739,4,2024,1,36,0,0,0,1,1,0,0,0,0,7,5,4,4,5,4,7,2,4,4,4,7,3,4,1,0
1740,4,2024,1,54,1,1,4,0,1,0,0,0,0,4,5,4,4,4,4,4,3,4,3,3,1,3,3,3,1
1741,4,2024,0,38,1,1,2,0,0,1,0,0,0,2,4,4,4,3,3,3,3,3,2,4,4,4,4,4,1
1742,4,2024,1,68,1,1,4,0,0,1,0,0,0,4,5,4,5,5,4,5,3,5,3,3,3,3,3,3,0
1743,4,2024,1,66,0,1,2,0,0,0,0,1,0,4,4,5,7,5,1,7,1,4,5,3,4,1,5,5,1
1744,4,2024,1,73,0,1,2,0,1,0,0,0,0,4,4,4,4,4,4,5,4,4,4,4,4,4,4,4,0
1745,4,2024,0,41,1,1,2,0,1,0,0,0,0,4,1,6,7,6,1,5,2,3,1,1,3,1,1,2,1
1746,4,2024,0,47,0,0,3,0,1,0,0,0,0,4,6,6,6,4,4,6,4,4,4,1,5,4,3,3,1
1747,4,2024,0,50,1,0,2,0,0,1,0,0,0,5,1,5,6,5,1,7,1,5,1,1,4,3,1,1,1
1748,4,2024,0,51,1,1,0,1,1,0,0,0,0,5,6,5,5,5,1,5,2,5,1,1,1,1,1,1,0
1749,4,2024,0,48,1,1,4,0,0,1,0,0,0,4,7,4,5,5,5,5,1,4,2,1,3,1,1,1,0
1750,4,2024,0,43,0,0,5,0,1,0,0,0,0,3,2,4,6,4,5,4,4,5,5,5,5,5,5,3,1
1751,4,2024,0,45,1,0,0,1,1,0,0,0,0,4,4,5,5,2,1,7,4,4,5,1,5,6,1,6,1
1752,4,2024,0,37,0,0,2,0,1,0,0,0,0,5,5,5,3,4,4,4,4,3,4,4,3,3,4,4,1
1753,4,2024,0,55,0,1,0,1,1,0,0,0,0,2,3,4,3,4,3,3,5,4,3,4,4,3,3,4,1
1754,4,2024,0,67,1,1,2,0,0,1,0,0,0,6,7,7,7,6,5,7,5,3,2,1,2,1,1,1,0
1755,4,2024,1,74,1,1,4,0,0,0,0,1,0,5,1,5,5,2,2,2,2,5,2,2,2,2,2,2,1
1756,4,2024,1,72,1,1,3,0,0,0,0,1,0,6,3,6,3,5,2,2,2,4,1,1,3,2,1,1,0
1757,4,2024,0,39,1,1,1,0,0,1,0,0,0,1,1,1,7,7,7,7,7,7,1,1,1,1,1,1,1
1758,4,2024,0,54,1,1,5,0,1,0,0,0,0,6,6,6,7,6,5,5,1,5,1,1,1,1,1,1,0
1759,4,2024,0,70,1,1,0,1,1,0,0,0,0,4,4,4,4,5,4,4,4,4,4,4,4,4,4,4,0
1760,4,2024,0,35,0,0,2,0,1,0,0,0,0,1,1,2,6,1,1,5,1,1,1,1,1,1,1,1,1
1761,4,2024,0,64,0,0,0,1,0,0,0,1,0,4,4,6,4,4,4,4,4,4,4,4,4,4,4,4,1
1762,4,2024,0,48,0,0,2,0,1,0,0,0,0,1,1,2,4,1,1,1,6,1,3,1,7,4,3,2,1
1763,4,2024,1,29,0,0,2,0,1,0,0,0,0,3,3,4,3,3,3,3,3,3,3,4,3,3,3,4,1
1764,4,2024,0,30,0,0,0,1,1,0,0,0,0,2,2,5,5,5,1,5,4,4,3,1,3,3,2,2,1
1765,4,2024,0,34,1,1,3,0,0,1,0,0,0,1,1,7,7,1,1,1,7,5,4,4,4,4,4,4,0
1766,4,2024,1,34,1,0,5,0,1,0,0,0,0,5,6,6,7,7,6,7,4,6,3,1,2,2,3,3,0
1767,4,2024,0,53,1,1,5,0,1,0,0,0,0,5,4,5,4,5,4,5,4,4,4,4,4,4,4,4,0
1768,4,2024,1,47,1,0,4,0,1,0,0,0,0,3,2,3,4,2,1,6,4,4,3,4,4,3,1,1,1
1769,4,2024,0,45,1,1,5,0,1,0,0,0,0,1,2,2,2,1,2,1,1,2,1,2,2,2,2,1,1
1770,4,2024,0,38,1,1,0,1,1,0,0,0,0,5,6,6,7,4,4,7,3,4,2,2,5,2,2,2,0
1771,4,2024,1,52,0,0,4,0,1,0,0,0,0,4,4,4,4,4,4,4,4,4,4,4,4,4,4,4,1
1772,4,2024,1,59,1,1,4,0,1,0,0,0,0,5,3,4,4,4,5,4,4,5,4,4,4,5,4,5,1
1773,4,2024,1,48,1,1,5,0,1,0,0,0,0,5,6,5,5,5,1,6,1,5,1,1,1,1,1,1,1
1774,4,2024,1,73,1,1,3,0,1,0,0,0,0,6,6,6,6,6,6,6,2,6,2,2,5,2,2,2,0
1775,4,2024,0,37,1,1,0,1,0,1,0,0,0,2,2,2,3,3,2,5,6,3,6,5,6,4,5,5,1
1776,4,2024,1,29,0,0,3,0,1,0,0,0,0,4,3,5,5,4,4,5,4,4,4,4,4,4,4,4,1
1777,4,2024,0,59,1,1,5,0,0,1,0,0,0,2,2,2,1,2,1,1,1,1,1,1,1,2,1,5,0
1778,4,2024,0,59,1,1,0,1,0,1,0,0,0,4,3,3,4,3,3,4,4,3,4,4,4,3,4,3,1
1779,4,2024,1,58,0,0,5,0,1,0,0,0,0,2,3,5,7,5,2,6,1,6,1,1,1,1,1,1,0
1780,4,2024,1,69,0,0,2,0,1,0,0,0,0,1,5,2,4,4,1,6,2,3,2,1,5,3,1,1,1
1781,4,2024,0,61,1,0,4,0,1,0,0,0,0,6,6,5,7,5,5,5,1,5,1,1,4,1,3,1,0
1782,4,2024,0,45,0,0,2,0,1,0,0,0,0,6,6,4,4,4,4,4,4,4,4,4,4,4,4,4,1
1783,4,2024,0,33,0,0,2,0,1,0,0,0,0,3,2,5,4,5,4,5,5,5,5,1,5,3,1,1,0
1784,4,2024,0,32,1,0,3,0,0,1,0,0,0,4,4,4,4,4,4,4,4,4,4,4,1,4,4,4,1
1785,4,2024,1,67,0,1,1,0,0,0,0,1,0,1,1,1,2,1,1,1,4,2,2,4,4,4,1,1,1
1786,4,2024,0,68,0,1,2,0,0,0,0,1,0,2,6,5,6,5,1,6,4,4,4,2,6,4,2,2,0
1787,4,2024,0,48,1,0,2,0,1,0,0,0,0,1,1,5,6,4,4,5,4,4,4,1,6,1,2,1,0
1788,4,2024,1,70,1,1,4,0,0,0,0,1,0,6,6,4,5,6,6,2,1,6,1,1,2,1,1,1,0
1789,4,2024,1,62,1,1,5,0,1,0,0,0,0,4,5,4,2,4,1,1,1,4,1,1,1,1,1,1,0
1790,4,2024,1,47,1,1,4,0,1,0,0,0,0,5,6,6,6,6,1,6,2,5,2,1,3,2,1,1,1
1791,4,2024,0,45,1,1,3,0,1,0,0,0,0,4,4,4,6,5,2,4,6,5,4,2,4,4,1,3,0
1792,4,2024,1,52,0,0,0,1,1,0,0,0,0,4,2,3,2,4,3,6,5,2,4,4,6,5,4,4,1
1793,4,2024,0,56,0,1,3,0,1,0,0,0,0,3,1,3,1,6,3,1,1,3,1,1,1,1,1,1,1
1794,4,2024,1,62,1,1,2,0,0,0,0,1,0,5,5,5,5,5,2,3,1,4,3,1,5,2,1,1,1
1795,4,2024,1,49,1,1,5,0,1,0,0,0,0,5,1,4,7,1,1,1,1,4,1,1,1,1,1,1,0
1796,4,2024,1,33,1,1,5,0,1,0,0,0,0,3,4,4,3,4,3,3,4,4,3,4,4,3,3,4,0
1797,4,2024,1,41,0,0,3,0,1,0,0,0,0,3,4,3,4,3,3,3,5,3,4,3,5,4,4,4,1
1798,4,2024,0,70,0,0,1,0,0,1,0,0,0,4,4,4,5,4,4,4,3,4,4,4,6,4,4,5,1
1799,4,2024,0,53,0,0,1,0,0,0,0,1,0,6,2,6,5,5,1,5,1,4,1,1,2,1,1,1,1
1800,4,2024,1,65,1,1,1,0,0,0,0,1,0,1,1,1,1,1,1,1,1,1,1,1,1,1,1,1,1
1801,4,2024,0,65,1,0,4,0,1,0,0,0,0,5,5,6,6,6,3,3,4,5,5,4,4,3,3,3,1
1802,4,2024,1,42,0,0,3,0,1,0,0,0,0,6,1,5,6,1,1,7,7,1,7,1,4,4,1,1,1
1803,4,2024,1,63,1,1,5,0,1,0,0,0,0,2,1,2,5,4,1,5,1,5,2,2,4,1,2,2,0
1804,4,2024,1,60,1,1,5,0,1,0,0,0,0,6,6,5,6,6,1,7,2,5,2,1,2,2,1,1,1
1805,4,2024,0,47,1,1,2,0,0,1,0,0,0,7,7,7,7,1,1,7,4,4,4,1,7,4,1,4,1
1806,4,2024,0,64,1,1,3,0,0,1,0,0,0,3,6,5,2,5,2,2,2,4,2,2,3,2,2,2,0
1807,4,2024,1,54,1,1,4,0,1,0,0,0,0,4,5,4,4,5,4,3,3,4,4,5,5,4,5,4,0
1808,4,2024,1,58,1,1,3,0,1,0,0,0,0,1,1,5,1,5,2,5,5,4,2,2,3,2,2,3,1
1809,4,2024,1,61,0,0,4,0,1,0,0,0,0,1,1,1,1,1,1,4,5,5,4,2,7,5,3,4,1
1810,4,2024,0,51,1,1,4,0,0,1,0,0,0,4,4,4,4,4,4,4,4,4,4,4,4,4,4,4,1
1811,4,2024,0,71,1,0,2,0,0,1,0,0,0,5,4,6,5,4,5,6,3,4,4,2,4,4,4,4,1
1812,4,2024,0,55,0,1,0,1,1,0,0,0,0,3,1,2,5,1,1,7,6,4,4,4,6,6,4,4,1
1813,4,2024,0,51,0,0,3,0,1,0,0,0,0,5,5,6,5,5,2,5,2,5,2,2,2,2,2,2,1
1814,4,2024,1,51,0,0,2,0,1,0,0,0,0,4,4,4,4,4,4,4,4,4,4,4,4,4,4,4,1
1815,4,2024,1,47,1,1,5,0,1,0,0,0,0,4,5,4,5,5,2,3,2,4,1,1,3,2,1,1,0
1816,4,2024,1,51,0,0,0,1,1,0,0,0,0,4,1,1,7,1,1,4,6,1,4,1,4,4,1,1,1
1817,4,2024,0,75,0,1,1,0,0,0,0,1,0,1,1,5,1,1,1,4,1,1,1,1,1,1,1,1,1
1818,4,2024,1,56,0,0,1,0,0,0,0,1,0,5,1,2,5,1,1,7,1,4,1,1,2,1,1,1,1
1819,4,2024,0,68,1,1,2,0,0,0,0,1,0,5,4,4,6,5,1,1,1,4,1,1,4,4,1,1,1
1820,4,2024,1,55,1,1,2,0,1,0,0,0,0,6,6,6,7,5,1,6,3,5,4,1,7,3,1,1,1
1821,4,2024,1,59,1,1,5,0,1,0,0,0,0,4,5,5,6,2,2,6,1,5,5,2,2,2,5,2,0
1822,4,2024,1,35,1,1,4,0,1,0,0,0,0,4,4,4,4,6,4,4,2,5,1,2,2,2,2,1,1
1823,4,2024,0,70,1,1,2,0,0,1,0,0,0,1,4,4,6,1,6,6,3,3,2,1,6,3,1,1,1
1824,4,2024,1,53,1,0,2,0,1,0,0,0,0,4,4,4,4,4,4,4,4,4,4,4,4,4,4,4,1
1825,4,2024,1,76,0,0,5,0,1,0,0,0,0,6,6,6,7,6,6,7,1,6,1,1,1,1,1,1,0
1826,4,2024,1,53,0,1,2,0,1,0,0,0,0,2,1,1,5,2,2,6,6,1,4,2,7,5,3,6,1
1827,4,2024,1,57,0,0,2,0,1,0,0,0,0,6,6,4,1,7,1,7,2,4,1,1,6,1,1,1,1
1828,4,2024,0,66,1,1,2,0,0,1,0,0,0,5,1,6,6,7,5,1,1,5,1,1,4,1,1,1,1
1829,4,2024,0,43,0,0,0,1,1,0,0,0,0,3,5,5,4,6,1,1,2,4,2,1,2,2,1,1,1
1830,4,2024,1,71,0,1,5,0,0,0,0,1,0,2,5,4,2,4,1,6,5,4,5,4,7,5,4,4,0
1831,4,2024,1,51,0,0,1,0,1,0,0,0,0,4,4,4,3,4,3,4,4,4,4,3,4,4,4,4,1
1832,4,2024,1,74,1,1,3,0,1,0,0,0,0,7,7,7,7,7,7,7,7,7,7,7,7,7,7,7,0
1833,4,2024,1,56,0,0,1,0,0,0,0,1,0,1,4,5,5,5,1,7,5,4,2,1,7,5,1,4,1
1834,4,2024,0,28,1,1,0,1,1,0,0,0,0,4,4,4,3,4,4,4,3,3,3,3,3,3,3,3,1
1835,4,2024,1,52,1,1,4,0,1,0,0,0,0,4,4,3,4,7,1,1,4,4,4,4,4,4,4,2,0
1836,4,2024,0,39,0,0,5,0,1,0,0,0,0,7,5,5,5,7,1,1,1,5,3,1,1,1,1,1,1
1837,4,2024,1,60,1,1,5,0,1,0,0,0,0,5,5,4,6,6,5,6,1,6,1,1,2,1,1,1,0
1838,4,2024,1,53,1,1,3,0,1,0,0,0,0,4,4,4,4,3,4,4,4,4,4,4,4,4,4,4,0
1839,4,2024,1,51,1,1,5,0,1,0,0,0,0,6,5,5,3,4,1,4,3,4,1,1,2,3,1,1,1
1840,4,2024,0,52,0,0,1,0,1,0,0,0,0,2,2,1,1,1,2,2,2,1,2,2,2,2,2,1,1
1841,4,2024,0,38,1,1,0,1,0,1,0,0,0,2,4,4,6,7,4,4,2,4,1,1,4,3,4,4,0
1842,4,2024,1,40,0,0,2,0,0,0,0,1,0,2,5,4,6,2,1,4,4,2,2,2,4,4,2,2,1
1843,4,2024,1,26,0,0,2,0,1,0,0,0,0,4,4,4,4,4,4,6,4,4,2,2,1,4,3,4,0
1844,4,2024,0,40,0,0,0,1,1,0,0,0,0,4,4,4,4,4,4,4,4,4,4,4,4,4,4,4,0
1845,4,2024,0,33,1,1,4,0,1,0,0,0,0,6,6,5,5,6,6,6,3,4,1,1,3,1,1,1,0
1846,4,2024,0,48,1,0,4,0,1,0,0,0,0,6,1,3,5,5,1,2,4,2,4,4,4,4,4,4,1
1847,4,2024,0,30,0,0,3,0,1,0,0,0,0,5,5,5,5,5,5,5,4,3,4,4,4,4,4,4,1
1848,4,2024,1,62,0,1,4,0,0,0,0,0,1,4,4,4,4,4,4,4,4,4,4,4,4,4,4,4,1
1849,4,2024,0,55,0,0,2,0,1,0,0,0,0,6,5,5,7,6,1,7,1,7,5,2,1,1,2,2,0
1850,4,2024,0,47,1,1,4,0,0,1,0,0,0,5,5,5,5,5,1,5,2,5,2,2,2,2,1,1,0
1851,4,2024,0,63,1,1,2,0,0,1,0,0,0,4,5,5,6,5,5,5,1,5,3,2,3,2,2,1,0
1852,4,2024,1,71,1,1,2,0,0,0,0,1,0,5,2,4,6,2,2,5,1,4,1,1,2,1,1,1,1
1853,4,2024,0,47,1,1,2,0,0,1,0,0,0,4,4,4,4,4,4,4,4,4,4,4,4,4,4,4,1
1854,4,2024,0,67,1,1,0,1,0,1,0,0,0,6,7,7,7,6,6,6,2,6,2,2,5,2,2,2,0
1855,4,2024,0,44,1,1,5,0,1,0,0,0,0,6,5,1,6,6,6,5,1,6,1,1,1,1,1,1,0
1856,4,2024,0,84,1,1,0,1,0,1,0,0,0,6,5,5,4,6,5,5,4,5,4,4,5,3,4,4,0
1857,4,2024,0,42,1,1,3,0,0,1,0,0,0,7,5,7,6,7,1,7,1,7,1,1,1,1,1,1,0
1858,4,2024,1,60,1,1,5,0,1,0,0,0,0,5,5,6,7,7,1,4,2,6,2,1,4,4,2,1,0
1859,4,2024,0,47,0,0,4,0,1,0,0,0,0,5,5,5,4,5,5,4,4,4,4,4,4,4,4,4,1
1860,4,2024,1,37,0,0,3,0,1,0,0,0,0,5,4,5,2,3,5,5,3,5,3,3,3,3,3,3,1
1861,4,2024,1,39,1,1,3,0,1,0,0,0,0,3,3,4,4,2,4,4,4,3,5,4,2,3,3,4,0
1862,4,2024,1,52,1,1,3,0,1,0,0,0,0,1,1,1,3,1,1,2,1,2,1,1,3,3,1,2,0
1863,4,2024,0,53,1,0,3,0,1,0,0,0,0,5,5,5,4,5,5,7,6,4,6,3,7,4,4,4,0
1864,4,2024,1,41,0,0,2,0,1,0,0,0,0,1,1,1,1,1,1,1,1,1,1,1,1,1,1,1,0
1865,4,2024,0,43,0,1,3,0,1,0,0,0,0,4,3,6,6,6,5,4,5,5,4,4,4,2,4,3,0
1866,4,2024,1,52,0,1,1,0,0,0,0,1,0,1,1,1,3,3,1,6,4,4,6,4,6,4,2,1,1
1867,4,2024,1,76,1,1,2,0,0,0,0,1,0,1,1,1,1,1,1,1,1,1,1,1,1,1,1,1,1
1868,4,2024,1,72,1,1,5,0,0,0,0,1,0,7,7,5,7,7,5,3,1,7,1,1,1,1,1,1,0
1869,4,2024,1,69,0,0,0,1,0,0,0,1,0,4,3,3,4,3,4,4,5,4,4,4,5,5,4,4,1
1870,4,2024,0,49,0,0,0,1,1,0,0,0,0,4,2,4,4,4,4,4,6,4,4,4,3,4,4,4,1
1871,4,2024,1,74,0,0,1,0,0,0,0,1,0,4,4,4,7,4,4,4,2,5,3,1,4,4,1,1,1
1872,4,2024,0,60,1,1,5,0,1,0,0,0,0,1,1,1,2,1,2,2,2,2,1,2,2,1,2,2,1
1873,4,2024,0,51,1,0,4,0,1,0,0,0,0,5,3,5,5,5,5,5,4,4,4,2,5,1,2,2,1
1874,4,2024,1,48,0,0,4,0,1,0,0,0,0,4,5,2,3,5,1,5,6,1,2,2,4,4,1,1,1
1875,4,2024,0,55,1,1,5,0,0,1,0,0,0,5,5,5,5,5,5,5,2,5,2,2,2,2,2,2,0
1876,4,2024,0,70,1,1,3,0,0,0,0,1,0,4,2,6,6,5,5,3,4,5,3,3,4,4,2,3,0
1877,4,2024,1,51,0,0,2,0,0,0,0,1,0,7,1,5,3,6,1,7,6,1,1,1,4,6,1,1,0
1878,4,2024,0,45,1,1,0,1,0,1,0,0,0,1,1,5,4,7,4,4,4,4,4,4,4,4,4,4,1
1879,4,2024,1,53,1,0,3,0,1,0,0,0,0,5,3,4,4,4,3,5,4,5,4,3,3,5,4,5,1
1880,4,2024,0,36,0,0,0,1,1,0,0,0,0,2,4,2,4,5,4,5,1,4,1,1,3,1,1,2,1
1881,4,2024,0,53,1,1,5,0,0,1,0,0,0,5,6,5,5,7,5,6,3,5,4,3,2,4,1,1,0
1882,4,2024,1,54,1,1,5,0,1,0,0,0,0,4,5,5,5,5,3,5,3,4,4,4,4,3,4,4,0
1883,4,2024,1,48,1,1,5,0,1,0,0,0,0,5,2,3,5,5,1,5,2,4,3,1,3,2,1,1,1
1884,4,2024,1,46,1,1,3,0,1,0,0,0,0,4,5,3,3,3,5,3,3,4,4,3,3,5,5,3,0
1885,4,2024,1,57,1,1,5,0,1,0,0,0,0,1,2,2,2,1,2,1,2,2,2,2,2,2,3,3,1
1886,4,2024,0,76,1,1,4,0,1,0,0,0,0,4,5,5,6,3,3,5,1,6,1,1,3,2,1,1,0
1887,4,2024,0,66,1,1,0,1,0,1,0,0,0,5,1,5,5,7,5,5,4,5,4,4,4,3,3,3,0
1888,4,2024,0,48,1,1,5,0,1,0,0,0,0,3,3,3,3,3,4,3,4,3,3,3,4,4,4,4,0
1889,4,2024,1,48,1,1,5,0,1,0,0,0,0,4,4,4,4,4,4,4,4,4,4,3,4,4,4,4,1
1890,4,2024,1,40,1,1,5,0,1,0,0,0,0,4,4,4,4,4,4,4,4,4,4,4,4,4,4,4,1
1891,4,2024,0,48,1,1,0,1,1,0,0,0,0,1,2,2,2,1,1,1,1,2,2,1,2,1,1,1,1
1892,4,2024,1,47,1,0,4,0,1,0,0,0,0,3,6,5,3,3,3,5,4,4,4,3,4,4,4,5,1
1893,4,2024,1,73,0,0,2,0,0,0,0,1,0,4,5,4,6,5,1,5,2,4,4,3,4,2,1,1,1
1894,4,2024,1,40,1,0,3,0,1,0,0,0,0,4,5,5,5,3,1,4,3,5,1,1,3,1,1,1,0
1895,4,2024,0,41,1,1,0,1,1,0,0,0,0,4,3,5,5,5,1,4,4,4,2,1,4,3,4,3,1
1896,4,2024,0,61,0,1,2,0,1,0,0,0,0,5,4,4,4,1,1,5,3,4,3,1,4,4,2,2,1
1897,4,2024,1,44,0,0,5,0,1,0,0,0,0,5,2,6,6,3,1,1,1,4,1,1,1,2,1,1,1
1898,4,2024,1,58,1,1,0,1,1,0,0,0,0,4,3,4,4,4,4,4,4,4,4,4,4,3,4,4,1
1899,4,2024,1,61,1,1,3,0,1,0,0,0,0,4,4,4,4,4,4,4,4,4,4,4,4,4,4,4,1
1900,4,2024,1,48,0,0,2,0,1,0,0,0,0,5,7,3,6,5,4,6,5,4,2,1,4,4,1,4,0
1901,4,2024,1,60,1,1,4,0,1,0,0,0,0,4,5,5,5,4,4,3,4,5,4,4,4,4,4,4,1
1902,4,2024,0,36,1,0,3,0,1,0,0,0,0,1,1,5,6,6,1,6,4,4,1,1,5,1,1,1,1
1903,4,2024,1,69,1,1,5,0,1,0,0,0,0,5,6,4,6,4,1,6,4,6,4,4,4,4,4,4,0
1904,4,2024,0,38,1,1,5,0,1,0,0,0,0,5,1,1,4,3,1,1,7,1,1,1,5,1,1,1,1
1905,4,2024,1,43,1,1,5,0,1,0,0,0,0,2,5,6,4,4,2,4,1,7,1,1,2,2,1,1,1
1906,4,2024,0,67,1,1,0,1,0,1,0,0,0,1,1,6,3,7,1,7,2,3,2,2,5,4,2,2,0
1907,4,2024,1,61,1,1,3,0,1,0,0,0,0,1,5,3,1,5,1,1,1,1,1,1,1,1,1,1,0
1908,4,2024,0,25,0,0,0,1,1,0,0,0,0,4,4,4,4,5,4,4,4,4,4,4,4,4,4,4,1
1909,4,2024,0,49,1,1,5,0,0,1,0,0,0,1,1,1,1,3,1,1,3,1,1,1,1,1,1,1,1
1910,4,2024,1,57,1,1,0,1,1,0,0,0,0,4,4,4,4,4,4,4,4,4,4,4,4,4,4,4,1
1911,4,2024,0,52,1,1,0,1,0,1,0,0,0,4,5,5,5,5,2,6,2,5,4,1,4,2,1,1,1
1912,4,2024,1,50,1,1,5,0,1,0,0,0,0,5,5,5,3,4,4,3,3,3,4,4,4,3,3,3,1
1913,4,2024,0,39,1,1,2,0,1,0,0,0,0,6,6,4,5,3,3,6,5,4,3,2,4,3,2,1,1
1914,4,2024,0,71,1,1,4,0,0,1,0,0,0,6,5,5,7,7,1,3,1,5,4,1,1,1,1,1,0
1915,4,2024,1,65,0,0,1,0,1,0,0,0,0,6,4,4,6,1,1,7,4,2,1,1,5,4,1,1,1
1916,4,2024,1,59,0,0,0,1,1,0,0,0,0,2,3,4,6,6,6,6,4,7,6,4,5,4,6,4,1
1917,4,2024,0,53,0,0,2,0,1,0,0,0,0,5,5,5,6,5,3,4,3,4,3,3,3,3,3,3,1
1918,4,2024,0,39,0,0,2,0,1,0,0,0,0,3,5,3,3,5,5,7,6,4,4,3,7,4,4,5,0
1919,4,2024,1,59,1,1,2,0,1,0,0,0,0,2,1,4,4,5,1,4,1,5,2,1,7,1,1,5,0
1920,4,2024,1,38,1,1,5,0,1,0,0,0,0,4,4,6,2,6,1,3,5,5,5,3,2,3,3,3,1
1921,4,2024,1,64,1,1,5,0,1,0,0,0,0,5,5,5,7,6,6,7,2,6,2,2,3,2,2,1,0
1922,4,2024,1,45,0,0,2,0,1,0,0,0,0,6,6,7,7,5,5,7,1,7,1,1,1,1,1,1,0
1923,4,2024,1,46,1,1,5,0,1,0,0,0,0,1,1,1,5,6,1,6,4,4,5,3,3,3,5,3,1
1924,4,2024,0,51,1,0,5,0,1,0,0,0,0,6,6,6,6,6,6,6,6,6,6,6,6,6,6,6,0
1925,4,2024,0,52,0,0,0,1,0,0,0,1,0,4,7,2,4,2,5,7,6,4,4,4,3,4,1,1,0
1926,4,2024,0,47,1,0,4,0,0,1,0,0,0,1,1,1,4,1,1,7,4,1,6,5,1,1,4,1,1
1927,4,2024,1,30,0,0,0,1,1,0,0,0,0,4,4,4,4,4,4,4,4,4,4,4,4,4,4,3,1
1928,4,2024,1,53,0,0,2,0,1,0,0,0,0,3,3,2,1,3,1,5,2,2,1,1,4,1,1,1,1
1929,4,2024,1,61,0,1,2,0,1,0,0,0,0,1,2,1,1,1,1,1,1,1,1,1,1,1,1,1,1
1930,4,2024,1,63,1,1,0,1,1,0,0,0,0,5,2,2,5,5,1,1,1,4,1,1,1,1,1,1,0
1931,4,2024,1,59,1,1,5,0,1,0,0,0,0,6,6,6,6,6,5,2,2,6,2,2,3,2,2,2,0
1932,4,2024,1,39,1,0,3,0,1,0,0,0,0,4,4,3,4,4,5,4,4,5,5,5,5,4,4,4,1
1933,4,2024,1,64,0,0,3,0,1,0,0,0,0,5,6,5,6,5,1,5,4,5,5,1,5,2,1,2,1
1934,4,2024,0,55,1,1,2,0,0,1,0,0,0,1,4,5,7,5,1,5,5,4,1,1,1,1,1,1,1
1935,4,2024,1,49,1,1,5,0,1,0,0,0,0,1,2,3,5,5,1,2,1,3,1,1,1,2,1,1,1
1936,4,2024,0,41,0,0,3,0,0,0,0,1,0,5,7,5,5,5,1,6,6,4,5,3,5,4,4,5,1
1937,4,2024,0,53,1,1,0,1,0,1,0,0,0,4,5,5,3,5,5,3,1,4,3,1,1,1,1,1,1
1938,4,2024,0,41,0,0,2,0,0,0,0,0,1,6,5,5,3,6,2,6,6,5,2,1,3,2,1,2,0
1939,4,2024,1,34,0,0,2,0,1,0,0,0,0,3,6,3,4,5,4,3,5,3,3,3,3,3,3,3,1
1940,4,2024,0,37,0,0,3,0,1,0,0,0,0,1,1,1,5,1,1,7,1,4,1,1,5,4,1,1,1
1941,4,2024,1,45,1,1,3,0,1,0,0,0,0,2,3,3,4,5,1,1,4,4,4,4,4,4,4,4,1
1942,4,2024,0,48,1,0,3,0,0,1,0,0,0,4,1,1,3,5,1,7,1,4,1,1,1,1,1,1,1
1943,4,2024,0,41,0,0,0,1,0,0,0,1,0,3,5,4,4,7,1,7,4,4,4,2,4,2,2,2,0
1944,4,2024,1,49,1,1,3,0,1,0,0,0,0,4,1,4,7,2,1,1,3,5,3,3,4,4,3,2,1
1945,4,2024,0,55,1,0,0,1,0,1,0,0,0,5,5,5,4,5,5,6,4,4,4,4,4,4,4,4,1
1946,4,2024,1,58,1,1,2,0,0,0,0,1,0,7,6,6,7,5,1,1,1,7,1,1,1,1,1,1,1
1947,4,2024,1,57,1,1,2,0,1,0,0,0,0,1,1,1,1,1,1,1,1,1,1,1,1,1,1,1,0
1948,4,2024,1,76,1,1,2,0,0,0,0,1,0,6,4,6,6,4,4,6,3,7,4,3,3,3,3,3,0
1949,4,2024,1,57,1,1,1,0,1,0,0,0,0,1,1,1,4,6,1,5,1,4,1,1,4,1,1,4,1
1950,4,2024,1,46,1,1,3,0,1,0,0,0,0,6,1,5,5,5,1,1,5,4,1,1,3,3,1,1,0
1951,4,2024,1,70,1,0,0,1,1,0,0,0,0,6,2,7,7,7,4,6,1,4,3,1,2,1,1,1,0
1952,4,2024,1,59,1,1,5,0,1,0,0,0,0,4,6,4,6,5,2,6,1,4,1,2,4,3,2,2,0
1953,4,2024,1,63,0,0,1,0,1,0,0,0,0,3,5,6,6,3,1,6,4,3,7,4,4,3,4,4,1
1954,4,2024,1,39,0,0,0,1,0,0,0,0,1,5,5,5,5,7,5,7,3,4,5,1,1,1,1,1,1
1955,4,2024,0,45,1,1,4,0,1,0,0,0,0,5,2,3,4,5,2,5,5,5,2,1,3,2,1,3,0
1956,4,2024,0,31,0,0,2,0,1,0,0,0,0,4,4,4,5,4,4,4,4,4,4,4,4,4,4,4,1
1957,4,2024,1,40,1,1,1,0,1,0,0,0,0,4,1,4,7,4,1,4,1,4,1,1,7,1,1,1,1
1958,4,2024,1,52,1,1,0,1,1,0,0,0,0,1,2,1,3,3,2,3,3,4,1,1,3,3,1,2,1
1959,4,2024,1,46,1,1,0,1,1,0,0,0,0,4,4,3,4,6,5,4,4,4,4,4,5,4,4,4,0
1960,4,2024,1,57,1,1,5,0,1,0,0,0,0,4,5,4,4,4,4,4,4,4,4,4,4,4,4,4,1
1961,4,2024,0,56,1,1,0,1,1,0,0,0,0,5,5,4,5,5,5,5,3,5,3,2,4,3,1,1,0
1962,4,2024,0,45,1,1,5,0,1,0,0,0,0,4,2,5,7,7,1,7,2,5,2,1,3,3,1,1,0
1963,4,2024,1,51,0,0,4,0,1,0,0,0,0,5,1,5,5,2,2,5,4,5,3,3,3,4,3,3,1
1964,4,2024,1,74,1,0,3,0,1,0,0,0,0,7,6,5,6,6,1,7,4,5,5,2,6,1,1,1,0
1965,4,2024,0,31,1,1,0,1,1,0,0,0,0,1,1,3,5,5,4,7,2,1,1,1,5,1,1,1,0
1966,4,2024,1,35,1,1,5,0,1,0,0,0,0,6,1,4,3,5,1,2,1,4,1,1,1,1,1,1,0
1967,4,2024,0,46,1,0,0,1,1,0,0,0,0,4,4,4,4,4,4,4,4,4,4,4,4,4,4,4,0
1968,4,2024,1,51,1,1,5,0,1,0,0,0,0,1,1,1,1,1,1,1,2,1,2,2,2,1,2,2,0
1969,4,2024,0,45,1,0,3,0,0,1,0,0,0,6,5,5,3,5,5,5,3,4,3,1,4,4,1,3,1
1970,4,2024,0,59,1,1,0,1,1,0,0,0,0,1,1,5,6,5,1,4,1,4,1,1,4,1,1,1,1
1971,4,2024,0,40,0,0,2,0,1,0,0,0,0,7,7,7,7,7,1,7,1,7,1,1,1,1,1,1,1
1972,4,2024,1,49,1,1,0,1,1,0,0,0,0,4,5,5,6,4,4,5,4,5,4,4,4,4,4,4,1
1973,4,2024,1,60,0,0,4,0,1,0,0,0,0,1,1,1,1,1,1,1,1,1,1,1,1,1,1,1,0
1974,4,2024,1,61,1,1,3,0,1,0,0,0,0,1,1,2,6,1,1,6,3,6,1,1,3,3,1,1,1
1975,4,2024,0,25,0,0,0,1,1,0,0,0,0,5,7,6,6,7,5,5,6,6,6,6,6,4,5,5,1
1976,4,2024,1,58,0,0,2,0,1,0,0,0,0,1,1,1,1,1,1,1,1,1,1,1,1,1,1,1,1
1977,4,2024,1,49,1,1,4,0,1,0,0,0,0,5,7,5,6,5,4,2,2,5,2,3,3,3,2,3,0
1978,4,2024,1,46,1,1,5,0,1,0,0,0,0,3,3,3,2,3,3,3,2,2,2,2,2,2,2,2,1
1979,4,2024,1,50,0,0,4,0,1,0,0,0,0,1,1,1,1,1,1,1,1,1,1,1,1,1,1,1,1
1980,4,2024,0,46,1,1,0,1,0,1,0,0,0,1,5,6,5,1,1,3,7,1,3,2,4,4,2,1,1
1981,4,2024,1,61,1,1,0,1,1,0,0,0,0,7,1,1,7,7,7,7,1,7,1,1,1,1,1,1,1
1982,4,2024,1,52,0,0,5,0,1,0,0,0,0,7,6,5,4,6,3,4,4,4,4,4,4,4,4,4,0
1983,4,2024,0,32,1,1,2,0,1,0,0,0,0,3,3,3,4,5,4,4,5,4,3,3,4,5,3,3,0
1984,4,2024,1,75,1,1,0,1,0,0,0,1,0,5,5,5,4,4,4,5,4,4,5,4,5,4,5,4,0
1985,4,2024,1,43,1,1,5,0,1,0,0,0,0,5,7,2,6,5,1,7,1,7,1,1,1,1,1,1,0
1986,4,2024,0,47,0,0,1,0,1,0,0,0,0,1,1,4,1,5,1,1,4,3,1,1,4,1,1,1,1
1987,4,2024,1,34,0,0,1,0,1,0,0,0,0,5,5,5,5,4,1,4,1,4,1,1,1,1,1,1,1
1988,4,2024,0,33,1,1,5,0,1,0,0,0,0,1,3,6,3,5,4,4,4,4,3,3,5,4,3,4,0
1989,4,2024,1,51,1,1,5,0,1,0,0,0,0,3,3,5,2,5,4,5,4,3,4,3,4,4,1,1,0
1990,4,2024,0,31,1,1,0,1,1,0,0,0,0,1,1,1,5,5,1,1,1,1,1,1,1,1,1,1,1
1991,4,2024,0,25,1,1,0,1,0,1,0,0,0,4,6,6,4,4,4,4,4,4,4,4,4,4,4,4,0
1992,4,2024,0,35,0,0,0,1,1,0,0,0,0,3,2,2,4,1,1,4,2,4,1,1,3,3,1,1,1
1993,4,2024,1,52,1,1,5,0,1,0,0,0,0,4,4,5,4,4,5,5,4,4,4,4,4,4,4,4,1
1994,4,2024,0,42,0,0,0,1,1,0,0,0,0,2,2,2,2,2,2,2,3,3,3,3,3,3,3,3,1
1995,4,2024,0,33,1,1,0,1,0,1,0,0,0,1,1,1,1,1,1,1,1,1,1,1,1,1,1,1,0
1996,4,2024,1,75,1,1,0,1,0,0,0,1,0,7,7,7,7,7,3,7,2,7,2,2,2,2,2,2,0
1997,4,2024,0,39,1,1,3,0,1,0,0,0,0,3,5,4,6,2,2,2,7,2,6,3,6,3,3,3,1
1998,4,2024,1,55,0,0,3,0,1,0,0,0,0,4,6,4,3,3,4,4,4,4,4,4,4,4,4,4,0
1999,4,2024,1,59,1,1,5,0,1,0,0,0,0,6,6,5,7,6,4,7,1,6,1,2,5,1,1,5,0
2000,4,2024,1,76,1,1,2,0,0,0,0,1,0,5,6,4,6,5,1,7,5,1,1,1,7,1,1,1,1
2001,4,2024,0,34,1,1,3,0,1,0,0,0,0,2,4,5,4,4,2,4,4,4,4,4,3,4,3,3,0
2002,4,2024,1,34,1,0,5,0,1,0,0,0,0,4,2,6,2,4,1,2,2,2,2,2,3,3,3,2,1
2003,4,2024,0,59,0,0,0,1,0,0,0,0,1,1,1,1,5,5,6,6,1,4,1,1,4,5,1,5,1
2004,4,2024,1,47,0,0,0,1,1,0,0,0,0,4,5,5,5,5,4,6,5,4,5,3,6,4,4,4,1
2005,4,2024,1,38,0,0,3,0,1,0,0,0,0,5,6,2,5,3,2,1,1,4,1,1,1,1,1,1,1
2006,4,2024,0,66,1,1,4,0,0,1,0,0,0,5,3,5,6,6,2,6,2,6,1,4,5,2,6,3,0
2007,4,2024,0,57,0,0,3,0,1,0,0,0,0,6,3,3,5,5,1,7,3,4,3,2,5,3,2,5,1
2008,4,2024,0,43,1,1,0,1,0,1,0,0,0,4,3,4,4,4,3,4,5,3,4,2,5,3,4,4,0
2009,4,2024,1,65,1,1,3,0,1,0,0,0,0,3,7,6,7,5,2,7,2,7,2,2,2,2,2,2,0
2010,4,2024,1,57,1,1,5,0,1,0,0,0,0,4,4,4,4,4,3,4,5,4,5,5,4,4,4,4,0
2011,4,2024,1,39,0,0,5,0,1,0,0,0,0,4,4,4,4,4,4,4,4,4,4,4,3,4,4,4,0
2012,4,2024,0,55,1,1,5,0,0,1,0,0,0,4,4,4,4,4,4,4,4,4,4,4,4,4,4,1,0
2013,4,2024,1,55,0,0,2,0,1,0,0,0,0,3,3,4,5,1,1,2,2,4,2,1,5,2,1,1,1
2014,4,2024,0,63,0,1,4,0,1,0,0,0,0,4,5,5,4,5,2,7,4,4,4,4,4,4,4,4,0
2015,4,2024,1,70,0,0,0,1,0,0,0,1,0,6,6,6,5,6,5,7,2,6,3,3,4,4,2,2,0
2016,4,2024,0,33,1,1,5,0,1,0,0,0,0,1,1,3,5,5,5,5,1,5,1,1,2,1,1,1,0
2017,4,2024,1,61,1,1,4,0,0,0,0,1,0,6,7,3,3,7,5,2,2,2,3,1,4,4,1,1,1
2018,4,2024,1,62,1,1,0,1,1,0,0,0,0,1,1,1,1,1,1,1,1,1,1,1,1,1,1,1,0
2019,4,2024,0,32,1,1,0,1,0,1,0,0,0,5,3,6,7,6,6,4,1,5,4,4,1,1,4,4,0
2020,4,2024,1,47,1,1,0,1,1,0,0,0,0,4,4,4,4,4,4,4,4,4,4,4,4,4,5,4,1
2021,4,2024,0,64,0,1,0,1,1,0,0,0,0,6,5,6,7,7,7,5,1,6,1,1,4,1,1,1,0
2022,4,2024,1,63,1,1,5,0,1,0,0,0,0,2,3,4,4,3,4,4,5,4,4,4,5,4,4,4,0
2023,4,2024,0,44,0,0,0,1,1,0,0,0,0,3,7,6,6,7,2,3,7,3,3,3,6,5,3,3,1
2024,4,2024,0,38,1,1,4,0,0,1,0,0,0,1,1,4,6,5,7,7,3,4,3,1,4,2,1,1,0
2025,4,2024,0,53,1,1,5,0,1,0,0,0,0,3,5,5,3,6,2,2,3,5,2,2,2,1,3,3,0
2026,4,2024,0,52,1,1,0,1,0,1,0,0,0,1,7,7,7,1,1,7,1,6,1,1,1,1,1,1,1
2027,4,2024,0,40,0,1,0,1,1,0,0,0,0,4,4,4,4,4,5,4,4,4,4,4,4,4,4,4,1
2028,4,2024,1,52,1,1,4,0,1,0,0,0,0,5,4,5,5,6,6,7,3,5,5,5,4,3,5,4,0
2029,4,2024,0,43,1,0,2,0,1,0,0,0,0,4,4,4,5,4,4,5,5,2,5,5,5,4,5,5,1
2030,4,2024,1,39,0,0,0,1,1,0,0,0,0,4,4,4,4,4,4,4,4,4,4,4,4,4,4,4,1
2031,4,2024,1,49,1,1,5,0,1,0,0,0,0,2,5,5,5,4,1,2,7,1,2,1,7,7,1,1,1
2032,4,2024,1,46,1,1,2,0,1,0,0,0,0,4,4,4,3,4,4,4,4,4,4,4,4,4,4,4,1
2033,4,2024,0,29,0,0,0,1,1,0,0,0,0,4,5,4,4,4,4,7,4,6,4,4,6,4,4,4,0
2034,4,2024,1,40,0,0,2,0,1,0,0,0,0,5,7,1,1,5,5,7,1,1,1,1,4,1,1,1,1
2035,4,2024,0,49,1,1,3,0,0,1,0,0,0,1,1,1,5,5,1,7,5,4,5,5,6,4,5,5,1
2036,4,2024,1,34,0,0,3,0,1,0,0,0,0,5,4,4,5,5,5,4,5,4,4,4,5,4,4,4,0
2037,4,2024,0,75,1,1,0,1,0,1,0,0,0,4,5,5,4,4,4,4,4,4,4,4,4,4,4,4,0
2038,4,2024,0,33,1,1,3,0,1,0,0,0,0,3,2,2,3,3,3,3,4,3,3,4,4,4,3,3,0
2039,4,2024,1,58,1,0,3,0,1,0,0,0,0,4,1,2,3,4,2,3,3,3,3,2,2,3,3,2,1
2040,4,2024,1,61,1,1,5,0,1,0,0,0,0,4,5,5,3,3,4,4,5,4,4,3,5,4,4,4,0
2041,4,2024,0,49,1,1,4,0,0,1,0,0,0,5,5,5,6,3,1,5,1,5,4,1,3,1,1,1,0
2042,4,2024,0,37,1,1,3,0,1,0,0,0,0,3,3,3,3,3,1,3,5,4,5,2,5,3,3,3,0
2043,4,2024,1,64,0,1,2,0,1,0,0,0,0,5,2,4,7,2,2,7,1,4,1,1,6,1,1,1,1
2044,4,2024,0,64,1,1,3,0,1,0,0,0,0,4,4,5,5,5,5,5,1,5,1,1,1,1,1,1,0
2045,4,2024,1,68,1,0,0,1,1,0,0,0,0,5,5,5,5,5,5,5,1,5,2,2,1,1,1,2,0
2046,4,2024,1,48,0,0,5,0,0,0,0,1,0,7,7,7,5,6,4,5,3,1,4,1,6,4,3,1,1
2047,4,2024,1,57,1,1,5,0,1,0,0,0,0,5,5,4,5,3,1,3,2,3,2,1,5,1,1,1,1
2048,4,2024,1,61,1,1,2,0,1,0,0,0,0,4,5,4,5,4,4,4,4,5,4,4,4,4,4,4,0
2049,4,2024,1,54,1,1,5,0,1,0,0,0,0,5,5,5,6,7,5,1,1,5,1,1,5,1,1,1,0
2050,4,2024,0,35,0,0,3,0,1,0,0,0,0,1,5,5,1,1,1,3,2,4,1,1,3,5,1,1,1
2051,4,2024,1,57,1,1,0,1,1,0,0,0,0,4,4,4,4,4,4,4,4,4,4,4,4,4,4,4,0
2052,4,2024,1,70,1,1,0,1,0,0,0,1,0,1,4,4,5,4,1,2,1,1,1,1,4,1,1,1,1
2053,4,2024,1,55,1,0,5,0,1,0,0,0,0,5,5,5,5,4,3,7,4,5,4,4,4,4,4,4,0
2054,4,2024,1,60,1,1,5,0,1,0,0,0,0,4,7,5,4,4,4,6,1,5,1,1,4,1,1,1,0
2055,4,2024,1,53,1,1,5,0,1,0,0,0,0,2,1,2,5,5,1,5,3,4,1,1,6,2,5,3,0
2056,4,2024,0,37,0,0,2,0,1,0,0,0,0,5,4,4,4,7,1,6,2,4,2,1,4,1,5,4,1
2057,4,2024,1,60,1,0,0,1,1,0,0,0,0,5,4,6,5,5,1,6,5,5,5,5,5,6,5,5,0
2058,4,2024,1,60,1,1,3,0,1,0,0,0,0,1,1,2,6,1,1,1,1,6,1,1,6,2,1,2,1
2059,4,2024,1,62,0,0,5,0,1,0,0,0,0,2,2,2,5,2,2,2,4,2,4,4,4,4,4,3,1
2060,4,2024,0,35,1,0,0,1,1,0,0,0,0,3,3,3,4,3,3,4,4,4,4,4,4,4,4,4,1
2061,4,2024,1,75,1,0,1,0,0,0,0,1,0,2,4,4,1,1,4,2,1,1,2,2,4,4,2,2,1
2062,4,2024,0,46,1,0,4,0,1,0,0,0,0,2,2,3,3,3,1,5,2,4,1,1,1,1,1,1,1
2063,4,2024,0,36,1,0,0,1,1,0,0,0,0,4,5,4,4,4,4,4,4,4,3,4,4,4,4,4,1
2064,4,2024,0,50,0,0,1,0,1,0,0,0,0,5,6,5,3,6,1,6,5,6,1,1,7,7,1,3,0
2065,4,2024,1,35,0,0,5,0,1,0,0,0,0,1,1,1,5,1,1,1,1,4,1,1,1,1,1,1,0
2066,4,2024,1,55,1,1,3,0,1,0,0,0,0,4,1,4,7,4,1,1,1,6,1,1,6,1,1,1,0
2067,4,2024,0,46,1,1,5,0,0,1,0,0,0,2,3,4,3,2,2,5,4,3,2,1,2,1,1,2,1
2068,4,2024,1,71,1,1,3,0,1,0,0,0,0,5,5,5,4,5,5,5,4,4,4,4,4,4,4,4,1
2069,4,2024,0,25,0,0,1,0,1,0,0,0,0,5,5,5,5,5,5,5,4,4,4,4,5,5,5,4,1
2070,4,2024,0,44,1,0,2,0,0,1,0,0,0,5,7,7,4,4,4,4,4,4,4,4,4,4,4,4,1
2071,4,2024,1,48,1,0,5,0,1,0,0,0,0,6,6,6,5,6,1,5,1,1,1,1,1,1,1,1,1
2072,4,2024,0,37,0,0,2,0,1,0,0,0,0,4,4,5,1,2,1,7,7,1,7,4,7,1,4,4,1
2073,4,2024,0,58,0,1,2,0,1,0,0,0,0,4,4,4,4,4,4,4,4,4,4,4,4,4,4,4,1
2074,4,2024,1,41,0,0,0,1,0,0,0,1,0,4,4,4,4,4,4,4,4,4,4,4,6,4,4,4,1
2075,4,2024,0,42,1,1,5,0,0,1,0,0,0,1,1,4,5,5,1,4,4,3,3,1,2,1,1,4,1
2076,4,2024,0,40,0,1,2,0,1,0,0,0,0,1,1,5,4,2,5,1,1,5,1,4,1,1,1,1,0
2077,4,2024,1,61,1,1,3,0,1,0,0,0,0,2,1,2,2,3,1,3,1,3,1,1,4,1,1,1,1
2078,4,2024,0,26,0,0,0,1,0,0,0,0,1,4,5,5,5,4,4,4,4,4,4,4,4,4,4,4,1
2079,4,2024,1,55,0,0,0,1,0,0,0,1,0,6,2,2,1,1,2,5,4,4,3,1,7,1,1,4,1
2080,4,2024,1,54,1,1,5,0,1,0,0,0,0,5,7,5,5,5,4,5,1,5,1,2,1,1,2,1,0
2081,4,2024,0,51,1,1,3,0,1,0,0,0,0,6,1,5,5,6,3,5,2,5,1,1,2,2,1,1,0
2082,4,2024,1,62,1,0,5,0,1,0,0,0,0,5,5,5,4,5,4,4,4,4,4,4,4,4,4,4,0
2083,4,2024,0,51,1,0,3,0,1,0,0,0,0,5,1,5,4,4,1,1,5,2,3,1,6,6,1,6,1
2084,4,2024,0,58,1,0,3,0,0,1,0,0,0,4,5,5,6,4,2,6,4,6,5,2,5,4,2,2,1
2085,4,2024,1,39,1,1,5,0,1,0,0,0,0,4,6,5,4,5,1,1,3,4,2,3,2,2,2,2,0
2086,4,2024,0,40,1,1,0,1,1,0,0,0,0,1,3,2,6,5,5,3,5,4,4,4,5,1,4,5,0
2087,4,2024,1,47,1,0,0,1,1,0,0,0,0,4,3,4,5,3,3,7,4,3,4,4,4,4,4,3,1
2088,4,2024,1,51,1,1,4,0,1,0,0,0,0,4,4,4,6,4,4,7,4,5,5,4,5,4,3,4,1
2089,4,2024,1,61,1,1,3,0,1,0,0,0,0,4,4,4,4,4,4,3,4,4,4,4,3,4,4,4,1
2090,4,2024,1,34,0,0,1,0,0,0,0,0,1,4,4,4,4,4,4,4,4,4,4,4,4,4,4,4,1
2091,4,2024,0,36,0,0,1,0,1,0,0,0,0,2,2,2,7,1,1,3,1,1,1,1,4,1,1,1,1
2092,4,2024,0,80,1,1,2,0,0,1,0,0,0,4,1,6,5,1,1,4,5,4,5,4,4,4,4,4,1
2093,4,2024,1,71,1,1,2,0,0,0,0,1,0,1,1,1,6,1,1,4,1,4,1,2,4,1,1,1,1
2094,4,2024,0,46,1,1,0,1,1,0,0,0,0,7,5,7,7,7,7,4,1,4,1,1,4,1,1,1,0
2095,4,2024,0,27,0,0,3,0,1,0,0,0,0,7,1,5,4,5,4,6,4,1,4,4,4,4,4,4,1
2096,4,2024,0,56,0,0,1,0,1,0,0,0,0,1,1,3,2,1,1,5,4,2,1,1,5,4,1,1,1
2097,4,2024,1,65,1,1,2,0,1,0,0,0,0,5,5,5,5,5,3,5,5,6,5,5,5,5,5,2,0
2098,4,2024,0,52,1,1,0,1,1,0,0,0,0,5,6,6,5,6,6,6,3,5,4,3,4,3,4,2,0
2099,4,2024,1,53,1,1,5,0,1,0,0,0,0,3,3,3,4,4,4,4,4,4,4,4,4,4,4,4,1
2100,4,2024,1,42,1,1,4,0,1,0,0,0,0,1,1,1,1,3,3,1,1,1,1,1,1,1,1,1,1
2101,4,2024,0,32,1,1,4,0,0,1,0,0,0,4,3,5,3,5,4,4,4,4,3,4,2,1,4,2,1
2102,4,2024,0,59,0,0,2,0,1,0,0,0,0,4,4,4,4,4,4,6,4,4,4,4,4,4,4,4,1
2103,4,2024,1,53,1,1,3,0,1,0,0,0,0,2,2,2,5,3,2,4,4,2,2,2,5,2,2,2,1
2104,4,2024,1,32,0,0,3,0,1,0,0,0,0,5,5,5,3,5,1,3,6,1,3,2,5,3,2,2,1
2105,4,2024,1,52,1,1,2,0,1,0,0,0,0,4,4,4,4,4,4,4,4,4,4,4,4,4,4,4,1
2106,4,2024,0,28,0,0,2,0,1,0,0,0,0,6,6,5,5,6,6,5,2,5,2,1,6,2,2,3,0
2107,4,2024,1,36,1,1,4,0,1,0,0,0,0,5,4,5,5,5,3,4,5,5,5,5,5,4,5,4,0
2108,4,2024,0,24,0,0,2,0,1,0,0,0,0,6,6,6,6,6,6,6,1,6,1,1,4,1,1,1,0
2109,4,2024,0,36,1,1,4,0,1,0,0,0,0,3,2,2,6,5,2,6,2,5,2,2,2,2,2,2,1
2110,4,2024,1,42,0,0,0,1,1,0,0,0,0,6,3,6,3,4,5,5,1,4,3,2,4,2,2,2,1
2111,4,2024,0,38,0,0,2,0,1,0,0,0,0,1,6,5,5,6,1,3,1,5,1,1,2,1,1,1,0
2112,4,2024,0,66,1,1,2,0,0,1,0,0,0,5,2,5,5,5,2,5,3,4,3,3,4,5,3,3,1
2113,4,2024,0,67,0,0,2,0,0,0,0,1,0,5,6,6,4,5,1,6,1,4,1,1,4,1,1,1,0
2114,4,2024,1,58,1,1,3,0,1,0,0,0,0,1,1,1,1,1,1,1,1,1,1,1,1,1,1,1,0
2115,4,2024,1,54,0,0,5,0,1,0,0,0,0,7,7,7,4,1,1,1,3,4,3,3,3,3,3,3,1
2116,4,2024,1,69,1,1,2,0,1,0,0,0,0,6,6,6,6,6,6,6,2,6,2,2,2,2,2,2,0
2117,4,2024,1,56,1,1,0,1,1,0,0,0,0,5,5,6,5,3,1,4,2,5,1,1,2,2,3,2,1
2118,4,2024,0,72,0,0,1,0,0,0,0,1,0,5,5,5,6,4,4,6,1,6,5,4,4,1,2,1,0
2119,4,2024,1,43,0,0,3,0,1,0,0,0,0,2,5,5,4,2,2,5,3,4,3,2,3,3,2,2,1
2120,4,2024,0,50,1,1,0,1,0,1,0,0,0,1,7,3,7,3,1,7,1,1,1,1,1,1,1,1,0
2121,4,2024,0,62,1,1,3,0,0,1,0,0,0,5,6,6,6,4,4,6,2,5,2,2,3,2,2,2,0
2122,4,2024,0,72,0,0,2,0,1,0,0,0,0,5,2,5,5,4,1,6,3,4,3,3,2,4,3,2,1
2123,4,2024,0,58,1,0,0,1,1,0,0,0,0,1,1,1,4,1,4,4,4,4,4,4,4,4,4,4,1
2124,4,2024,0,33,1,1,4,0,1,0,0,0,0,5,5,4,5,6,4,5,4,4,4,5,5,4,4,4,1
2125,4,2024,1,57,0,1,4,0,1,0,0,0,0,5,5,4,6,4,4,1,4,4,2,1,3,3,1,4,1
2126,4,2024,1,32,1,1,5,0,1,0,0,0,0,2,4,6,5,3,2,2,5,6,3,3,3,1,5,4,1
2127,4,2024,0,41,1,0,0,1,1,0,0,0,0,5,6,5,5,6,5,6,1,6,1,1,1,1,1,1,1
2128,4,2024,0,74,1,1,0,1,0,1,0,0,0,5,6,4,5,4,2,2,2,3,5,1,3,2,2,2,1
2129,4,2024,0,38,1,1,3,0,1,0,0,0,0,1,1,1,5,1,1,1,4,4,4,4,4,4,4,4,1
2130,4,2024,1,51,0,0,5,0,1,0,0,0,0,5,1,1,7,4,1,4,4,4,6,3,6,2,5,3,1
2131,4,2024,1,32,0,0,5,0,1,0,0,0,0,4,4,7,4,4,5,4,4,4,4,4,3,4,4,4,1
2132,4,2024,0,31,0,0,2,0,1,0,0,0,0,4,4,4,6,4,3,4,4,4,4,4,4,4,4,4,1
2133,4,2024,1,72,1,1,3,0,1,0,0,0,0,1,1,1,1,1,1,1,1,1,1,1,1,1,1,1,0
2134,4,2024,0,30,0,0,2,0,1,0,0,0,0,2,2,2,2,2,2,2,2,2,2,2,2,2,2,4,1
2135,4,2024,0,35,1,1,0,1,1,0,0,0,0,4,4,5,4,5,4,4,5,4,4,4,4,4,4,4,1
2136,4,2024,1,34,1,1,5,0,1,0,0,0,0,1,1,1,1,1,1,1,1,1,1,1,1,1,1,1,1
2137,4,2024,1,46,1,1,3,0,1,0,0,0,0,5,3,4,3,4,4,4,4,4,4,4,4,4,3,4,0
2138,4,2024,0,46,0,0,0,1,1,0,0,0,0,5,4,4,7,7,3,7,3,4,5,3,4,3,5,4,1
2139,4,2024,1,44,0,0,3,0,0,0,0,1,0,4,6,5,2,5,5,7,4,2,4,4,5,4,1,4,0
2140,4,2024,1,44,1,1,4,0,1,0,0,0,0,4,5,4,4,4,3,6,4,4,4,4,4,4,4,4,1
2141,4,2024,1,63,1,1,5,0,1,0,0,0,0,4,5,3,5,4,5,4,1,6,1,1,4,2,1,1,0
2142,4,2024,0,35,0,0,2,0,1,0,0,0,0,1,1,3,4,6,1,6,2,5,3,1,7,3,1,6,1
2143,4,2024,0,39,1,1,5,0,0,1,0,0,0,2,2,4,6,5,1,2,1,5,6,3,1,1,6,4,1
2144,4,2024,0,30,1,0,4,0,1,0,0,0,0,1,1,1,1,1,1,1,1,1,1,1,1,1,1,1,1
2145,4,2024,1,64,1,1,5,0,0,0,0,1,0,3,2,5,5,7,1,4,1,3,1,1,2,1,1,1,1
2146,4,2024,0,28,1,1,5,0,1,0,0,0,0,4,4,4,3,4,4,3,4,3,4,3,4,4,4,3,0
2147,4,2024,0,55,1,1,0,1,0,1,0,0,0,1,4,3,1,2,7,7,2,4,7,7,3,1,1,1,1
2148,4,2024,0,35,1,1,0,1,1,0,0,0,0,4,4,4,7,7,4,4,5,6,1,1,4,1,1,1,0
2149,4,2024,1,59,1,1,5,0,1,0,0,0,0,6,5,5,5,6,2,4,4,5,2,2,4,4,2,2,1
2150,4,2024,0,38,1,0,5,0,1,0,0,0,0,4,6,7,5,7,7,5,1,4,1,1,1,1,1,1,1
2151,4,2024,1,31,1,1,3,0,1,0,0,0,0,1,1,1,1,1,1,1,1,1,1,1,1,1,1,1,0
2152,4,2024,0,39,1,1,4,0,1,0,0,0,0,4,4,6,4,4,5,4,5,4,4,2,4,1,4,4,1
2153,4,2024,0,33,1,0,5,0,1,0,0,0,0,1,1,7,7,7,1,1,1,4,1,1,1,1,1,1,0
2154,4,2024,0,43,0,1,1,0,1,0,0,0,0,2,1,2,2,2,2,3,3,1,2,2,6,2,2,2,1
2155,4,2024,0,47,1,1,1,0,1,0,0,0,0,4,4,4,4,4,4,4,4,4,4,4,4,4,4,4,1
2156,4,2024,0,71,1,1,2,0,0,1,0,0,0,5,5,7,7,6,6,6,4,5,4,1,4,1,2,4,0
2157,4,2024,0,25,0,0,0,1,1,0,0,0,0,4,6,4,4,4,4,4,4,3,4,4,4,4,4,4,1
2158,4,2024,1,27,1,0,5,0,1,0,0,0,0,2,2,3,3,2,2,3,2,2,2,2,5,2,2,2,0
2159,4,2024,0,43,0,0,0,1,1,0,0,0,0,4,4,4,4,4,4,4,4,4,4,4,4,4,4,4,1
2160,4,2024,1,54,1,1,4,0,1,0,0,0,0,2,1,1,5,1,1,6,1,4,1,1,4,1,1,1,1
2161,4,2024,0,39,1,1,4,0,0,1,0,0,0,3,5,5,2,4,2,4,3,4,2,1,3,4,1,1,1
2162,4,2024,1,56,1,1,4,0,1,0,0,0,0,4,3,5,4,4,4,4,4,4,4,4,4,2,4,4,1
2163,4,2024,0,44,0,0,0,1,1,0,0,0,0,5,5,5,5,5,4,4,3,5,3,3,3,3,3,3,0
2164,4,2024,1,46,0,0,3,0,1,0,0,0,0,1,1,1,1,1,1,1,1,1,1,1,2,1,1,1,1
2165,4,2024,0,70,1,1,4,0,0,0,0,1,0,5,5,5,4,4,4,4,4,4,4,4,4,4,4,4,0
2166,4,2024,1,36,0,0,4,0,1,0,0,0,0,5,3,3,6,4,5,4,1,4,1,1,4,1,1,1,0
2167,4,2024,0,38,0,0,5,0,1,0,0,0,0,1,1,1,5,7,1,7,5,4,1,1,4,1,1,1,1
2168,4,2024,1,50,1,1,0,1,1,0,0,0,0,6,6,6,6,6,6,6,6,6,6,6,6,6,6,6,0
2169,4,2024,1,52,1,1,5,0,1,0,0,0,0,4,1,4,4,4,1,2,4,4,4,4,4,4,4,4,1
2170,4,2024,1,61,1,1,0,1,1,0,0,0,0,4,5,4,4,4,4,4,4,4,4,4,4,4,4,4,1
2171,4,2024,0,58,1,1,2,0,0,0,0,1,0,3,1,2,6,5,1,5,5,5,1,1,4,1,1,1,1
2172,4,2024,1,41,0,0,4,0,1,0,0,0,0,5,6,5,5,7,5,7,4,4,6,1,5,1,1,4,0
2173,4,2024,1,61,1,1,5,0,1,0,0,0,0,5,6,5,7,5,5,4,1,4,1,2,1,1,1,1,1
2174,4,2024,0,46,1,1,4,0,1,0,0,0,0,5,5,5,6,6,1,5,1,5,1,1,2,1,1,1,0
2175,4,2024,0,39,0,0,5,0,1,0,0,0,0,6,5,6,6,7,5,6,1,7,2,1,1,1,1,1,0
2176,4,2024,0,46,1,1,0,1,1,0,0,0,0,3,5,5,6,6,1,1,2,5,1,1,5,1,1,2,0
2177,4,2024,0,31,0,0,1,0,1,0,0,0,0,3,5,4,5,4,3,2,5,2,2,2,4,5,2,4,1
2178,4,2024,0,34,1,0,0,1,1,0,0,0,0,7,7,7,6,7,5,5,7,6,3,3,3,7,4,3,0
2179,4,2024,1,73,1,1,0,1,1,0,0,0,0,5,6,5,7,3,6,6,2,4,2,1,6,4,1,4,1
2180,4,2024,1,74,1,1,2,0,0,0,0,1,0,4,4,5,7,5,6,5,2,7,4,4,7,5,5,7,0
2181,4,2024,1,71,1,1,2,0,0,1,0,0,0,5,6,6,6,6,6,6,2,6,1,1,4,4,1,1,1
2182,4,2024,0,36,0,0,3,0,1,0,0,0,0,1,1,1,3,1,1,1,1,1,1,1,1,1,1,1,1
2183,4,2024,1,76,1,1,1,0,0,0,0,0,1,5,6,5,4,5,5,4,4,4,5,5,5,3,5,4,0
2184,4,2024,0,30,0,0,4,0,0,0,0,1,0,7,1,1,7,7,7,1,7,7,1,1,1,7,1,1,1
2185,4,2024,0,40,1,1,0,1,1,0,0,0,0,3,1,5,3,6,4,5,1,4,1,1,1,1,1,1,0
2186,4,2024,0,24,0,0,0,1,1,0,0,0,0,5,3,5,5,5,5,5,3,5,3,3,3,3,3,3,0
2187,4,2024,0,57,1,1,0,1,1,0,0,0,0,5,3,5,7,4,4,5,2,2,3,1,4,2,1,1,0
2188,4,2024,1,40,0,0,3,0,1,0,0,0,0,4,5,4,5,5,4,5,4,6,3,3,5,1,2,2,0
2189,4,2024,0,63,1,0,2,0,0,1,0,0,0,4,4,4,3,4,4,4,4,3,3,3,3,4,4,4,1
2190,4,2024,0,65,0,0,0,1,0,0,0,1,0,4,5,4,3,4,1,1,1,4,1,1,4,1,1,1,1
2191,4,2024,1,47,1,1,3,0,1,0,0,0,0,5,5,4,4,3,6,4,3,3,4,5,5,5,4,4,0
2192,4,2024,1,70,1,1,3,0,1,0,0,0,0,4,3,6,7,4,4,7,1,7,3,1,2,1,2,1,1
2193,4,2024,0,48,1,1,3,0,1,0,0,0,0,4,4,5,4,4,5,4,3,4,4,4,4,5,4,4,0
2194,4,2024,0,50,1,1,4,0,1,0,0,0,0,4,3,6,7,2,1,7,1,5,1,1,1,1,1,1,1
2195,4,2024,0,38,1,0,5,0,1,0,0,0,0,6,6,6,5,6,6,6,2,5,2,2,2,2,2,2,0
2196,4,2024,0,46,1,1,0,1,1,0,0,0,0,4,5,5,5,5,5,5,3,4,3,3,3,3,3,3,1
2197,4,2024,1,41,0,0,0,1,1,0,0,0,0,1,1,1,2,2,1,2,7,1,4,1,3,6,1,1,1
2198,4,2024,1,53,1,1,3,0,1,0,0,0,0,5,5,6,5,5,5,4,5,5,5,5,4,4,6,5,0
2199,4,2024,0,33,0,0,1,0,0,0,0,1,0,1,1,1,1,1,1,7,1,1,1,1,1,1,1,1,1
2200,4,2024,0,70,1,1,3,0,0,1,0,0,0,6,6,6,6,6,6,6,2,6,2,2,2,2,2,2,0
2201,4,2024,1,70,1,1,0,1,1,0,0,0,0,7,7,7,7,6,6,3,1,6,2,1,5,1,4,2,0
2202,4,2024,1,39,1,0,2,0,1,0,0,0,0,2,2,4,5,4,1,7,1,4,1,1,2,1,1,1,1
2203,4,2024,1,74,0,1,1,0,0,0,0,1,0,1,5,5,7,1,1,7,4,7,4,4,4,4,4,4,1
2204,4,2024,1,55,0,0,1,0,0,0,0,1,0,5,1,4,3,1,1,4,3,2,4,2,5,1,1,1,1
2205,4,2024,1,54,1,1,0,1,1,0,0,0,0,4,4,4,4,4,2,4,4,4,4,4,4,5,4,4,1
2206,4,2024,1,29,1,0,0,1,1,0,0,0,0,4,5,5,5,5,3,4,4,5,4,4,5,4,4,4,0
2207,4,2024,0,25,0,0,3,0,1,0,0,0,0,1,1,1,1,1,1,5,4,1,2,1,5,5,1,1,1
2208,4,2024,1,73,1,1,5,0,1,0,0,0,0,4,2,2,6,6,4,1,1,1,1,1,4,2,1,1,0
2209,4,2024,1,46,1,1,5,0,1,0,0,0,0,5,5,2,3,7,1,5,4,4,4,1,4,4,1,1,1
2210,4,2024,0,45,0,1,2,0,1,0,0,0,0,7,6,6,5,5,2,5,4,3,3,1,4,2,3,4,0
2211,4,2024,1,45,1,1,3,0,1,0,0,0,0,4,5,5,6,5,4,5,4,4,4,4,3,3,4,4,1
2212,4,2024,0,38,0,0,1,0,1,0,0,0,0,6,1,1,3,6,5,5,3,4,1,1,4,1,1,1,0
2213,4,2024,1,52,1,1,4,0,1,0,0,0,0,5,1,4,5,7,4,7,1,5,1,1,4,1,1,1,0
2214,4,2024,1,57,1,0,2,0,1,0,0,0,0,2,5,4,5,3,3,2,7,1,1,1,3,1,1,3,1
2215,4,2024,0,52,0,0,0,1,0,0,0,1,0,1,1,4,5,2,5,7,5,1,7,4,4,5,6,1,1
2216,4,2024,1,72,1,1,4,0,0,0,0,1,0,4,4,5,6,4,4,6,3,4,3,3,4,3,3,3,1
2217,4,2024,0,51,1,0,5,0,0,1,0,0,0,5,4,5,6,5,1,5,4,4,4,1,2,1,1,1,1
2218,4,2024,0,49,0,0,2,0,1,0,0,0,0,5,5,5,4,5,5,5,4,2,4,1,7,1,1,6,0
2219,4,2024,0,65,1,1,0,1,0,1,0,0,0,4,5,5,6,5,5,4,2,4,3,2,5,2,1,1,1
2220,4,2024,1,75,1,1,2,0,1,0,0,0,0,6,6,6,7,6,6,7,1,7,1,1,1,1,1,1,0
2221,4,2024,0,65,1,1,3,0,0,1,0,0,0,4,4,4,4,4,4,4,4,4,4,4,4,4,4,4,1
2222,4,2024,1,60,1,0,4,0,1,0,0,0,0,4,3,4,4,4,4,4,4,4,3,3,3,4,3,3,1
2223,4,2024,0,43,1,1,0,1,1,0,0,0,0,2,2,5,3,4,1,5,3,4,2,1,3,2,1,1,1
2224,4,2024,1,61,1,1,3,0,0,0,0,0,1,4,4,4,4,4,4,4,4,4,4,4,4,4,4,4,1
2225,4,2024,0,60,1,1,4,0,0,1,0,0,0,4,4,4,5,5,3,5,2,5,1,1,4,2,1,1,1
2226,4,2024,0,38,1,1,0,1,1,0,0,0,0,1,1,4,5,4,1,5,4,1,1,1,1,1,1,1,1
2227,4,2024,1,54,0,0,1,0,0,0,0,1,0,4,5,5,6,2,1,7,1,7,1,1,1,1,1,1,1
2228,4,2024,0,50,0,0,1,0,1,0,0,0,0,5,5,5,5,5,4,4,4,4,4,4,4,4,4,3,1
2229,4,2024,1,73,1,0,2,0,0,1,0,0,0,5,5,5,5,1,1,6,6,4,4,2,5,4,2,1,1
2230,4,2024,1,43,1,1,5,0,1,0,0,0,0,1,1,1,7,1,1,1,2,7,2,2,1,2,1,2,1
2231,4,2024,1,52,0,0,0,1,1,0,0,0,0,7,6,6,6,7,3,2,1,5,1,1,4,1,1,1,0
2232,4,2024,0,54,0,1,0,1,1,0,0,0,0,3,4,4,5,3,2,6,4,4,5,4,4,4,4,4,1
2233,4,2024,0,52,1,1,3,0,1,0,0,0,0,1,2,4,3,5,1,6,6,5,4,2,6,3,2,4,1
2234,4,2024,0,29,1,0,5,0,1,0,0,0,0,5,5,6,6,5,1,7,5,5,2,5,3,3,3,3,1
2235,4,2024,1,64,0,0,5,0,1,0,0,0,0,5,7,5,7,5,1,7,6,4,3,1,4,3,1,1,1
2236,4,2024,0,53,1,1,4,0,1,0,0,0,0,5,5,5,5,5,3,4,3,5,4,3,4,3,3,4,0
2237,4,2024,0,30,0,1,2,0,1,0,0,0,0,4,4,4,4,4,4,4,4,4,4,4,4,4,4,4,0
2238,4,2024,1,46,1,1,4,0,1,0,0,0,0,6,7,3,6,5,5,3,2,5,2,2,3,3,2,2,1
2239,4,2024,0,39,1,0,2,0,1,0,0,0,0,1,1,1,1,2,1,1,5,1,1,1,7,1,1,1,0
2240,4,2024,1,40,1,1,3,0,1,0,0,0,0,1,1,1,1,1,1,1,1,1,1,1,1,1,1,1,1
2241,4,2024,1,51,0,1,3,0,1,0,0,0,0,1,4,4,2,1,1,1,2,2,2,2,2,2,2,2,1
2242,4,2024,1,59,0,0,0,1,1,0,0,0,0,5,5,4,3,4,3,3,4,4,5,3,4,4,4,4,1
2243,4,2024,1,47,0,0,0,1,1,0,0,0,0,1,1,1,7,1,1,1,1,1,1,1,7,1,1,1,0
2244,4,2024,0,63,1,1,2,0,0,1,0,0,0,2,7,5,2,5,5,3,2,3,5,1,2,1,1,1,1
2245,4,2024,0,36,0,0,2,0,1,0,0,0,0,3,3,3,3,4,4,4,5,2,4,4,4,4,4,4,1
2246,4,2024,1,49,1,0,5,0,1,0,0,0,0,5,6,6,4,6,1,4,5,4,3,2,4,3,3,3,1
2247,4,2024,0,51,1,1,5,0,0,1,0,0,0,4,2,5,5,4,3,3,1,5,1,1,2,1,1,1,0
2248,4,2024,1,61,1,1,5,0,1,0,0,0,0,6,5,5,5,6,3,5,2,5,2,2,2,2,2,2,0
2249,4,2024,1,56,0,0,2,0,1,0,0,0,0,3,1,2,5,1,1,1,1,4,1,1,3,2,1,1,1
2250,4,2024,0,64,0,1,0,1,0,0,0,1,0,1,1,1,1,1,1,1,1,1,1,1,1,1,1,1,1
2251,4,2024,0,62,1,1,0,1,1,0,0,0,0,4,5,5,5,6,2,5,3,5,3,2,3,3,2,2,0
2252,4,2024,1,40,1,1,2,0,1,0,0,0,0,1,5,1,7,1,1,2,7,1,7,1,7,1,1,1,1
2253,4,2024,0,41,1,1,2,0,1,0,0,0,0,2,3,4,3,2,2,3,3,2,2,2,2,3,3,3,1
2254,4,2024,1,53,1,1,3,0,1,0,0,0,0,5,5,5,5,5,5,5,4,5,5,5,7,4,4,5,1
2255,4,2024,0,60,1,1,1,0,0,1,0,0,0,5,1,4,3,5,1,5,3,4,4,3,4,3,4,1,1
2256,4,2024,0,55,1,1,5,0,0,1,0,0,0,6,6,6,6,7,1,6,3,6,3,2,2,3,2,2,1
2257,4,2024,0,61,1,0,5,0,1,0,0,0,0,5,7,7,6,5,5,7,1,6,4,1,4,1,1,1,1
2258,4,2024,1,63,1,0,5,0,1,0,0,0,0,5,7,7,5,5,3,7,1,5,4,1,4,1,1,1,1
2259,4,2024,1,66,1,1,2,0,1,0,0,0,0,3,6,4,3,2,1,7,5,4,5,3,6,4,3,4,1
2260,4,2024,1,60,1,0,3,0,1,0,0,0,0,7,7,7,7,7,1,7,1,7,1,1,5,1,1,1,1
2261,4,2024,1,50,1,1,4,0,1,0,0,0,0,2,1,2,6,4,1,4,2,6,2,2,2,4,1,1,0
2262,4,2024,1,40,0,0,3,0,1,0,0,0,0,4,4,3,4,4,4,4,4,4,4,5,3,4,4,4,1
2263,4,2024,0,51,1,1,3,0,1,0,0,0,0,6,5,5,4,7,4,7,5,4,6,5,5,4,7,6,1
2264,4,2024,0,33,0,0,2,0,1,0,0,0,0,1,1,1,1,1,1,1,2,1,2,2,2,2,2,2,1
2265,4,2024,0,44,1,1,3,0,1,0,0,0,0,5,1,5,5,7,1,5,1,5,1,1,3,1,1,1,1
2266,4,2024,1,62,1,0,3,0,1,0,0,0,0,3,2,3,5,2,1,5,4,3,5,4,4,4,4,5,1
2267,4,2024,1,48,1,1,4,0,1,0,0,0,0,4,5,3,4,4,3,4,2,4,2,4,3,3,3,3,1
2268,4,2024,1,61,0,0,1,0,0,0,0,1,0,2,2,4,5,1,1,1,5,5,5,6,4,3,6,6,1
2269,4,2024,0,44,0,0,0,1,1,0,0,0,0,3,3,2,4,3,2,2,1,4,1,1,3,1,1,1,1
2270,4,2024,0,52,1,0,2,0,0,0,0,1,0,1,5,4,6,1,1,1,1,5,1,1,1,1,1,1,1
2271,4,2024,0,46,1,0,4,0,1,0,0,0,0,5,6,5,4,6,1,7,1,5,1,1,3,2,1,1,1
2272,4,2024,0,54,1,1,4,0,1,0,0,0,0,4,5,7,5,5,1,7,1,6,1,1,1,1,1,7,0
2273,4,2024,0,55,1,1,3,0,1,0,0,0,0,6,7,7,7,7,1,7,2,7,1,1,4,1,1,1,0
2274,4,2024,1,51,0,0,2,0,1,0,0,0,0,4,1,1,5,5,1,5,1,4,1,1,5,1,1,5,1
2275,4,2024,1,68,1,1,3,0,1,0,0,0,0,5,5,5,6,5,5,7,2,6,5,4,3,1,5,4,0
2276,4,2024,0,46,1,1,3,0,1,0,0,0,0,1,1,4,5,4,4,4,5,4,4,2,5,5,1,3,1
2277,4,2024,1,74,0,0,0,1,0,0,0,1,0,5,5,5,6,6,1,1,3,5,4,2,4,4,4,3,1
2278,4,2024,0,31,1,1,5,0,1,0,0,0,0,4,3,4,4,3,4,3,2,4,1,1,2,2,1,1,0
2279,4,2024,1,36,1,1,3,0,1,0,0,0,0,1,1,1,1,1,1,1,1,1,1,1,1,1,1,1,1
2280,4,2024,0,41,1,1,5,0,1,0,0,0,0,6,7,7,5,5,1,5,5,5,4,4,4,5,4,4,1
2281,4,2024,0,54,1,1,5,0,0,1,0,0,0,4,1,5,4,5,1,3,5,4,3,3,5,2,3,2,1
2282,4,2024,1,60,0,0,0,1,1,0,0,0,0,1,5,3,1,5,1,6,1,2,1,1,4,1,1,1,1
2283,4,2024,1,50,0,0,1,0,0,0,0,1,0,4,4,4,4,4,4,4,4,4,4,4,4,4,4,4,1
2284,4,2024,0,34,0,0,0,1,0,0,0,1,0,4,7,5,4,4,4,4,1,4,1,1,4,1,1,1,0
2285,4,2024,1,67,1,1,3,0,1,0,0,0,0,3,6,3,7,3,3,5,4,4,2,7,4,2,1,1,1
2286,4,2024,1,65,1,1,2,0,1,0,0,0,0,4,5,5,6,4,4,5,2,5,2,1,2,2,2,1,1
2287,4,2024,0,33,1,1,0,1,1,0,0,0,0,5,1,5,5,6,4,4,4,4,4,4,4,4,4,4,0
2288,4,2024,0,55,1,1,4,0,1,0,0,0,0,2,2,2,4,5,4,5,2,4,2,2,4,2,2,2,0
2289,4,2024,1,32,1,1,3,0,1,0,0,0,0,4,5,4,5,5,4,4,4,5,5,5,5,5,3,4,1
2290,4,2024,0,49,0,1,0,1,1,0,0,0,0,5,4,3,5,6,2,4,4,4,4,3,4,2,1,1,1
2291,4,2024,0,37,1,1,5,0,1,0,0,0,0,5,5,5,5,5,4,6,3,6,3,3,4,2,3,3,0
2292,4,2024,0,53,1,1,5,0,1,0,0,0,0,5,5,6,6,5,5,2,3,4,3,3,3,2,3,3,0
2293,4,2024,0,55,1,0,3,0,0,1,0,0,0,2,5,6,3,6,1,7,4,3,5,1,4,6,1,1,1
2294,4,2024,0,75,0,0,1,0,0,0,0,1,0,4,4,5,4,1,1,5,4,2,3,2,5,5,2,2,1
2295,4,2024,0,62,1,1,1,0,1,0,0,0,0,4,7,6,1,7,1,6,3,4,4,1,7,3,1,6,1
2296,4,2024,0,27,1,1,0,1,1,0,0,0,0,1,1,1,1,1,1,1,7,1,1,1,7,7,1,7,1
2297,4,2024,0,27,0,0,0,1,1,0,0,0,0,7,2,5,3,7,5,5,3,5,1,1,1,1,1,1,0
2298,4,2024,0,52,1,1,3,0,0,1,0,0,0,2,1,3,5,5,1,2,3,3,2,2,4,3,2,2,0
2299,4,2024,0,38,0,0,3,0,1,0,0,0,0,1,1,1,1,1,1,1,1,1,1,1,1,1,1,1,1
2300,4,2024,0,92,0,0,4,0,0,1,0,0,0,4,2,5,4,4,4,4,4,5,4,4,4,4,4,3,0
2301,4,2024,1,45,0,0,3,0,1,0,0,0,0,7,2,3,1,6,1,5,1,4,1,1,2,1,1,1,1
2302,4,2024,0,67,0,1,2,0,1,0,0,0,0,4,3,4,6,2,1,7,4,4,3,1,5,4,4,4,1
2303,4,2024,1,46,0,0,3,0,1,0,0,0,0,3,3,3,4,3,1,6,7,2,6,5,6,4,6,4,1
2304,4,2024,1,62,0,0,1,0,1,0,0,0,0,5,4,5,5,7,1,7,2,7,1,1,1,1,1,1,0
2305,4,2024,1,53,0,0,3,0,1,0,0,0,0,5,5,5,7,4,2,1,4,5,1,1,5,5,1,4,1
2306,4,2024,1,41,0,0,0,1,1,0,0,0,0,4,4,5,4,4,4,4,4,4,4,4,4,4,4,4,1
2307,4,2024,1,45,1,1,0,1,1,0,0,0,0,7,3,5,7,7,1,1,1,7,1,1,1,1,1,1,0
2308,4,2024,1,39,1,1,0,1,1,0,0,0,0,1,5,2,2,5,1,1,5,3,4,1,4,4,1,4,1
2309,4,2024,1,46,1,1,2,0,1,0,0,0,0,4,6,4,6,3,2,1,4,4,4,4,5,4,4,4,1
2310,4,2024,0,29,1,1,2,0,0,1,0,0,0,4,1,1,3,7,1,7,5,5,1,1,4,1,1,1,1
2311,4,2024,0,42,1,0,0,1,1,0,0,0,0,3,4,3,2,4,3,4,3,2,3,2,5,3,3,2,1
2312,4,2024,1,77,1,0,0,1,0,0,0,1,0,5,5,4,6,5,1,5,3,5,3,2,3,3,2,1,1
2313,4,2024,0,38,1,1,4,0,1,0,0,0,0,1,2,1,2,1,2,1,2,1,1,1,1,2,2,2,1
2314,4,2024,0,43,1,1,5,0,1,0,0,0,0,1,6,6,6,6,1,1,1,4,1,1,1,1,1,1,1
2315,4,2024,1,48,0,0,3,0,1,0,0,0,0,4,4,4,3,4,3,3,4,3,3,3,3,3,3,4,1
2316,4,2024,1,57,0,0,0,1,0,0,0,1,0,1,1,1,1,1,1,1,1,1,1,1,1,1,1,1,1
2317,4,2024,0,39,0,0,4,0,1,0,0,0,0,3,3,3,1,3,3,3,6,1,5,5,4,5,5,5,1
2318,4,2024,0,43,1,1,1,0,0,0,0,0,1,5,1,1,1,1,1,1,7,1,1,1,1,1,1,1,1
2319,4,2024,1,57,1,1,5,0,1,0,0,0,0,4,6,4,5,5,1,6,4,5,3,2,4,2,3,3,1
2320,4,2024,0,53,1,1,5,0,0,1,0,0,0,1,4,6,5,6,5,6,5,5,2,1,1,2,1,3,1
2321,4,2024,1,58,1,1,5,0,1,0,0,0,0,4,4,4,4,4,4,4,4,4,4,4,4,4,4,4,1
2322,4,2024,1,56,1,1,0,1,1,0,0,0,0,5,5,5,4,4,4,4,4,4,4,4,4,4,4,4,1
2323,4,2024,0,49,1,1,0,1,0,1,0,0,0,3,3,3,3,3,3,2,2,3,2,2,3,3,3,3,1
2324,4,2024,1,54,1,1,3,0,1,0,0,0,0,5,4,1,7,6,4,1,1,5,1,1,4,1,5,1,0
2325,4,2024,0,27,0,0,2,0,1,0,0,0,0,5,5,5,3,7,7,7,1,6,1,1,1,1,1,1,0
2326,4,2024,0,32,0,0,3,0,1,0,0,0,0,1,1,4,2,4,1,5,4,2,4,4,4,4,4,4,1
2327,4,2024,0,45,1,1,5,0,0,1,0,0,0,4,4,4,4,6,1,2,3,5,1,1,2,2,1,1,0
2328,4,2024,1,60,1,1,2,0,1,0,0,0,0,1,1,1,4,1,1,1,1,1,1,1,1,1,1,1,1
2329,4,2024,0,39,0,0,1,0,1,0,0,0,0,1,1,1,1,1,1,5,1,1,4,4,1,1,1,1,1
2330,4,2024,1,48,0,0,3,0,1,0,0,0,0,4,3,4,3,3,4,3,4,4,3,4,4,4,3,4,0
2331,4,2024,1,81,1,1,1,0,0,0,0,1,0,5,6,6,6,5,4,6,2,6,3,2,4,2,2,2,0
2332,4,2024,1,63,0,1,0,1,1,0,0,0,0,4,3,2,3,3,2,3,2,3,3,3,3,3,2,3,1
2333,4,2024,0,72,0,0,3,0,1,0,0,0,0,6,6,6,5,7,5,6,6,5,6,5,4,5,5,6,0
2334,4,2024,1,65,1,1,2,0,1,0,0,0,0,5,2,5,5,5,5,2,2,5,1,1,4,2,1,1,1
2335,4,2024,0,33,1,1,4,0,0,1,0,0,0,1,1,5,1,7,5,3,1,5,1,1,1,1,1,1,0
2336,4,2024,0,59,1,1,0,1,0,1,0,0,0,4,4,4,4,4,4,4,4,4,4,4,4,4,4,4,1
2337,4,2024,0,41,0,1,0,1,0,1,0,0,0,4,4,4,4,4,4,4,4,4,4,4,4,4,4,4,0
2338,4,2024,1,53,1,0,2,0,1,0,0,0,0,1,5,3,4,1,1,5,5,4,1,1,6,1,1,1,1
2339,4,2024,1,53,1,1,5,0,1,0,0,0,0,6,5,4,5,6,1,2,1,3,2,1,1,2,2,2,0
2340,4,2024,1,47,1,1,5,0,1,0,0,0,0,4,5,4,4,5,5,5,4,4,5,5,4,4,4,4,1
2341,4,2024,0,51,0,0,0,1,1,0,0,0,0,5,5,5,5,5,4,5,5,5,5,5,6,5,4,5,1
2342,4,2024,1,50,0,0,5,0,1,0,0,0,0,4,4,4,4,4,4,4,4,4,4,4,4,4,4,4,0
2343,4,2024,1,49,0,0,1,0,0,0,0,1,0,1,1,1,7,1,1,7,4,1,4,4,7,4,4,4,1
2344,4,2024,1,39,0,0,2,0,0,0,0,1,0,1,1,1,1,1,1,1,1,1,1,1,1,1,1,1,1
2345,4,2024,0,41,0,0,4,0,1,0,0,0,0,5,3,3,5,5,2,2,4,4,1,1,3,1,1,1,1
2346,4,2024,0,32,1,1,2,0,0,1,0,0,0,4,3,3,5,3,2,5,4,5,3,5,5,4,5,5,0
2347,4,2024,0,49,1,1,0,1,0,0,0,0,1,4,4,4,4,4,4,4,5,4,5,5,4,4,5,5,1
2348,4,2024,0,39,1,1,5,0,1,0,0,0,0,4,4,4,4,4,4,4,4,4,4,4,4,4,4,4,1
2349,4,2024,1,56,0,0,5,0,1,0,0,0,0,5,5,5,4,4,2,5,4,4,3,3,4,4,3,3,1
2350,4,2024,1,46,1,1,5,0,1,0,0,0,0,5,3,5,5,7,5,5,1,4,4,1,3,1,1,1,0
2351,4,2024,1,54,0,0,4,0,1,0,0,0,0,4,4,4,4,4,4,4,4,4,4,4,4,4,4,4,1
2352,4,2024,1,61,0,0,2,0,1,0,0,0,0,5,4,4,2,1,1,6,6,1,7,5,7,4,6,5,1
2353,4,2024,0,30,1,1,3,0,1,0,0,0,0,1,2,3,3,2,2,1,4,5,5,1,3,3,2,4,1
2354,4,2024,1,55,1,0,4,0,1,0,0,0,0,4,4,4,4,4,4,4,4,4,4,4,4,4,4,4,1
2355,4,2024,1,35,0,0,0,1,0,0,0,0,1,2,2,2,3,3,2,7,4,1,2,4,5,4,4,5,1
2356,4,2024,1,63,0,0,0,1,1,0,0,0,0,1,1,1,1,1,1,1,1,1,1,1,1,1,1,1,1
2357,4,2024,0,36,1,0,5,0,1,0,0,0,0,2,2,4,3,2,2,2,2,1,3,1,2,3,2,1,1
2358,4,2024,0,57,0,0,2,0,0,0,0,0,1,1,5,6,7,5,1,5,4,3,6,1,5,3,1,4,1
2359,4,2024,0,46,1,0,4,0,1,0,0,0,0,4,4,5,5,6,1,5,5,3,3,2,5,2,2,4,1
2360,4,2024,0,44,0,0,3,0,1,0,0,0,0,4,4,4,4,4,4,4,4,4,4,4,4,4,4,4,0
2361,4,2024,0,39,0,0,3,0,1,0,0,0,0,3,2,3,5,5,1,7,6,5,7,5,2,1,2,1,0
2362,4,2024,1,36,0,0,4,0,1,0,0,0,0,5,4,3,4,3,3,7,4,4,2,4,3,4,4,5,1
2363,4,2024,1,71,1,1,3,0,1,0,0,0,0,5,6,7,6,6,5,6,1,7,5,2,4,1,1,1,0
2364,4,2024,1,41,0,0,0,1,1,0,0,0,0,3,1,3,6,6,1,5,2,4,2,1,5,1,1,1,1
2365,4,2024,0,45,0,1,2,0,0,0,0,1,0,4,4,4,4,3,4,5,3,4,4,4,5,4,5,4,1
2366,4,2024,1,54,1,1,0,1,1,0,0,0,0,4,7,4,4,4,4,4,4,4,4,4,4,4,4,4,0
2367,4,2024,0,37,0,0,5,0,1,0,0,0,0,4,4,4,4,4,4,4,4,4,4,4,4,4,4,4,1
2368,4,2024,1,63,1,1,3,0,1,0,0,0,0,3,3,4,2,5,4,5,3,4,1,1,2,2,2,2,0
2369,4,2024,1,55,0,0,3,0,1,0,0,0,0,4,4,5,4,5,4,6,4,4,4,3,5,4,4,5,1
2370,4,2024,1,41,1,1,3,0,1,0,0,0,0,5,1,2,3,6,1,5,2,4,1,1,2,1,1,1,0
2371,4,2024,0,46,1,1,2,0,0,0,0,0,1,3,1,2,3,6,5,7,6,4,5,2,5,2,1,3,0
2372,4,2024,1,35,1,1,4,0,1,0,0,0,0,4,4,4,4,4,4,4,4,4,4,4,4,4,4,4,0
2373,4,2024,0,59,0,0,2,0,1,0,0,0,0,6,6,6,6,6,1,2,2,4,1,1,4,2,1,1,1
2374,4,2024,1,71,1,1,4,0,0,0,0,1,0,6,7,7,7,6,6,5,1,6,1,1,1,1,1,1,0
2375,4,2024,1,48,1,1,4,0,1,0,0,0,0,3,4,4,4,4,4,4,4,4,3,4,4,3,4,4,0
2376,4,2024,0,40,1,1,0,1,1,0,0,0,0,3,1,1,5,3,1,4,4,2,4,2,3,3,2,2,1
2377,4,2024,0,31,1,1,5,0,1,0,0,0,0,5,6,6,5,6,5,6,1,6,1,1,1,2,1,1,0
2378,4,2024,1,53,0,0,0,1,1,0,0,0,0,1,1,1,1,1,1,1,1,1,1,1,1,1,1,1,1
2379,4,2024,1,66,1,0,2,0,1,0,0,0,0,5,1,5,4,5,1,7,4,7,4,1,1,1,1,1,0
2380,4,2024,0,33,0,0,3,0,1,0,0,0,0,4,4,5,3,7,4,3,2,3,1,1,1,1,1,1,1
2381,4,2024,1,55,1,1,4,0,1,0,0,0,0,5,7,6,4,2,3,6,6,2,2,1,5,5,2,2,0
2382,4,2024,1,53,1,1,5,0,1,0,0,0,0,5,5,3,6,4,5,5,6,5,5,6,5,5,6,6,0
2383,4,2024,0,39,0,0,2,0,1,0,0,0,0,5,1,5,6,2,1,6,4,4,4,4,2,4,4,3,1
2384,4,2024,1,69,1,1,4,0,1,0,0,0,0,5,7,6,7,7,6,5,2,6,2,1,4,2,1,2,1
2385,4,2024,1,70,1,1,3,0,1,0,0,0,0,1,1,4,1,1,1,5,1,1,1,1,5,1,1,1,1
2386,4,2024,1,68,1,1,5,0,1,0,0,0,0,6,6,6,6,6,1,6,1,6,2,2,1,1,2,1,0
2387,4,2024,1,45,0,0,0,1,1,0,0,0,0,5,6,4,4,4,3,4,4,4,4,4,4,4,4,4,1
2388,4,2024,1,60,1,0,3,0,1,0,0,0,0,5,5,4,5,5,1,1,2,5,1,1,4,2,1,1,1
2389,4,2024,1,34,1,0,3,0,1,0,0,0,0,5,5,5,5,5,5,5,6,5,5,5,6,5,5,6,1
2390,4,2024,1,54,0,0,4,0,1,0,0,0,0,4,7,2,7,2,1,7,1,4,1,1,2,1,1,1,0
2391,4,2024,0,59,1,1,5,0,0,1,0,0,0,4,4,4,3,5,4,4,2,3,4,3,3,3,3,3,1
2392,4,2024,1,55,1,1,5,0,1,0,0,0,0,5,5,4,4,4,4,5,5,4,5,4,5,5,4,4,1
2393,4,2024,1,51,1,1,5,0,1,0,0,0,0,4,4,3,4,3,4,4,4,3,4,5,3,3,4,4,1
2394,4,2024,0,43,1,1,0,1,1,0,0,0,0,5,1,5,3,4,1,7,5,4,1,1,4,1,1,1,1
2395,4,2024,0,33,1,1,0,1,0,1,0,0,0,2,3,6,5,7,3,6,6,6,1,1,2,2,1,1,0
2396,4,2024,0,50,1,1,0,1,1,0,0,0,0,1,1,4,6,7,7,7,1,1,1,1,1,1,1,1,0
2397,4,2024,0,78,1,1,2,0,0,1,0,0,0,5,5,3,6,5,5,6,1,5,1,1,4,1,1,1,1
2398,4,2024,1,42,1,1,5,0,1,0,0,0,0,4,6,5,4,7,6,5,1,5,1,1,1,1,1,1,0
2399,4,2024,1,57,1,1,5,0,1,0,0,0,0,4,2,6,5,4,3,2,1,6,2,1,2,2,1,1,0
2400,4,2024,0,32,1,1,3,0,0,0,0,0,1,3,3,6,7,3,3,5,6,4,1,1,4,3,1,1,1
2401,4,2024,1,43,1,1,5,0,1,0,0,0,0,5,7,1,6,4,1,1,2,4,2,1,2,1,1,1,1
2402,4,2024,1,23,0,0,2,0,1,0,0,0,0,5,5,4,5,6,5,5,1,6,1,1,1,1,1,1,0
2403,4,2024,0,44,0,0,0,1,1,0,0,0,0,3,2,3,4,3,3,7,4,4,4,4,4,4,4,4,0
2404,4,2024,0,75,0,1,2,0,0,1,0,0,0,6,6,6,6,6,6,6,1,7,4,5,2,2,4,1,0
2405,4,2024,0,51,1,1,5,0,1,0,0,0,0,4,5,5,4,5,1,5,4,5,4,2,4,4,2,2,1
2406,4,2024,0,64,1,1,3,0,1,0,0,0,0,5,5,5,5,5,2,3,3,5,5,2,4,3,1,1,1
2407,4,2024,1,58,0,1,5,0,1,0,0,0,0,5,6,6,6,6,1,7,1,6,1,1,1,1,1,2,1
2408,4,2024,0,35,1,0,0,1,0,1,0,0,0,3,3,4,2,3,4,3,3,2,3,2,3,2,3,3,0
2409,4,2024,0,67,0,0,0,1,0,0,0,1,0,1,1,1,6,3,3,6,1,4,5,1,1,1,4,1,1
2410,4,2024,0,31,0,0,0,1,1,0,0,0,0,6,5,5,5,7,7,5,1,6,2,1,4,1,1,1,0
2411,4,2024,0,63,1,1,0,1,0,1,0,0,0,4,6,5,6,5,5,5,3,5,4,1,4,1,1,1,0
2412,4,2024,0,62,1,0,0,1,0,1,0,0,0,5,4,5,5,5,1,5,5,4,3,2,4,1,3,4,1
2413,4,2024,1,56,1,1,5,0,1,0,0,0,0,1,1,1,6,5,1,1,4,5,1,4,4,4,4,4,1
2414,4,2024,1,59,1,1,5,0,1,0,0,0,0,4,2,4,4,4,2,3,5,4,4,4,5,4,4,2,0
2415,4,2024,0,58,0,0,1,0,0,0,0,1,0,6,1,2,3,1,1,5,3,3,3,1,5,6,1,1,1
2416,4,2024,1,49,0,0,4,0,1,0,0,0,0,1,1,6,6,1,1,2,6,6,6,6,6,2,6,6,1
2417,4,2024,0,30,1,1,3,0,1,0,0,0,0,4,3,4,4,5,3,5,2,4,2,1,4,4,1,1,0
2418,4,2024,1,59,1,1,5,0,1,0,0,0,0,1,1,1,1,1,1,1,1,1,1,1,1,1,1,1,1
2419,4,2024,1,50,0,0,4,0,1,0,0,0,0,4,4,4,4,4,4,4,4,4,4,4,4,4,4,4,1
2420,4,2024,0,66,1,1,3,0,1,0,0,0,0,2,3,5,7,7,1,7,1,7,1,1,4,1,1,1,0
2421,4,2024,1,46,0,0,1,0,1,0,0,0,0,5,4,5,5,2,2,6,2,5,5,2,4,2,5,4,1
2422,4,2024,1,69,1,1,5,0,1,0,0,0,0,5,2,5,5,5,3,5,2,4,2,2,2,2,2,2,1
2423,4,2024,0,77,1,1,0,1,0,1,0,0,0,5,5,5,5,5,4,5,3,5,3,3,3,3,3,3,0
2424,4,2024,0,69,0,1,2,0,0,0,0,1,0,5,7,7,7,4,4,7,1,7,1,1,1,1,1,1,1
2425,4,2024,0,57,1,0,2,0,0,1,0,0,0,6,6,6,5,6,2,6,2,5,2,2,4,2,2,3,0
2426,4,2024,0,50,0,0,2,0,0,0,0,1,0,6,4,5,5,5,4,7,5,4,5,5,5,4,7,4,0
2427,4,2024,0,54,1,1,0,1,1,0,0,0,0,4,5,5,6,5,3,5,1,5,1,1,1,1,1,1,0
2428,4,2024,0,72,1,1,0,1,0,1,0,0,0,5,5,6,6,6,1,7,1,6,1,1,2,1,1,1,0
2429,4,2024,1,61,1,1,3,0,1,0,0,0,0,5,2,4,7,1,1,7,5,4,5,3,4,4,3,5,1
2430,4,2024,0,52,1,0,3,0,0,1,0,0,0,3,1,5,6,4,1,6,1,5,1,1,1,7,1,1,1
2431,4,2024,0,39,0,0,1,0,0,0,0,1,0,4,7,4,1,4,5,7,3,1,3,2,5,1,3,3,1
2432,4,2024,0,51,1,1,5,0,0,1,0,0,0,1,5,7,7,5,1,6,4,2,2,1,4,4,1,1,1
2433,4,2024,0,48,1,1,2,0,1,0,0,0,0,3,2,4,6,5,1,1,5,4,1,1,4,2,1,1,0
2434,4,2024,0,44,1,1,4,0,1,0,0,0,0,2,4,4,5,2,1,5,4,4,3,1,3,2,1,1,1
2435,4,2024,0,60,0,0,2,0,1,0,0,0,0,4,5,4,6,4,4,4,4,4,4,4,4,4,4,4,0
2436,4,2024,1,36,0,0,5,0,1,0,0,0,0,4,5,4,5,5,1,7,2,4,2,2,3,3,2,4,1
2437,4,2024,1,54,1,1,5,0,1,0,0,0,0,6,5,5,6,6,6,6,1,6,1,1,1,1,1,1,0
2438,4,2024,1,58,1,1,5,0,1,0,0,0,0,1,2,1,2,1,2,1,1,1,2,1,1,1,1,1,0
2439,4,2024,1,60,1,1,0,1,1,0,0,0,0,1,1,1,1,1,1,1,1,1,1,1,1,1,1,1,1
2440,4,2024,1,69,1,1,4,0,1,0,0,0,0,5,4,4,4,5,2,6,2,5,5,2,5,3,2,2,0
2441,4,2024,0,49,0,0,0,1,0,0,0,1,0,6,5,6,4,6,6,4,4,4,5,4,4,4,5,5,1
2442,4,2024,0,52,0,1,2,0,0,0,0,1,0,1,4,4,3,5,1,6,4,2,4,2,5,4,5,4,1
2443,4,2024,0,55,1,1,5,0,0,1,0,0,0,6,5,5,7,4,1,3,1,5,1,1,1,1,1,1,0
2444,4,2024,1,38,1,1,4,0,1,0,0,0,0,6,6,4,7,5,1,5,1,6,1,1,2,1,1,1,1
2445,4,2024,0,24,0,0,2,0,1,0,0,0,0,6,6,1,7,7,6,7,1,7,1,1,6,4,1,1,0
2446,4,2024,1,57,1,1,5,0,1,0,0,0,0,1,1,1,1,1,1,1,1,1,1,1,1,1,1,2,1
2447,4,2024,1,53,1,1,0,1,1,0,0,0,0,4,4,4,5,4,5,5,4,5,5,4,5,4,4,4,1
2448,4,2024,1,73,1,1,3,0,0,0,0,1,0,3,2,3,3,2,3,3,3,3,3,2,2,3,3,3,1
2449,4,2024,0,70,1,1,4,0,0,1,0,0,0,7,6,6,6,6,4,7,3,6,5,4,4,3,4,3,0
2450,4,2024,0,54,1,0,0,1,0,0,0,1,0,2,6,5,2,2,5,7,5,3,5,3,6,4,2,5,1
2451,4,2024,1,47,0,0,2,0,1,0,0,0,0,6,6,7,6,6,5,6,1,6,1,1,4,2,1,1,0
2452,4,2024,1,75,1,1,5,0,1,0,0,0,0,3,3,3,6,3,1,4,2,5,2,1,7,2,1,4,0
2453,4,2024,0,31,1,0,0,1,1,0,0,0,0,2,4,5,6,4,1,5,5,4,2,1,1,1,1,1,0
2454,4,2024,0,67,1,0,3,0,0,1,0,0,0,4,4,4,4,4,4,4,4,4,4,4,4,4,4,4,1
2455,4,2024,1,69,1,1,5,0,1,0,0,0,0,5,2,5,6,6,4,3,2,4,2,2,2,2,2,2,0
2456,4,2024,1,66,1,1,3,0,1,0,0,0,0,1,1,1,1,1,1,1,1,1,2,1,1,1,1,1,1
2457,4,2024,0,31,0,0,0,1,0,0,0,1,0,3,4,4,3,2,3,4,4,5,4,4,2,3,4,5,1
2458,4,2024,1,58,0,1,5,0,1,0,0,0,0,5,5,5,5,4,5,5,3,4,3,3,4,3,3,3,1
2459,4,2024,0,48,1,1,5,0,1,0,0,0,0,5,5,5,6,7,3,3,1,7,1,1,1,1,1,1,0
2460,4,2024,0,61,0,0,0,1,0,0,0,0,1,4,5,4,5,3,1,1,5,1,1,1,7,4,1,7,1
2461,4,2024,1,50,1,1,5,0,1,0,0,0,0,1,1,1,1,1,1,1,1,1,1,1,1,1,1,1,0
2462,4,2024,1,61,0,1,4,0,1,0,0,0,0,1,5,5,3,7,1,7,4,7,2,6,4,4,1,1,1
2463,4,2024,0,31,0,0,4,0,1,0,0,0,0,2,2,2,5,1,5,4,5,2,5,4,4,4,3,4,1
2464,4,2024,0,42,1,1,5,0,0,1,0,0,0,4,2,5,6,5,1,1,1,4,1,1,1,1,1,1,0
2465,4,2024,1,54,1,0,5,0,1,0,0,0,0,4,5,2,4,3,5,3,3,5,2,3,3,2,2,5,1
2466,4,2024,0,27,0,0,0,1,1,0,0,0,0,1,1,1,1,1,1,1,1,1,1,1,1,1,1,1,0
2467,4,2024,1,71,1,1,2,0,0,0,0,1,0,4,5,5,4,2,5,5,1,4,1,1,1,1,1,1,1
2468,4,2024,0,63,1,1,0,1,1,0,0,0,0,4,4,4,6,5,1,5,4,4,4,4,3,1,4,1,0
2469,4,2024,0,58,1,1,5,0,1,0,0,0,0,1,1,1,1,1,1,1,1,1,1,1,1,1,1,1,0
2470,4,2024,0,33,0,0,4,0,1,0,0,0,0,6,6,6,7,7,7,1,1,7,1,1,1,1,1,1,0
2471,4,2024,0,80,0,1,1,0,0,0,0,1,0,7,7,6,5,5,4,5,4,6,4,4,2,4,2,4,0
2472,4,2024,1,43,0,0,3,0,1,0,0,0,0,7,7,7,7,7,1,7,1,7,7,1,1,1,1,1,1
2473,4,2024,0,35,0,0,3,0,1,0,0,0,0,5,6,5,6,6,6,3,2,5,2,2,2,2,2,2,0
2474,4,2024,1,56,0,0,1,0,0,0,0,1,0,6,1,3,3,2,3,7,4,4,1,1,4,4,1,1,1
2475,4,2024,1,52,0,0,3,0,1,0,0,0,0,4,3,4,4,4,4,7,2,4,1,3,3,1,1,1,1
2476,4,2024,0,55,1,1,1,0,0,1,0,0,0,6,7,7,4,6,6,7,5,4,4,5,4,4,4,5,1
2477,4,2024,0,40,0,0,3,0,1,0,0,0,0,3,5,5,7,5,1,6,1,1,1,1,3,1,1,1,1
2478,4,2024,1,53,1,1,3,0,1,0,0,0,0,4,4,4,4,4,4,4,4,4,4,4,4,4,4,4,1
2479,4,2024,1,25,0,0,4,0,0,0,0,1,0,7,1,1,1,6,5,1,1,1,1,1,1,5,1,1,1
2480,4,2024,1,48,0,0,3,0,0,0,0,0,1,6,5,6,3,6,7,6,3,6,2,1,4,2,1,1,1
2481,4,2024,0,48,0,0,2,0,1,0,0,0,0,5,5,5,6,5,1,5,5,7,3,1,6,4,1,1,0
2482,4,2024,1,31,0,0,2,0,1,0,0,0,0,1,1,1,2,1,1,1,1,1,1,1,1,1,1,1,1
2483,4,2024,0,47,1,1,4,0,1,0,0,0,0,4,4,4,6,5,1,7,6,3,1,1,4,2,1,1,1
2484,4,2024,0,37,1,0,0,1,1,0,0,0,0,4,4,4,4,4,3,3,4,3,3,3,3,4,3,3,1
2485,4,2024,0,62,0,1,1,0,1,0,0,0,0,4,6,4,7,7,1,5,1,5,1,1,2,1,1,1,1
2486,4,2024,0,64,1,1,5,0,1,0,0,0,0,5,6,6,3,7,7,7,2,6,5,2,4,1,3,2,0
2487,4,2024,0,34,0,0,0,1,1,0,0,0,0,1,1,4,4,4,1,1,6,2,1,1,2,1,1,1,1
2488,4,2024,0,32,1,1,3,0,0,1,0,0,0,2,2,2,1,4,2,2,1,1,1,1,1,1,1,1,1
2489,4,2024,0,71,1,1,3,0,0,1,0,0,0,4,7,6,5,5,3,7,3,5,4,1,4,4,1,1,0
2490,4,2024,1,58,0,0,2,0,1,0,0,0,0,6,6,6,6,6,6,5,1,5,1,1,4,1,1,1,0
2491,4,2024,1,58,0,0,0,1,0,0,0,1,0,1,1,1,1,1,1,7,4,1,5,1,4,1,6,4,1
2492,4,2024,1,51,1,1,5,0,1,0,0,0,0,5,6,5,5,7,5,6,2,6,1,1,2,2,1,1,0
2493,4,2024,1,30,0,0,2,0,1,0,0,0,0,4,3,2,3,4,3,4,3,2,3,4,4,3,3,4,1
2494,4,2024,1,44,1,1,2,0,1,0,0,0,0,3,3,5,5,4,4,5,4,5,4,4,5,3,5,5,1
2495,4,2024,0,57,1,1,0,1,1,0,0,0,0,6,1,5,5,5,3,5,1,5,1,1,1,1,1,1,0
2496,4,2024,0,54,0,0,0,1,1,0,0,0,0,4,4,4,4,4,4,4,4,4,4,4,4,4,4,4,1
2497,4,2024,0,43,1,1,5,0,1,0,0,0,0,5,5,6,5,4,5,5,6,5,5,6,6,6,6,6,1
2498,4,2024,1,48,0,0,5,0,1,0,0,0,0,1,1,1,1,1,3,1,1,2,3,1,3,2,1,3,1
2499,4,2024,0,42,1,1,3,0,1,0,0,0,0,4,3,3,4,3,3,3,3,4,3,4,4,4,4,4,1
2500,4,2024,1,64,0,0,1,0,1,0,0,0,0,2,3,2,5,2,2,5,1,6,2,2,1,1,3,1,1
2501,4,2024,1,71,1,1,2,0,0,0,0,1,0,5,7,6,6,5,4,7,4,6,3,3,4,5,3,4,1
2502,4,2024,1,70,1,1,5,0,1,0,0,0,0,6,6,6,7,6,2,5,1,6,1,1,2,1,1,1,0
2503,4,2024,1,59,1,1,5,0,1,0,0,0,0,2,1,2,2,1,2,2,1,1,1,1,2,1,1,1,1
2504,4,2024,1,62,1,0,1,0,0,0,0,1,0,4,6,6,7,4,2,6,1,4,6,4,2,1,4,5,1
2505,4,2024,1,72,1,1,3,0,1,0,0,0,0,7,7,3,7,6,6,3,1,7,1,1,1,1,1,1,0
2506,4,2024,1,55,1,0,3,0,1,0,0,0,0,2,2,2,5,2,2,5,3,2,3,2,3,3,2,2,1
2507,4,2024,0,51,1,0,0,1,0,1,0,0,0,1,1,4,2,1,1,5,3,3,4,2,7,5,2,3,1
2508,4,2024,1,54,1,1,3,0,1,0,0,0,0,3,4,4,5,5,5,4,5,3,4,3,5,4,3,4,1
2509,4,2024,1,65,1,1,4,0,1,0,0,0,0,6,6,5,4,5,5,2,2,5,2,1,2,1,1,2,1
2510,4,2024,1,50,1,0,4,0,1,0,0,0,0,4,5,4,3,6,3,3,5,3,5,3,5,4,3,5,1
2511,4,2024,1,57,1,0,4,0,0,1,0,0,0,6,5,6,7,5,1,7,2,7,1,1,3,3,5,3,0
2512,4,2024,0,47,1,0,0,1,0,1,0,0,0,7,7,7,7,5,5,7,1,6,1,1,7,1,1,5,1
2513,4,2024,1,76,1,1,2,0,1,0,0,0,0,5,5,5,6,4,4,5,4,4,3,3,1,2,2,2,1
2514,4,2024,1,57,1,1,5,0,1,0,0,0,0,4,5,5,1,1,1,1,1,1,1,1,1,1,1,1,1
2515,4,2024,0,39,0,0,0,1,1,0,0,0,0,5,5,2,3,4,1,4,4,4,4,4,4,4,4,4,1
2516,4,2024,1,56,0,0,3,0,1,0,0,0,0,5,6,6,4,4,4,6,4,5,3,4,5,4,5,4,1
2517,4,2024,1,52,0,0,0,1,1,0,0,0,0,4,7,4,6,4,1,5,6,3,1,1,7,2,2,7,1
2518,4,2024,1,37,1,1,4,0,1,0,0,0,0,2,2,2,2,2,4,4,1,3,1,2,2,2,2,2,1
2519,4,2024,1,48,1,0,5,0,1,0,0,0,0,5,6,6,6,5,6,5,2,6,2,2,3,4,3,2,1
2520,4,2024,1,36,0,0,0,1,1,0,0,0,0,4,4,4,4,4,4,4,4,4,4,4,4,4,4,4,1
2521,4,2024,0,53,0,0,0,1,1,0,0,0,0,3,5,5,5,5,1,5,2,5,1,1,2,1,1,1,1
2522,4,2024,1,33,1,1,3,0,1,0,0,0,0,1,1,1,5,5,1,7,6,5,5,1,5,3,3,3,1
2523,4,2024,1,63,1,1,3,0,1,0,0,0,0,6,5,4,5,3,2,2,2,3,2,1,1,1,1,1,1
2524,4,2024,1,66,0,1,2,0,0,0,0,0,1,4,4,4,4,4,4,4,4,4,4,4,5,4,4,4,1
2525,4,2024,0,32,1,0,2,0,0,1,0,0,0,4,5,5,3,4,4,7,4,3,4,3,3,3,3,4,1
2526,4,2024,1,63,1,1,5,0,1,0,0,0,0,4,5,5,3,5,5,2,4,5,4,4,4,4,4,4,0
2527,4,2024,1,51,0,0,3,0,1,0,0,0,0,7,6,4,7,5,1,4,1,4,1,1,1,1,1,1,0
2528,4,2024,0,54,0,0,2,0,1,0,0,0,0,1,1,5,7,1,1,1,1,1,1,1,1,1,1,1,1
2529,4,2024,1,81,1,1,2,0,0,0,0,1,0,2,5,5,6,4,2,4,6,5,4,2,2,2,2,2,1
2530,4,2024,0,47,1,1,2,0,0,1,0,0,0,4,2,5,6,5,3,3,5,4,2,2,3,3,2,3,1
2531,4,2024,0,47,1,1,3,0,1,0,0,0,0,4,2,2,2,3,3,3,3,3,2,4,3,3,4,3,0
2532,4,2024,0,49,1,1,3,0,0,1,0,0,0,1,3,3,4,5,5,6,6,4,3,4,4,1,1,5,1
2533,4,2024,1,61,0,0,1,0,0,0,0,1,0,4,4,4,4,4,4,4,4,4,4,4,4,4,4,4,1
2534,4,2024,0,61,1,1,0,1,1,0,0,0,0,5,2,5,6,7,1,1,4,4,1,1,1,1,1,1,1
2535,4,2024,0,78,0,1,0,1,0,0,0,0,1,7,4,7,7,7,7,7,1,7,4,1,1,1,1,1,0
2536,4,2024,0,30,1,0,5,0,1,0,0,0,0,4,4,5,4,5,4,4,4,4,4,4,4,4,4,3,0
2537,4,2024,1,64,1,1,0,1,1,0,0,0,0,1,3,1,1,1,1,1,1,1,1,1,1,1,1,1,1
2538,4,2024,0,68,1,1,3,0,0,1,0,0,0,4,5,6,5,5,3,6,4,5,5,5,5,4,5,5,1
2539,4,2024,0,46,1,1,5,0,0,1,0,0,0,5,5,6,6,7,1,6,1,6,1,1,1,1,1,1,0
2540,4,2024,1,36,1,1,0,1,1,0,0,0,0,5,5,5,6,6,6,6,5,5,5,6,5,5,5,6,0
2541,4,2024,0,36,0,0,1,0,1,0,0,0,0,4,4,4,4,5,4,4,2,4,1,1,4,3,2,4,1
2542,4,2024,1,57,1,1,4,0,1,0,0,0,0,4,4,3,4,4,6,4,4,3,3,6,4,4,3,3,1
2543,4,2024,1,46,1,1,3,0,1,0,0,0,0,5,2,4,3,5,4,2,4,5,2,2,5,4,1,2,1
2544,4,2024,1,40,0,0,0,1,1,0,0,0,0,7,7,7,5,7,7,5,1,6,1,1,2,1,1,1,0
2545,4,2024,0,37,1,1,2,0,1,0,0,0,0,4,4,3,4,5,5,5,5,5,4,4,4,4,4,4,1
2546,4,2024,0,51,1,1,4,0,1,0,0,0,0,4,3,6,3,7,4,6,2,6,4,4,4,3,2,2,1
2547,4,2024,0,65,1,1,2,0,0,1,0,0,0,5,1,5,6,7,7,7,1,5,1,1,3,1,3,1,0
2548,4,2024,1,50,1,1,4,0,1,0,0,0,0,1,1,5,5,5,1,6,4,3,4,4,5,1,4,4,1
2549,4,2024,1,56,1,1,3,0,1,0,0,0,0,4,7,5,4,4,1,5,1,4,1,1,4,4,1,5,1
2550,4,2024,0,34,1,1,5,0,1,0,0,0,0,4,3,5,6,5,4,4,3,6,3,3,3,3,3,3,0
2551,4,2024,1,63,0,0,1,0,1,0,0,0,0,1,5,4,2,6,1,2,4,4,2,1,5,1,1,1,1
2552,4,2024,0,65,1,1,2,0,0,1,0,0,0,5,5,5,5,5,3,5,5,4,5,2,3,4,2,2,0
2553,4,2024,1,49,0,0,0,1,1,0,0,0,0,5,5,5,4,5,5,4,4,4,4,4,4,4,4,4,0
2554,4,2024,1,79,1,1,3,0,0,0,0,1,0,2,6,6,5,5,1,5,1,6,1,1,1,1,1,1,0
2555,4,2024,0,43,1,1,3,0,0,1,0,0,0,5,5,5,5,5,5,5,5,5,5,5,4,5,5,5,0
2556,4,2024,0,42,1,0,3,0,1,0,0,0,0,7,7,7,7,7,7,7,1,7,1,1,4,4,1,1,0
2557,4,2024,1,59,1,1,3,0,1,0,0,0,0,4,4,4,5,4,4,4,4,4,4,4,4,4,4,4,1
2558,4,2024,0,59,1,1,2,0,0,1,0,0,0,3,3,5,3,3,4,3,4,4,5,4,4,4,4,2,1
2559,4,2024,1,37,1,1,3,0,1,0,0,0,0,1,1,1,5,1,1,1,6,1,1,1,5,5,1,4,1
2560,4,2024,0,51,1,1,0,1,1,0,0,0,0,5,4,5,7,7,1,2,1,4,1,1,1,1,1,1,0
2561,4,2024,0,75,1,1,2,0,0,0,0,1,0,4,4,4,3,3,4,6,2,4,1,1,5,1,1,1,0
2562,4,2024,1,58,1,1,4,0,1,0,0,0,0,4,3,3,6,3,3,5,2,6,2,2,3,3,2,2,1
2563,4,2024,0,46,1,0,4,0,1,0,0,0,0,6,1,7,7,6,3,2,1,5,1,1,5,3,1,1,1
2564,4,2024,0,47,1,0,4,0,0,1,0,0,0,6,6,7,5,1,1,7,5,7,2,1,4,3,1,1,0
2565,4,2024,1,32,1,1,4,0,1,0,0,0,0,4,3,3,5,4,2,5,1,5,1,1,2,1,1,1,0
2566,4,2024,0,73,1,1,0,1,0,1,0,0,0,4,3,5,5,5,5,5,3,5,2,2,3,3,4,5,1
2567,4,2024,1,34,0,0,0,1,1,0,0,0,0,6,3,5,6,6,5,6,1,6,1,1,1,1,1,1,0
2568,4,2024,1,60,1,0,3,0,1,0,0,0,0,5,5,1,3,5,5,1,5,2,1,1,3,4,1,5,1
2569,4,2024,1,59,1,1,3,0,1,0,0,0,0,2,2,5,5,5,6,3,3,4,3,2,4,4,2,2,1
2570,4,2024,0,58,1,1,5,0,1,0,0,0,0,5,5,5,6,5,1,5,3,4,2,1,4,2,1,1,0
2571,4,2024,1,56,1,0,5,0,1,0,0,0,0,4,6,5,6,6,4,6,1,6,1,1,1,1,1,1,0
2572,4,2024,1,76,1,1,0,1,1,0,0,0,0,4,5,5,4,4,4,4,4,4,4,4,4,4,4,4,1
2573,4,2024,0,26,0,0,0,1,0,0,0,1,0,4,4,4,4,4,4,4,4,4,4,4,4,4,4,4,1
2574,4,2024,0,30,1,1,4,0,1,0,0,0,0,3,7,5,5,5,1,7,1,5,1,1,1,1,1,1,1
2575,4,2024,0,60,0,0,1,0,1,0,0,0,0,4,6,7,7,6,1,7,5,4,5,1,5,5,1,1,1
2576,4,2024,0,67,1,1,2,0,1,0,0,0,0,1,2,5,6,1,1,3,3,3,2,1,1,1,1,1,1
2577,4,2024,0,38,0,0,3,0,1,0,0,0,0,4,4,4,4,4,4,4,4,4,4,5,4,4,3,4,1
2578,4,2024,0,50,1,0,3,0,0,1,0,0,0,5,5,5,5,5,5,5,2,5,1,1,3,1,1,1,1
2579,4,2024,1,32,1,0,5,0,1,0,0,0,0,4,5,3,2,3,3,5,4,5,2,1,3,3,5,5,1
2580,4,2024,0,42,1,0,5,0,1,0,0,0,0,1,1,1,5,1,2,1,1,5,1,1,1,1,1,1,1
2581,4,2024,1,47,0,0,4,0,1,0,0,0,0,5,1,4,6,5,1,6,1,4,1,1,4,1,1,1,1
2582,4,2024,1,55,1,1,4,0,1,0,0,0,0,4,5,5,4,5,4,4,4,4,4,4,4,4,4,4,0
2583,4,2024,0,56,1,1,5,0,0,1,0,0,0,5,6,5,5,7,5,5,1,4,1,1,4,1,4,5,0
2584,4,2024,1,46,1,0,0,1,1,0,0,0,0,4,2,5,5,5,1,6,1,5,4,1,2,2,1,1,1
2585,4,2024,1,50,1,1,5,0,1,0,0,0,0,3,3,4,3,4,3,3,4,4,3,3,3,2,3,4,0
2586,4,2024,0,59,0,0,0,1,0,0,0,1,0,1,1,1,1,1,1,1,1,1,1,1,1,1,1,1,1
2587,4,2024,1,48,0,1,4,0,1,0,0,0,0,1,1,1,4,1,1,1,4,1,4,3,5,4,4,4,0
2588,4,2024,1,63,1,1,0,1,0,0,0,1,0,5,3,4,4,5,1,5,4,4,4,4,3,3,4,4,0
2589,4,2024,1,57,0,0,2,0,0,0,0,0,1,1,1,1,5,1,1,7,4,4,1,1,6,4,5,4,1
2590,4,2024,1,58,1,1,5,0,1,0,0,0,0,1,1,1,1,1,1,1,1,1,1,1,1,1,1,1,1
2591,4,2024,1,69,0,0,2,0,0,0,0,1,0,5,5,3,3,5,1,2,2,3,2,1,5,3,1,1,1
2592,4,2024,0,36,0,0,2,0,1,0,0,0,0,3,5,5,5,3,4,4,6,5,3,6,4,6,5,7,1
2593,4,2024,1,59,1,1,3,0,1,0,0,0,0,5,6,1,7,5,1,5,1,4,1,1,6,1,1,1,1
2594,4,2024,1,70,1,1,5,0,1,0,0,0,0,4,4,5,6,4,5,7,4,5,4,3,4,4,2,2,0
2595,4,2024,1,52,0,0,3,0,1,0,0,0,0,4,5,6,5,1,1,1,1,3,1,1,4,1,1,1,1
2596,4,2024,0,54,1,1,0,1,1,0,0,0,0,6,5,5,5,6,5,3,1,4,1,1,4,1,1,1,0
2597,4,2024,1,39,1,1,4,0,1,0,0,0,0,7,5,6,6,4,3,5,2,5,2,1,3,2,1,1,1
2598,4,2024,0,63,1,1,3,0,1,0,0,0,0,2,2,3,5,6,3,4,3,4,3,2,4,2,3,3,0
2599,4,2024,0,61,0,1,2,0,0,1,0,0,0,6,6,5,5,7,4,6,5,5,6,5,3,3,5,5,1
2600,4,2024,0,47,1,1,0,1,0,1,0,0,0,4,5,5,5,5,4,5,4,5,4,4,4,4,4,4,0
2601,4,2024,0,59,1,1,0,1,0,0,0,0,1,2,2,6,5,7,5,5,5,5,4,1,3,4,1,1,0
2602,4,2024,0,54,1,1,2,0,0,0,0,1,0,1,1,1,5,7,1,4,4,4,4,4,4,4,4,4,1
2603,4,2024,1,50,0,0,5,0,1,0,0,0,0,6,2,6,5,7,3,1,4,6,2,1,4,1,1,1,0
2604,4,2024,0,42,0,0,5,0,1,0,0,0,0,4,5,5,5,5,5,5,5,6,3,1,4,3,1,2,0
2605,4,2024,0,52,1,1,4,0,1,0,0,0,0,4,5,5,5,7,5,2,3,4,5,2,5,4,4,4,0
2606,4,2024,1,49,1,1,4,0,1,0,0,0,0,5,6,6,6,6,1,5,2,5,2,1,2,2,1,1,0
2607,4,2024,0,64,1,1,2,0,0,1,0,0,0,7,7,7,7,7,7,1,3,6,1,1,6,1,1,3,1
2608,4,2024,1,69,1,1,5,0,1,0,0,0,0,5,6,5,6,6,2,6,1,6,1,1,2,1,2,1,0
2609,4,2024,1,45,0,0,4,0,1,0,0,0,0,6,7,6,6,7,2,5,3,4,4,3,4,2,3,2,0
2610,4,2024,1,77,1,1,4,0,1,0,0,0,0,4,4,5,5,4,2,5,3,4,4,3,4,3,3,3,1
2611,4,2024,1,69,1,1,2,0,0,0,0,1,0,5,6,6,6,4,3,5,2,4,2,2,4,4,2,2,1
2612,4,2024,0,54,1,1,0,1,0,1,0,0,0,4,2,3,5,5,1,5,1,5,1,1,3,1,1,1,0
2613,4,2024,0,29,1,0,0,1,1,0,0,0,0,3,1,4,2,7,4,4,5,2,3,4,3,2,3,3,1
2614,4,2024,0,67,1,1,5,0,1,0,0,0,0,4,5,6,5,6,3,3,2,5,2,2,3,2,2,2,1
2615,4,2024,1,29,0,0,5,0,1,0,0,0,0,4,4,4,5,4,4,4,4,4,4,4,4,4,4,4,0
2616,4,2024,0,76,1,1,0,1,0,1,0,0,0,5,5,5,3,5,5,5,4,4,2,2,5,2,2,3,0
2617,4,2024,1,54,1,1,0,1,1,0,0,0,0,1,1,1,1,4,1,1,1,1,1,1,7,1,1,7,1
2618,4,2024,1,63,0,1,2,0,0,0,0,1,0,1,1,6,1,1,1,4,5,2,5,5,5,1,5,5,1
2619,4,2024,0,65,0,1,1,0,0,0,0,1,0,5,1,5,5,5,6,5,3,5,4,3,5,3,3,3,0
2620,4,2024,1,69,1,1,2,0,0,0,0,1,0,5,6,5,7,1,5,6,3,7,5,2,3,3,2,1,1
2621,4,2024,0,42,0,0,3,0,1,0,0,0,0,5,7,4,4,5,5,6,2,4,1,1,2,2,1,1,1
2622,4,2024,1,63,0,0,0,1,0,0,0,1,0,4,4,4,4,4,4,4,4,4,4,4,4,4,4,4,1
2623,4,2024,1,26,0,0,5,0,1,0,0,0,0,3,2,4,6,5,5,1,4,2,5,5,4,5,5,5,0
2624,4,2024,1,54,1,1,2,0,1,0,0,0,0,4,3,3,3,3,4,3,4,3,4,4,3,4,4,4,1
2625,4,2024,1,48,1,1,0,1,0,0,0,0,1,3,3,3,3,3,3,3,3,3,3,3,3,3,3,3,1
2626,4,2024,1,33,0,0,2,0,1,0,0,0,0,1,1,1,1,1,1,1,1,1,1,1,1,1,1,1,1
2627,4,2024,0,59,0,0,1,0,0,0,0,1,0,3,2,5,3,2,1,3,6,1,2,2,6,5,2,2,1
2628,4,2024,0,27,0,0,3,0,1,0,0,0,0,5,1,3,5,5,1,6,2,3,1,1,3,2,1,1,0
2629,4,2024,1,44,1,1,3,0,1,0,0,0,0,2,2,2,1,1,1,1,1,1,1,1,2,1,1,1,1
2630,4,2024,0,66,1,1,1,0,0,1,0,0,0,4,6,5,2,4,4,2,4,4,2,2,4,4,3,4,1
2631,4,2024,1,62,0,0,3,0,0,0,0,1,0,1,4,2,7,2,1,1,4,3,1,1,1,1,1,1,1
2632,4,2024,0,33,1,1,4,0,0,1,0,0,0,1,1,4,6,4,5,6,3,4,2,1,3,1,1,1,0
2633,4,2024,1,34,0,0,5,0,1,0,0,0,0,5,5,4,4,4,4,4,4,4,4,4,3,3,4,3,1
2634,4,2024,1,59,1,0,2,0,1,0,0,0,0,1,1,1,1,1,1,1,1,1,1,1,1,1,1,1,1
2635,4,2024,1,56,1,1,5,0,1,0,0,0,0,6,3,6,7,6,5,4,1,7,2,1,4,2,1,2,0
2636,4,2024,0,50,0,0,0,1,1,0,0,0,0,3,5,4,2,4,4,5,2,4,3,1,5,1,1,1,0
2637,4,2024,1,47,0,0,4,0,1,0,0,0,0,2,1,1,2,2,1,2,2,2,2,2,2,2,2,2,1
2638,4,2024,1,73,1,1,3,0,0,0,0,1,0,1,1,1,1,1,1,1,1,1,1,1,1,1,1,1,1
2639,4,2024,0,60,1,1,5,0,1,0,0,0,0,1,1,3,3,7,5,6,1,6,1,1,4,1,1,1,0
2640,4,2024,0,52,0,0,3,0,1,0,0,0,0,4,4,4,4,4,4,4,4,4,4,4,4,4,4,4,1
2641,4,2024,1,72,1,1,1,0,0,0,0,1,0,1,3,1,7,1,1,1,4,1,1,1,6,5,1,3,1
2642,4,2024,1,59,1,1,5,0,1,0,0,0,0,3,4,4,4,4,4,4,4,4,4,3,4,4,4,4,1
2643,4,2024,0,22,0,1,0,1,1,0,0,0,0,5,5,5,4,6,4,4,4,4,4,4,5,4,4,4,0
2644,4,2024,0,42,1,1,0,1,1,0,0,0,0,1,2,2,5,1,1,4,2,4,1,1,1,1,2,1,1
2645,4,2024,1,51,1,1,0,1,1,0,0,0,0,1,1,1,3,1,1,1,1,4,1,1,5,1,1,1,1
2646,4,2024,0,44,0,0,1,0,0,1,0,0,0,5,7,4,4,1,1,5,4,5,3,1,4,1,1,1,1
2647,4,2024,0,45,0,0,0,1,1,0,0,0,0,4,1,4,3,4,2,4,4,4,4,3,5,4,4,4,0
2648,4,2024,1,52,0,0,3,0,1,0,0,0,0,1,1,1,1,1,1,1,1,1,1,1,1,1,1,1,1
2649,4,2024,1,33,1,1,3,0,1,0,0,0,0,4,5,7,4,4,5,4,4,4,4,4,4,4,3,3,1
2650,4,2024,0,45,1,0,5,0,1,0,0,0,0,4,3,7,7,6,3,7,1,6,1,1,1,1,4,1,0
2651,4,2024,0,37,1,1,5,0,1,0,0,0,0,7,6,6,6,6,7,3,1,6,1,1,1,1,1,1,0
2652,4,2024,0,45,0,1,1,0,1,0,0,0,0,4,4,5,5,4,3,4,5,4,4,3,4,4,2,3,1
2653,4,2024,1,64,1,0,3,0,1,0,0,0,0,5,5,5,5,4,2,5,2,3,1,2,2,2,3,4,1
2654,4,2024,1,73,1,0,5,0,1,0,0,0,0,5,3,5,3,4,3,3,4,2,5,3,2,2,3,4,1
2655,4,2024,1,57,1,1,2,0,1,0,0,0,0,4,5,5,4,4,5,5,4,4,4,4,5,4,5,5,1
2656,4,2024,1,55,1,1,5,0,1,0,0,0,0,2,2,7,7,2,2,1,1,1,1,1,1,1,1,1,1
2657,4,2024,0,50,1,0,5,0,0,1,0,0,0,4,3,4,3,3,3,3,3,4,3,3,3,4,3,3,1
2658,4,2024,0,33,0,0,4,0,1,0,0,0,0,4,5,4,5,5,4,4,2,4,2,1,2,2,2,1,1
2659,4,2024,1,46,1,1,4,0,1,0,0,0,0,6,2,4,6,5,1,1,5,1,2,1,4,1,1,1,0
